종목코드,종목명,매출액_2023,매출액_2024,매출액_2025,매출액_2026,매출액_2027,매출액_2028,영업이익_2023,영업이익_2024,영업이익_2025,영업이익_2026,영업이익_2027,영업이익_2028,매출액_성장률_2025,매출액_성장률_2026,매출액_성장률_2027,매출액_성장률_2028,매출액_최대성장률,영업이익_성장률_2025,영업이익_성장률_2026,영업이익_성장률_2027,영업이익_성장률_2028,영업이익_최대성장률,데이터_가용성,가용_연도수,PER,PBR,ROE,평균거래량_20d,OBV_trend,RSI,저항선,지지선,MA_align,MACD_signal,외인_5d,외인_20d,기관_5d,기관_20d,시장,현재가,시가총액,Recent_Volume,거래량배수,업종
5930,삼성전자,2589355.0,3008709.0,3336059.0,6357613.0,,,65670.0,327260.0,436010.0,3172297.0,,,10.88,90.57,,,90.57,33.23,627.57,,,627.57,2년치 존재,2,36.84,1.51,10.85,23105808.0,up,58.9,226000.0,150400.0,up,bull,,,,,KOSPI,220500,12891044,20519819,0.9,반도체와반도체장비
660,SK하이닉스,327657.0,661930.0,971467.0,3277342.0,4465585.0,4600970.0,-77303.0,234673.0,472063.0,2469594.0,3352894.0,3382088.0,46.76,237.36,36.26,3.03,237.36,101.16,423.15,35.77,0.87,423.15,4년치 존재,4,,1.82,44.15,3752144.0,up,70.6,1300000.0,807000.0,up,bull,,,,,KOSPI,1286000,9165352,3227541,0.9,반도체와반도체장비
35720,카카오,75570.0,78640.0,80991.0,86589.0,93489.0,101279.0,4609.0,4953.0,7320.0,9186.0,11037.0,12254.0,2.99,6.91,7.97,8.33,8.33,47.79,25.49,20.15,11.03,47.79,4년치 존재,4,,2.44,4.59,1241252.0,down,43.2,62300.0,44850.0,mixed,bull,,,,,KOSPI,47300,209539,1480837,1.2,양방향미디어와서비스
5935,삼성전자우,2589355.0,3008709.0,3336059.0,6357613.0,,,65670.0,327260.0,436010.0,3172297.0,,,10.88,90.57,,,90.57,33.23,627.57,,,627.57,2년치 존재,2,36.84,1.51,10.85,3305644.0,up,63.0,163500.0,110100.0,up,bull,,,,,KOSPI,158300,1270154,4466311,1.4,반도체와반도체장비
34020,두산에너빌리티,175899.0,162331.0,170579.0,180193.0,199066.0,224736.0,14673.0,10176.0,7627.0,11235.0,15684.0,20733.0,5.08,5.64,10.47,12.9,12.9,-25.05,47.31,39.6,32.19,47.31,4년치 존재,4,183.04,1.43,1.11,3918681.0,up,70.4,129200.0,80600.0,up,bull,,,,,KOSPI,127100,814153,3380571,0.9,기계
12450,한화에어로스페이스,78897.0,112401.0,267029.0,304626.0,,,5943.0,17319.0,30893.0,42838.0,,,137.57,14.08,,,137.57,78.38,38.67,,,78.38,2년치 존재,2,7.98,1.85,19.14,195654.0,up,49.2,1537000.0,1105000.0,mixed,bear,,,,,KOSPI,1417000,730653,236243,1.2,우주항공과국방
32830,삼성생명,309370.0,337860.0,371383.0,,,,23984.0,24998.0,25805.0,30018.0,31999.0,31317.0,9.92,,,,9.92,3.23,16.33,6.6,-2.13,16.33,4년치 존재,4,7.29,0.29,4.96,292963.0,up,56.4,258000.0,179000.0,up,bear,,,,,KOSPI,249500,499000,247037,0.8,생명보험
6800,미래에셋증권,203566.0,222423.0,292830.0,340480.0,,,5210.0,11881.0,19151.0,31240.0,,,31.65,16.27,,,31.65,61.19,63.12,,,63.12,2년치 존재,2,18.04,0.42,12.36,2772204.0,down,46.7,73600.0,40050.0,mixed,bear,,,,,KOSPI,64800,362599,2433634,0.9,증권
267250,HD현대,613313.0,677656.0,712594.0,808260.0,,,20316.0,29832.0,60996.0,82225.0,,,5.16,13.43,,,13.43,104.47,34.8,,,104.47,2년치 존재,2,18.91,0.61,10.25,158194.0,up,71.8,310500.0,223000.0,up,bull,,,,,KOSPI,310500,245274,302406,1.9,조선
373220,LG에너지솔루션,337455.0,256196.0,236718.0,280112.0,,,21632.0,5754.0,13461.0,11451.0,,,-7.6,18.33,,,18.33,133.94,-14.93,,,133.94,2년치 존재,2,80.86,4.95,-5.19,464111.0,up,59.1,484500.0,347500.0,up,bull,,,,,KOSPI,460500,1077570,483228,1.0,전기제품
24110,기업은행,286238.0,324300.0,292172.0,,,,34323.0,35941.0,36556.0,37451.0,,,-9.91,,,,-9.91,1.71,2.45,,,2.45,2년치 존재,2,3.54,0.3,7.7,986031.0,up,52.0,28550.0,21350.0,mixed,bull,,,,,KOSPI,22600,180218,1296670,1.3,은행
6400,삼성SDI,214368.0,165922.0,132667.0,154990.0,,,15455.0,3633.0,-17224.0,-990.0,,,-20.04,16.83,,,16.83,-574.1,94.25,,,94.25,2년치 존재,2,16.63,1.72,-3.15,984716.0,up,78.1,712000.0,351000.0,up,bull,,,,,KOSPI,695000,560069,851227,0.9,전기제품
79550,LIG디펜스앤에어로스페이스,23086.0,32763.0,43069.0,50480.0,,,1864.0,2234.0,3194.0,4431.0,,,31.46,17.21,,,31.46,42.97,38.73,,,42.97,2년치 존재,2,16.41,2.7,19.2,426200.0,up,57.7,1020000.0,427000.0,up,bear,,,,,KOSPI,941000,207020,244235,0.6,우주항공과국방
5490,POSCO홀딩스,771272.0,726881.0,690949.0,718303.0,,,35314.0,21736.0,18271.0,31087.0,,,-4.94,3.96,,,3.96,-15.94,70.14,,,70.14,2년치 존재,2,24.88,0.7,1.18,494077.0,up,76.4,469000.0,321500.0,up,bull,,,,,KOSPI,462000,366096,568870,1.2,철강
96770,SK이노베이션,772885.0,742696.0,802961.0,994446.0,,,19039.0,3557.0,4487.0,43079.0,,,8.11,23.85,,,23.85,26.15,860.08,,,860.08,2년치 존재,2,53.47,0.61,-14.42,722780.0,up,70.4,149800.0,105600.0,up,bull,,,,,KOSPI,146200,247155,1134227,1.6,석유와가스
10120,LS ELECTRIC,42305.0,45518.0,49658.0,60994.0,,,3249.0,3897.0,4264.0,6451.0,,,9.1,22.83,,,22.83,9.42,51.29,,,51.29,2년치 존재,2,10.66,1.25,14.67,1172887.0,up,34.6,886000.0,179200.0,,bull_cross,,,,,KOSPI,278000,417000,1162813,1.0,전기장비
12330,현대모비스,592544.0,572370.0,611181.0,651990.0,697419.0,734933.0,22953.0,30735.0,33575.0,37204.0,42210.0,45000.0,6.78,6.68,6.97,5.38,6.97,9.24,10.81,13.46,6.61,13.46,4년치 존재,4,6.52,0.53,7.68,267496.0,down,50.8,529000.0,378000.0,mixed,bull,,,,,KOSPI,425000,385613,317288,1.2,자동차부품
402340,SK스퀘어,22785.0,58818.0,104556.0,55113.0,64358.0,88216.0,-23397.0,39206.0,87974.0,320573.0,360385.0,393380.0,77.76,-47.29,16.77,37.07,77.76,124.39,264.4,12.42,9.16,264.4,4년치 존재,4,,0.47,37.82,515185.0,up,78.4,841000.0,466500.0,up,bull,,,,,KOSPI,841000,1109770,569005,1.1,복합기업
9540,HD한국조선해양,212962.0,255386.0,299332.0,337981.0,368549.0,394576.0,2823.0,14341.0,39045.0,53797.0,64828.0,73136.0,17.21,12.91,9.04,7.06,17.21,172.26,37.78,20.5,12.82,172.26,4년치 존재,4,38.59,0.86,17.78,210032.0,up,63.1,479000.0,344000.0,up,bull,,,,,KOSPI,461500,326618,161199,0.8,조선
11200,HMM,84010.0,117002.0,108914.0,103662.0,101610.0,101733.0,5848.0,35128.0,14612.0,9366.0,8430.0,5932.0,-6.91,-4.82,-1.98,0.12,0.12,-58.4,-35.9,-9.99,-29.63,-9.99,4년치 존재,4,10.71,0.63,6.9,1111571.0,down,46.2,24500.0,19530.0,down,bear,,,,,KOSPI,20500,193364,1013500,0.9,해운사
68270,셀트리온,21764.0,35573.0,41625.0,52790.0,60820.0,66228.0,6515.0,4920.0,11685.0,17311.0,20889.0,24002.0,17.01,26.82,15.21,8.89,26.82,137.5,48.15,20.67,14.9,137.5,4년치 존재,4,55.43,2.52,5.94,427946.0,down,46.9,248500.0,188300.0,mixed,bull,,,,,KOSPI,200500,444986,468819,1.1,제약
298040,효성중공업,43006.0,48950.0,59685.0,71109.0,83877.0,95392.0,2578.0,3625.0,7470.0,10942.0,15339.0,19331.0,21.93,19.14,17.96,13.73,21.93,106.07,46.48,40.18,26.03,106.07,4년치 존재,4,13.02,1.4,24.41,53123.0,up,77.1,3982000.0,2211000.0,up,bull,,,,,KOSPI,3912000,364776,54058,1.0,전기장비
66570,LG전자,822627.0,877282.0,892009.0,936846.0,973012.0,1013915.0,36533.0,34197.0,24784.0,37965.0,42330.0,52323.0,1.68,5.03,3.86,4.2,5.03,-27.53,53.18,11.5,23.61,53.18,4년치 존재,4,25.82,0.93,4.28,1151395.0,up,67.3,146700.0,96600.0,up,bull,,,,,KOSPI,140900,229507,4599708,4.0,전자제품
64350,현대로템,35874.0,43766.0,58390.0,69443.0,82430.0,90266.0,2100.0,4566.0,10056.0,11719.0,16184.0,18520.0,33.41,18.93,18.7,9.51,33.41,120.24,16.54,38.1,14.43,120.24,4년치 존재,4,18.03,1.73,30.05,921868.0,up,76.0,268500.0,168900.0,up,bull,,,,,KOSPI,268500,293047,1479575,1.6,우주항공과국방
207940,삼성바이오로직스,36946.0,34971.0,45570.0,53529.0,62271.0,71691.0,11137.0,13214.0,20692.0,25223.0,29190.0,32268.0,30.31,17.47,16.33,15.13,30.31,56.59,21.9,15.73,10.54,56.59,4년치 존재,4,92.82,8.1,19.44,49461.0,down,35.8,1778000.0,1470000.0,down,bear,,,,,KOSPI,1470000,680477,44392,0.9,제약
35420,NAVER,96706.0,107377.0,120350.0,134006.0,147665.0,157491.0,14888.0,19793.0,22081.0,24490.0,28004.0,29697.0,12.08,11.35,10.19,6.65,12.08,11.56,10.91,14.35,6.05,14.35,4년치 존재,4,36.25,1.45,7.36,653445.0,up,46.7,269000.0,195800.0,mixed,bull,,,,,KOSPI,211000,330959,307,0.0,양방향미디어와서비스
17670,SK텔레콤,176085.0,179406.0,170992.0,177339.0,180969.0,184901.0,17532.0,18234.0,10732.0,18945.0,20187.0,21451.0,-4.69,3.71,2.05,2.17,3.71,-41.14,76.53,6.56,6.26,76.53,4년치 존재,4,10.03,0.93,3.33,1035652.0,down,57.6,100500.0,69100.0,up,bear,,,,,KOSPI,95100,204265,1143836,1.1,무선통신서비스
272210,한화시스템,24525.0,28037.0,36642.0,43328.0,49540.0,54374.0,1226.0,2193.0,1199.0,2952.0,4845.0,6089.0,30.69,18.25,14.34,9.76,30.69,-45.33,146.21,64.13,25.68,146.21,4년치 존재,4,9.39,1.52,6.6,1012738.0,down,39.1,162700.0,92900.0,mixed,bear,,,,,KOSPI,117300,221602,765071,0.8,우주항공과국방
55550,신한지주,613326.0,740643.0,646820.0,,,,61008.0,64587.0,70234.0,75758.0,80047.0,85087.0,-12.67,,,,-12.67,8.74,7.87,5.66,6.3,8.74,4년치 존재,4,4.78,0.38,8.72,983696.0,up,60.6,106000.0,82500.0,up,bear_cross,,,,,KOSPI,99900,474180,1518212,1.5,은행
15760,한국전력,882195.0,933989.0,974293.0,984306.0,997537.0,1021029.0,-45416.0,83647.0,134906.0,136375.0,157657.0,158116.0,4.32,1.03,1.34,2.36,4.32,61.28,1.09,15.61,0.29,61.28,4년치 존재,4,,0.34,19.4,2456612.0,down,41.8,64300.0,39900.0,mixed,bull,,,,,KOSPI,43550,279575,2510970,1.0,전기유틸리티
33780,KT&G,58626.0,59088.0,65797.0,68912.0,72159.0,75351.0,11673.0,11888.0,13437.0,14850.0,16070.0,17017.0,11.35,4.73,4.71,4.42,11.35,13.03,10.52,8.22,5.89,13.03,4년치 존재,4,13.14,1.07,11.77,251786.0,up,70.7,179700.0,151600.0,up,bull,,,,,KOSPI,178300,204468,201945,0.8,담배
51910,LG화학,552498.0,486998.0,459322.0,496767.0,576548.0,629165.0,25292.0,8749.0,11809.0,8712.0,36689.0,54003.0,-5.68,8.15,16.06,9.13,16.06,34.98,-26.23,321.13,47.19,321.13,4년치 존재,4,29.2,1.21,-5.5,322318.0,up,64.7,417500.0,290000.0,up,bull,,,,,KOSPI,397000,280252,283039,0.9,화학
316140,우리금융지주,419863.0,466167.0,415484.0,,,,34990.0,42552.0,36748.0,43464.0,47944.0,51143.0,-10.87,,,,-10.87,-13.64,18.28,10.31,6.67,18.28,4년치 존재,4,3.84,1.0,8.91,1749058.0,down,46.3,40800.0,30100.0,down,bear,,,,,KOSPI,33350,244814,2335356,1.3,은행
86790,하나금융지주,696936.0,816143.0,689436.0,,,,46934.0,48552.0,53509.0,59850.0,62816.0,66145.0,-15.53,,,,-15.53,10.21,11.85,4.96,5.3,11.85,4년치 존재,4,3.74,0.32,9.17,764549.0,up,69.3,131300.0,103300.0,up,bull,,,,,KOSPI,127900,350916,949529,1.2,은행
9150,삼성전기,88924.0,102941.0,113145.0,129489.0,147819.0,166507.0,6605.0,7350.0,9133.0,14544.0,20739.0,26457.0,9.91,14.45,14.16,12.64,14.45,24.26,59.25,42.59,27.57,59.25,4년치 존재,4,28.11,1.47,7.7,716111.0,up,79.9,839000.0,283000.0,up,bull,,,,,KOSPI,832000,621452,905254,1.3,전자장비와기기
10130,고려아연,97045.0,120529.0,165879.0,218195.0,228522.0,241852.0,6599.0,7235.0,12319.0,20726.0,20574.0,21279.0,37.63,31.54,4.73,5.83,37.63,70.27,68.24,-0.73,3.43,70.27,4년치 존재,4,19.06,1.1,8.48,50256.0,down,45.4,2115000.0,1422000.0,mixed,bear_cross,,,,,KOSPI,1579000,329584,123969,2.5,비철금속
810,삼성화재,208247.0,226570.0,247785.0,,,,23573.0,26496.0,26591.0,29128.0,31382.0,32690.0,9.36,,,,9.36,0.36,9.54,7.74,4.17,9.54,4년치 존재,4,7.31,0.69,10.97,138119.0,down,46.9,618000.0,440500.0,down,bull,,,,,KOSPI,461000,205825,145614,1.1,손해보험
267260,HD현대일렉트릭,27028.0,33223.0,40795.0,47011.0,54780.0,64025.0,3152.0,6690.0,9953.0,12526.0,15523.0,18859.0,22.79,15.24,16.53,16.88,22.79,48.77,25.85,23.93,21.49,48.77,4년치 존재,4,11.43,2.82,41.5,163620.0,up,68.8,1306000.0,832000.0,up,bull,,,,,KOSPI,1252000,451310,152813,0.9,전기장비
105560,KB금융,775064.0,850764.0,812307.0,,,,63850.0,80453.0,85177.0,90398.0,93074.0,96094.0,-4.52,,,,-4.52,5.87,6.13,2.96,3.24,6.13,4년치 존재,4,4.77,0.36,9.98,974450.0,down,59.6,168800.0,133700.0,up,bull,,,,,KOSPI,160500,598425,1396269,1.4,은행
10140,삼성중공업,80094.0,99031.0,106500.0,127238.0,143598.0,156894.0,2333.0,5027.0,8622.0,15900.0,20150.0,24007.0,7.54,19.47,12.86,9.26,19.47,71.51,84.41,26.73,19.14,84.41,4년치 존재,4,,1.92,13.73,5999277.0,up,61.3,34400.0,23500.0,up,bull,,,,,KOSPI,32350,284680,4422860,0.7,조선
34730,SK,1287985.0,1233997.0,1227033.0,1246779.0,1283441.0,1322620.0,47540.0,23960.0,18185.0,52847.0,60521.0,61543.0,-0.56,1.61,2.94,3.05,3.05,-24.1,190.61,14.52,1.69,190.61,4년치 존재,4,,0.48,6.35,157574.0,up,73.4,425000.0,299500.0,up,bull,,,,,KOSPI,425000,308136,230762,1.5,석유와가스
150,두산,191301.0,181329.0,197841.0,215138.0,240446.0,275922.0,14363.0,10038.0,10627.0,16891.0,22899.0,30631.0,9.11,8.74,11.76,14.75,14.75,5.87,58.94,35.57,33.77,58.94,4년치 존재,4,,1.03,4.99,83741.0,up,73.3,1596000.0,828000.0,up,bull,,,,,KOSPI,1596000,258454,108590,1.3,복합기업
5380,현대차,1626636.0,1752312.0,1862545.0,1943974.0,2022567.0,2110227.0,151269.0,142396.0,114679.0,120775.0,133944.0,144524.0,6.29,4.37,4.04,4.33,6.29,-19.46,5.32,10.9,7.9,10.9,4년치 존재,4,4.67,0.58,8.41,1001550.0,up,53.2,674000.0,445500.0,mixed,bull,,,,,KOSPI,531000,1087264,1150241,1.1,자동차
42700,한미반도체,1590.0,5589.0,5767.0,,,,346.0,2554.0,2514.0,,,,3.18,,,,3.18,-1.57,,,,-1.57,1년치 존재,1,22.48,10.45,34.76,1037458.0,up,71.1,373500.0,187100.0,up,bull,,,,,KOSPI,368000,350749,2575384,2.5,반도체와반도체장비
42660,한화오션,74083.0,107760.0,127835.0,136233.0,152938.0,167487.0,-1965.0,2379.0,11676.0,17778.0,22467.0,27789.0,18.63,6.57,12.26,9.51,18.63,390.79,52.26,26.38,23.69,390.79,4년치 존재,4,33.15,1.79,22.59,2053001.0,down,53.3,149900.0,108500.0,mixed,bull,,,,,KOSPI,131800,403853,1166948,0.6,조선
28260,삼성물산,418957.0,421032.0,407422.0,441918.0,470251.0,495471.0,28702.0,29834.0,32927.0,36847.0,41774.0,45322.0,-3.23,8.47,6.41,5.36,8.47,10.37,11.91,13.37,8.49,13.37,4년치 존재,4,10.95,0.62,6.02,373745.0,down,50.3,360000.0,253500.0,up,bull,,,,,KOSPI,298500,484074,451057,1.2,복합기업
270,기아,998084.0,1074488.0,1141409.0,1228548.0,1287085.0,1341476.0,116079.0,126671.0,90781.0,100991.0,111413.0,119019.0,6.23,7.63,4.76,4.23,7.63,-28.33,11.25,10.32,6.83,11.25,4년치 존재,4,4.59,0.85,12.92,1058518.0,down,45.4,206000.0,145200.0,down,bull,,,,,KOSPI,151800,592647,1185702,1.1,자동차
720,현대건설,296514.0,326703.0,310629.0,271441.0,286178.0,305369.0,7854.0,-12634.0,6530.0,8264.0,11112.0,14027.0,-4.92,-12.62,5.43,6.71,6.71,151.69,26.55,34.46,26.23,151.69,4년치 존재,4,7.32,0.48,4.58,1527720.0,down,46.8,188700.0,98800.0,mixed,bear,,,,,KOSPI,161800,180174,1235854,0.8,건설
3670,포스코퓨처엠,47599.0,36999.0,29387.0,31231.0,43017.0,53594.0,359.0,7.0,328.0,830.0,1974.0,3190.0,-20.57,6.27,37.74,24.59,37.74,4585.71,153.05,137.83,61.6,4585.71,4년치 존재,4,968.71,11.83,0.92,362563.0,up,61.4,263000.0,185200.0,up,bull,,,,,KOSPI,252000,224144,425977,1.2,화학
329180,HD현대중공업,119639.0,144865.0,175806.0,239508.0,259501.0,276209.0,1786.0,7052.0,20375.0,34595.0,41848.0,46010.0,21.36,36.23,8.35,6.44,36.23,188.93,69.79,20.97,9.95,188.93,4년치 존재,4,463.89,2.2,18.82,479128.0,up,75.2,690000.0,439000.0,mixed,bull,,,,,KOSPI,685000,718984,27,0.0,조선
86280,현대글로비스,256832.0,284074.0,295664.0,320311.0,,,15540.0,17529.0,20730.0,21972.0,,,4.08,8.34,,,8.34,18.26,5.99,,,18.26,2년치 존재,2,6.77,0.93,18.13,193210.0,up,49.9,290500.0,207500.0,mixed,bull,,,,,KOSPI,227000,170250,238287,1.2,항공화물운송과물류
278470,에이피알,5238.0,7228.0,15273.0,25682.0,,,1042.0,1227.0,3655.0,6395.0,,,111.3,68.15,,,111.3,197.88,74.97,,,197.88,2년치 존재,2,17.59,35.64,75.3,298707.0,down,59.2,459000.0,256500.0,up,bull,,,,,KOSPI,424500,158925,365671,1.2,화장품
47810,한국항공우주,38193.0,36337.0,36964.0,56648.0,,,2475.0,2407.0,2692.0,4908.0,,,1.73,53.25,,,53.25,11.84,82.32,,,82.32,2년치 존재,2,21.76,3.05,10.51,683746.0,down,39.9,202000.0,158300.0,mixed,bear,,,,,KOSPI,169000,164733,947951,1.4,우주항공과국방
30200,KT,263763.0,264312.0,282442.0,277772.0,,,16498.0,8095.0,24691.0,21309.0,,,6.86,-1.65,,,6.86,205.02,-13.7,,,205.02,2년치 존재,2,8.85,0.51,10.22,434799.0,down,48.0,68900.0,54900.0,mixed,bear,,,,,KOSPI,60900,153481,268244,0.6,다각화된통신서비스
47050,포스코인터내셔널,331328.0,322610.0,323736.0,332108.0,,,11631.0,11578.0,11653.0,13467.0,,,0.35,2.59,,,2.59,0.65,15.57,,,15.57,2년치 존재,2,16.28,1.74,9.27,879090.0,up,68.4,87300.0,59000.0,up,bull,,,,,KOSPI,87300,153581,1420585,1.6,무역회사와판매업체
10950,S-Oil,357267.0,366370.0,342470.0,428420.0,,,13546.0,4222.0,2356.0,25042.0,,,-6.52,25.1,,,25.1,-44.2,962.9,,,962.9,2년치 존재,2,8.55,0.9,2.01,561125.0,up,66.7,141300.0,97700.0,up,bull,,,,,KOSPI,134500,151424,753766,1.3,석유와가스
11070,LG이노텍,206053.0,212008.0,218966.0,241726.0,,,8308.0,7060.0,6650.0,10756.0,,,3.28,10.39,,,10.39,-5.81,61.74,,,61.74,2년치 존재,2,30.0,1.2,6.14,302328.0,up,79.1,592000.0,232500.0,up,bull,,,,,KOSPI,573000,135613,285504,0.9,전자장비와기기
6260,LS,244807.0,275447.0,318700.0,373955.0,,,8997.0,10729.0,10526.0,13890.0,,,15.7,17.34,,,17.34,-1.89,31.96,,,31.96,2년치 존재,2,6.88,0.54,5.64,195637.0,up,78.1,453000.0,196700.0,up,bull,,,,,KOSPI,453000,141336,354410,1.8,전기장비
47040,대우건설,116478.0,105036.0,80546.0,81017.0,,,6625.0,4031.0,-8154.0,5964.0,,,-23.32,0.58,,,0.58,-302.28,173.14,,,173.14,2년치 존재,2,3.37,0.42,-23.89,44763396.0,up,74.1,37150.0,4855.0,up,bull,,,,,KOSPI,35000,143818,11628803,0.3,건설
5387,현대차2우B,1626636.0,1752312.0,1862545.0,1943974.0,,,151269.0,142396.0,114679.0,120775.0,,,6.29,4.37,,,6.29,-19.46,5.32,,,5.32,2년치 존재,2,4.67,0.58,8.41,198411.0,down,48.3,323500.0,232500.0,mixed,bull,,,,,KOSPI,248000,86711,191958,1.0,자동차
3550,LG,74453.0,71755.0,72525.0,81723.0,,,15890.0,9668.0,9122.0,17085.0,,,1.07,12.68,,,12.68,-5.65,87.29,,,87.29,2년치 존재,2,10.92,0.51,2.64,230721.0,up,62.6,107700.0,82800.0,up,bull,,,,,KOSPI,99100,152834,363782,1.6,복합기업
5940,NH투자증권,103712.0,100342.0,136989.0,191980.0,,,7258.0,9011.0,14206.0,19891.0,,,36.52,40.14,,,40.14,57.65,40.02,,,57.65,2년치 존재,2,6.51,0.47,11.76,773990.0,down,49.2,39200.0,25150.0,up,bear,,,,,KOSPI,33650,119910,621876,0.8,증권
259960,크래프톤,19106.0,27098.0,33266.0,44882.0,,,7680.0,11825.0,10544.0,12438.0,,,22.76,34.92,,,34.92,-10.83,17.96,,,17.96,2년치 존재,2,15.84,1.61,10.6,131847.0,up,55.3,283500.0,211000.0,up,bull,,,,,KOSPI,265000,125632,365379,2.8,게임엔터테인먼트
71050,한국금융지주,208934.0,183393.0,194661.0,213680.0,,,8204.0,11997.0,23453.0,28116.0,,,6.14,9.77,,,9.77,95.49,19.88,,,95.49,2년치 존재,2,5.34,0.43,18.66,259717.0,down,47.9,292500.0,199800.0,up,bear_cross,,,,,KOSPI,240000,133742,310069,1.2,증권
18260,삼성에스디에스,132768.0,138282.0,139299.0,142142.0,,,8082.0,9111.0,9571.0,8297.0,,,0.74,2.04,,,2.04,5.05,-13.31,,,5.05,2년치 존재,2,18.97,1.52,7.89,363499.0,down,49.0,195000.0,148300.0,up,bear_cross,,,,,KOSPI,166200,128602,259977,0.7,IT서비스
307950,현대오토에버,30650.0,37136.0,42521.0,47770.0,,,1814.0,2244.0,2553.0,2962.0,,,14.5,12.34,,,14.5,13.77,16.02,,,16.02,2년치 존재,2,42.1,3.67,10.27,106282.0,up,56.5,505000.0,358500.0,up,bull,,,,,KOSPI,450500,123545,119826,1.1,IT서비스
443060,HD현대마린솔루션,14305.0,17455.0,19827.0,24043.0,,,2015.0,2717.0,3501.0,4339.0,,,13.59,21.26,,,21.26,28.86,23.94,,,28.86,2년치 존재,2,30.44,14.43,33.73,360752.0,down,72.9,280500.0,159100.0,up,bull,,,,,KOSPI,265500,119033,241143,0.7,조선
3230,삼양식품,11929.0,17280.0,23518.0,29530.0,,,1475.0,3446.0,5242.0,6906.0,,,36.1,25.56,,,36.1,52.12,31.74,,,52.12,2년치 존재,2,12.89,2.85,37.59,50159.0,down,59.3,1377000.0,1022000.0,up,bear,,,,,KOSPI,1341000,101018,64873,1.3,식품
352820,하이브,21781.0,22556.0,26499.0,43557.0,,,2956.0,1840.0,493.0,2899.0,,,17.48,64.37,,,64.37,-73.21,488.03,,,488.03,2년치 존재,2,51.84,3.33,-7.33,308846.0,down,45.2,404500.0,245500.0,down,bull,,,,,KOSPI,263000,113359,669048,2.2,방송과엔터테인먼트
5830,DB손해보험,197613.0,218350.0,230479.0,,,,22350.0,24249.0,23840.0,20870.0,,,5.55,,,,5.55,-1.69,-12.46,,,-1.69,2년치 존재,2,3.41,0.49,17.75,171203.0,down,46.9,205500.0,140900.0,mixed,bull,,,,,KOSPI,167600,109779,144958,0.8,손해보험
9830,한화솔루션,130785.0,123940.0,133331.0,176652.0,,,5792.0,-3002.0,-3648.0,8246.0,,,7.58,32.49,,,32.49,-21.52,326.04,,,326.04,2년치 존재,2,,0.84,-7.01,4769584.0,up,63.4,58500.0,26500.0,mixed,bull,,,,,KOSPI,50700,87150,11898592,2.5,에너지장비및서비스
3490,대한항공,161118.0,178707.0,252255.0,271261.0,,,17901.0,21102.0,11136.0,7361.0,,,41.16,7.53,,,41.16,-47.23,-33.9,,,-33.9,2년치 존재,2,8.32,0.93,7.28,1458928.0,down,49.5,28950.0,22400.0,mixed,bear_cross,,,,,KOSPI,24550,90398,1719119,1.2,항공사
52690,한전기술,5451.0,5695.0,5188.0,6190.0,,,286.0,709.0,355.0,646.0,,,-8.9,19.31,,,19.31,-49.93,81.97,,,81.97,2년치 존재,2,72.68,4.32,14.2,236138.0,up,59.3,194800.0,125400.0,up,bull,,,,,KOSPI,188600,72083,53,0.0,전기유틸리티
161390,한국타이어앤테크놀로지,89396.0,94119.0,212023.0,222947.0,,,13279.0,17623.0,18411.0,22022.0,,,125.27,5.15,,,125.27,4.47,19.61,,,19.61,2년치 존재,2,7.81,0.58,9.39,364587.0,down,47.0,75900.0,52000.0,mixed,bull,,,,,KOSPI,59200,73334,522791,1.4,자동차부품
454910,두산로보틱스,530.0,468.0,330.0,,,,-192.0,-412.0,-595.0,,,,-29.49,,,,-29.49,-44.42,,,,-44.42,1년치 존재,1,,17.15,-14.78,337568.0,up,73.5,113600.0,79500.0,mixed,bull,,,,,KOSPI,110200,71432,1839947,5.5,기계
323410,카카오뱅크,24940.0,29456.0,30863.0,,,,4785.0,6069.0,6494.0,7223.0,,,4.78,,,,4.78,7.0,11.23,,,11.23,2년치 존재,2,38.29,2.22,7.23,630142.0,down,46.3,28700.0,22100.0,down,bear,,,,,KOSPI,24350,116179,767789,1.2,은행
28050,삼성E&A,106249.0,99666.0,90288.0,102286.0,116236.0,125417.0,9931.0,9716.0,7921.0,8812.0,10235.0,11187.0,-9.41,13.29,13.64,7.9,13.64,-18.47,11.25,16.15,9.3,16.15,4년치 존재,4,7.54,1.64,13.76,4836259.0,up,63.7,56300.0,30800.0,up,bear_cross,,,,,KOSPI,53100,104076,1765560,0.4,건설
1440,대한전선,28440.0,32913.0,36360.0,41196.0,45116.0,51548.0,798.0,1152.0,1286.0,1886.0,2269.0,2936.0,10.47,13.3,9.52,14.26,14.26,11.63,46.66,20.31,29.4,46.66,4년치 존재,4,17.94,1.35,5.48,13074320.0,up,83.6,56300.0,26050.0,up,bull,,,,,KOSPI,56300,104970,33754956,2.6,전기장비
64400,LG씨엔에스,56053.0,59826.0,61295.0,65483.0,,,4640.0,5129.0,5518.0,6191.0,,,2.46,6.83,,,6.83,7.58,12.2,,,12.2,2년치 존재,2,13.5,2.15,17.35,484405.0,down,50.6,74500.0,55800.0,mixed,bull,,,,,KOSPI,65000,62976,567472,1.2,IT서비스
29780,삼성카드,40042.0,43832.0,43829.0,45660.0,,,8100.0,8854.0,8537.0,8505.0,,,-0.01,4.18,,,4.18,-3.58,-0.37,,,-0.37,2년치 존재,2,6.15,0.42,7.45,102844.0,up,43.5,67400.0,51600.0,down,bull,,,,,KOSPI,53300,61753,140081,1.4,카드
7660,이수페타시스,6753.0,8369.0,10880.0,15347.0,19593.0,22781.0,622.0,1019.0,2047.0,3252.0,4271.0,5113.0,30.0,41.06,27.67,16.27,41.06,100.88,58.87,31.33,19.71,100.88,4년치 존재,4,39.81,7.12,29.64,1513315.0,up,62.3,161400.0,98000.0,up,bull,,,,,KOSPI,150300,110334,1464079,1.0,전자장비와기기
880,한화,531348.0,556468.0,747854.0,801563.0,851901.0,909970.0,24119.0,24161.0,41469.0,56919.0,69208.0,79165.0,34.39,7.18,6.28,6.82,34.39,71.64,37.26,21.59,14.39,71.64,4년치 존재,4,6.63,0.23,3.3,214177.0,up,60.6,139200.0,107100.0,up,bull,,,,,KOSPI,133400,94058,409462,1.9,복합기업
326030,SK바이오팜,3549.0,5476.0,7067.0,9263.0,11436.0,13917.0,-375.0,963.0,2039.0,3224.0,4607.0,5703.0,29.05,31.07,23.46,21.69,31.07,111.73,58.12,42.9,23.79,111.73,4년치 존재,4,,27.72,39.28,158736.0,down,46.9,119800.0,91200.0,mixed,bull,,,,,KOSPI,99900,78235,169558,1.1,제약
39490,키움증권,95448.0,112803.0,171217.0,181765.0,,,5647.0,10982.0,14882.0,19379.0,18873.0,20635.0,51.78,6.16,,,51.78,35.51,30.22,-2.61,9.34,35.51,4년치 존재,4,6.62,0.56,18.12,143636.0,down,38.5,495500.0,372500.0,mixed,bear,,,,,KOSPI,398000,104389,339619,2.4,증권
78930,GS,259785.0,252500.0,251841.0,263214.0,268607.0,277800.0,37218.0,30772.0,29361.0,33175.0,32244.0,33790.0,-0.26,4.52,2.05,3.42,4.52,-4.59,12.99,-2.81,4.79,12.99,4년치 존재,4,2.98,0.29,5.55,256051.0,up,71.2,82100.0,61400.0,up,bull,,,,,KOSPI,81900,76098,369316,1.4,석유와가스
180640,한진칼,2757.0,2922.0,2984.0,,,,428.0,492.0,-75.0,,,,2.12,,,,2.12,-115.24,,,,-115.24,1년치 존재,1,12.72,1.77,4.75,103837.0,down,46.4,173000.0,107200.0,mixed,bull,,,,,KOSPI,112700,75241,102470,1.0,항공사
267270,HD건설기계,38250.0,34381.0,37765.0,90760.0,99022.0,107286.0,2572.0,1904.0,1709.0,6814.0,8526.0,10442.0,9.84,140.33,9.1,8.35,140.33,-10.24,298.71,25.12,22.47,298.71,4년치 존재,4,7.31,0.6,5.74,446800.0,up,64.2,198100.0,107300.0,up,bull,,,,,KOSPI,183900,88224,526316,1.2,기계
16360,삼성증권,131684.0,134666.0,148739.0,144245.0,,,7411.0,12058.0,13757.0,18158.0,17505.0,18924.0,10.45,-3.02,,,10.45,14.09,31.99,-3.6,8.11,31.99,4년치 존재,4,6.28,0.52,13.09,324570.0,down,53.8,114500.0,83700.0,up,bear,,,,,KOSPI,107500,95998,330869,1.0,증권
90430,아모레퍼시픽,36740.0,38851.0,42528.0,45832.0,49437.0,53139.0,1082.0,2205.0,3358.0,4558.0,5233.0,6097.0,9.46,7.77,7.87,7.49,9.46,52.29,35.74,14.81,16.51,52.29,4년치 존재,4,55.59,2.04,4.41,286905.0,down,49.1,165100.0,125400.0,mixed,bull,,,,,KOSPI,135300,79141,435705,1.5,화장품
21240,코웨이,39665.0,43101.0,49636.0,55572.0,,,7313.0,7954.0,8787.0,9861.0,,,15.16,11.96,,,15.16,10.47,12.22,,,12.22,2년치 존재,2,8.96,1.57,18.14,337361.0,down,63.7,89600.0,70900.0,up,bull,,,,,KOSPI,86100,60931,284878,0.8,가정용기기와용품
100,유한양행,18590.0,20678.0,21866.0,23742.0,26514.0,30666.0,570.0,549.0,1044.0,1462.0,2334.0,3826.0,5.75,8.58,11.68,15.66,15.66,90.16,40.04,59.64,63.92,90.16,4년치 존재,4,41.11,2.51,8.81,179915.0,down,38.5,113600.0,91400.0,down,bear_cross,,,,,KOSPI,91600,72957,237957,1.3,제약
62040,산일전기,2145.0,3340.0,5019.0,6713.0,8325.0,9922.0,466.0,1092.0,1786.0,2497.0,3204.0,4102.0,50.27,33.75,24.01,19.18,50.27,63.55,39.81,28.31,28.03,63.55,4년치 존재,4,21.35,13.8,33.33,676364.0,up,79.6,266000.0,128000.0,up,bull,,,,,KOSPI,266000,81438,2540710,3.8,전기장비
82740,한화엔진,8544.0,12022.0,13711.0,15660.0,20148.0,23259.0,87.0,715.0,1301.0,2433.0,3678.0,4516.0,14.05,14.21,28.66,15.44,28.66,81.96,87.01,51.17,22.78,87.01,4년치 존재,4,,3.12,36.6,1603594.0,up,77.6,88500.0,43350.0,up,bull,,,,,KOSPI,88000,73433,1087059,0.7,조선
66970,엘앤에프,46441.0,19075.0,21549.0,28513.0,37597.0,46340.0,-2223.0,-5587.0,-1568.0,1530.0,1974.0,3164.0,12.97,32.32,31.86,23.25,32.32,71.93,197.58,29.02,60.28,197.58,4년치 존재,4,,6.23,-76.95,938716.0,up,61.2,209000.0,93200.0,up,bear_cross,,,,,KOSPI,195100,78754,730075,0.8,전기제품
990,DB하이텍,11542.0,11312.0,13972.0,15900.0,16500.0,,2654.0,1908.0,2773.0,3080.0,3420.0,,23.51,13.8,3.77,,23.51,45.34,11.07,11.04,,45.34,3년치 존재,3,9.87,1.41,12.52,607932.0,up,78.7,159000.0,77300.0,up,bull,,,,,KOSPI,158500,68955,580177,1.0,반도체와반도체장비
377300,카카오페이,6154.0,7662.0,9584.0,12331.0,14895.0,18416.0,-566.0,-575.0,504.0,1240.0,1797.0,2564.0,25.08,28.66,20.79,23.64,28.66,187.65,146.03,44.92,42.68,187.65,4년치 존재,4,2624.66,3.53,2.4,290115.0,down,51.4,68600.0,47150.0,mixed,bull,,,,,KOSPI,55700,75332,5,0.0,IT서비스
10060,OCI홀딩스,26497.0,35774.0,33801.0,42161.0,44599.0,47977.0,5312.0,1015.0,-576.0,3851.0,5254.0,6746.0,-5.52,24.73,5.78,7.57,24.73,-156.75,768.58,36.43,28.4,768.58,4년치 존재,4,2.95,0.56,-2.27,514532.0,up,73.9,384000.0,110700.0,up,bull,,,,,KOSPI,368000,68706,382382,0.7,화학
241560,두산밥캣,97589.0,85512.0,87919.0,92988.0,96688.0,99286.0,13899.0,8714.0,6861.0,7660.0,9248.0,10119.0,2.81,5.77,3.98,2.69,5.77,-21.26,11.65,20.73,9.42,20.73,4년치 존재,4,5.48,0.85,5.78,327571.0,up,58.3,76500.0,53100.0,up,bull,,,,,KOSPI,72000,69016,441090,1.3,기계
32640,LG유플러스,143726.0,146252.0,154517.0,157363.0,160581.0,165138.0,9980.0,8631.0,8921.0,11270.0,12063.0,12789.0,5.65,1.84,2.04,2.84,5.65,3.36,26.33,7.04,6.02,26.33,4년치 존재,4,7.17,0.52,6.01,893777.0,down,41.4,17810.0,14580.0,mixed,bear,,,,,KOSPI,15840,68085,984607,1.1,무선통신서비스
1040,CJ,413527.0,436467.0,450188.0,460100.0,480480.0,498190.0,20391.0,25323.0,25277.0,28078.0,30789.0,30215.0,3.14,2.2,4.43,3.69,4.43,-0.18,11.08,9.66,-1.86,11.08,4년치 존재,4,17.28,0.57,2.72,107074.0,up,62.8,232000.0,171600.0,up,bull,,,,,KOSPI,224500,65502,70345,0.7,복합기업
34220,LG디스플레이,213308.0,266153.0,258101.0,252905.0,259494.0,264406.0,-25102.0,-5606.0,5170.0,12625.0,15792.0,17590.0,-3.03,-2.01,2.61,1.89,2.61,192.22,144.2,25.09,11.39,192.22,4년치 존재,4,,0.64,3.44,6538120.0,down,46.3,15850.0,10850.0,mixed,bear,,,,,KOSPI,12260,61300,3862,0.0,디스플레이패널
103590,일진전기,12467.0,15772.0,20446.0,22943.0,,,608.0,797.0,1512.0,2068.0,,,29.63,12.21,,,29.63,89.71,36.77,,,89.71,2년치 존재,2,12.22,1.14,19.08,611116.0,up,84.3,122500.0,59400.0,up,bull,,,,,KOSPI,122500,58415,1230841,2.0,전기장비
138930,BNK금융지주,96642.0,100314.0,101525.0,,,,8012.0,8759.0,9027.0,11118.0,,,1.21,,,,1.21,3.06,23.16,,,23.16,2년치 존재,2,3.62,0.22,7.58,1049536.0,down,53.0,22650.0,16470.0,mixed,bull,,,,,KOSPI,18730,58124,960892,0.9,은행
5385,현대차우,1626636.0,1752312.0,1862545.0,1943974.0,,,151269.0,142396.0,114679.0,120775.0,,,6.29,4.37,,,6.29,-19.46,5.32,,,5.32,2년치 존재,2,4.67,0.58,8.41,88486.0,down,48.4,321500.0,229000.0,mixed,bull,,,,,KOSPI,249000,58119,101451,1.1,자동차
128940,한미약품,14909.0,14955.0,15475.0,16602.0,,,2207.0,2162.0,2578.0,2755.0,,,3.48,7.28,,,7.28,19.24,6.87,,,19.24,2년치 존재,2,30.88,4.68,14.52,85923.0,down,37.2,626000.0,460000.0,down,bear,,,,,KOSPI,460000,58931,142664,1.7,제약
36570,NC,17798.0,15781.0,15069.0,23497.0,,,1373.0,-1092.0,161.0,4311.0,,,-4.51,55.93,,,55.93,114.74,2577.64,,,2577.64,2년치 존재,2,24.89,1.5,10.79,133295.0,up,61.2,277500.0,195600.0,up,bull,,,,,KOSPI,270500,58277,88748,0.7,게임엔터테인먼트
271560,오리온,29124.0,31043.0,33324.0,36798.0,,,4924.0,5436.0,5583.0,6482.0,,,7.35,10.42,,,10.42,2.7,16.1,,,16.1,2년치 존재,2,12.19,1.6,10.51,102698.0,up,62.0,146000.0,117800.0,up,bull,,,,,KOSPI,143600,56774,79671,0.8,식품
450080,에코프로머티,9525.0,2998.0,3925.0,10222.0,,,88.0,-647.0,-654.0,1076.0,,,30.92,160.43,,,160.43,-1.08,264.53,,,264.53,2년치 존재,2,2210.54,16.27,2.56,1990888.0,up,56.1,86400.0,55300.0,up,bull,,,,,KOSPI,80300,56659,1141670,0.6,전기제품
4020,현대제철,259148.0,232261.0,227332.0,238956.0,,,7983.0,1595.0,2192.0,4913.0,,,-2.12,5.11,,,5.11,37.43,124.13,,,124.13,2년치 존재,2,10.56,0.25,-0.04,1237302.0,up,58.9,46500.0,29550.0,up,bull,,,,,KOSPI,42550,56781,1595104,1.3,철강
353200,대덕전자,9097.0,8921.0,10653.0,15106.0,,,237.0,113.0,491.0,2330.0,,,19.41,41.8,,,41.8,334.51,374.54,,,374.54,2년치 존재,2,54.91,1.6,5.37,1293894.0,up,67.2,115400.0,49900.0,up,bull,,,,,KOSPI,112800,55742,901881,0.7,전자장비와기기
175330,JB금융지주,41938.0,46238.0,46305.0,,,,8000.0,9061.0,9523.0,10187.0,,,0.14,,,,0.14,5.1,6.97,,,6.97,2년치 존재,2,3.83,0.44,12.36,410304.0,down,37.2,37500.0,25300.0,down,bear,,,,,KOSPI,27300,51393,425625,1.0,은행
2380,KCC,62884.0,66588.0,64838.0,67577.0,,,3125.0,4711.0,4276.0,4508.0,,,-2.63,4.22,,,4.22,-9.23,5.43,,,5.43,2년치 존재,2,9.55,0.32,23.51,33437.0,up,54.6,680000.0,457000.0,mixed,bull,,,,,KOSPI,555000,49320,27147,0.8,건축자재
22100,포스코DX,14859.0,14733.0,10752.0,,,,1106.0,1090.0,604.0,,,,-27.02,,,,-27.02,-44.59,,,,-44.59,1년치 존재,1,122.78,24.52,9.53,453879.0,up,55.5,41150.0,28850.0,mixed,bull,,,,,KOSPI,34900,53060,107,0.0,IT서비스
11170,롯데케미칼,199464.0,198948.0,184830.0,202863.0,,,-3477.0,-9145.0,-9431.0,-3420.0,,,-7.1,9.76,,,9.76,-3.13,63.74,,,63.74,2년치 존재,2,,0.3,-15.13,294058.0,up,71.9,118000.0,69100.0,up,bull,,,,,KOSPI,113900,48721,502782,1.7,화학
88350,한화생명,227824.0,245852.0,274364.0,,,,10570.0,10970.0,11472.0,,,,11.6,,,,11.6,4.58,,,,4.58,1년치 존재,1,3.24,0.16,6.51,4258095.0,up,52.7,6600.0,3390.0,up,bull,,,,,KOSPI,4885,42428,4464177,1.0,생명보험
11790,SKC,14935.0,17179.0,18400.0,22134.0,,,-2137.0,-2758.0,-3050.0,-605.0,,,7.11,20.29,,,20.29,-10.59,80.16,,,80.16,2년치 존재,2,,2.18,-73.28,495078.0,up,58.4,124700.0,88000.0,up,bull,,,,,KOSPI,118000,44685,338644,0.7,화학
18880,한온시스템,95216.0,99987.0,108837.0,112501.0,,,2836.0,955.0,2704.0,4224.0,,,8.85,3.37,,,8.85,183.14,56.21,,,183.14,2년치 존재,2,80.7,1.73,-6.0,11147926.0,up,55.9,5270.0,3200.0,mixed,bull,,,,,KOSPI,4230,43411,12976863,1.2,자동차부품
489790,한화비전,,,,,,,,,,,,,,,,,,,,,,,0년치 존재,0,49.78,1.93,5.4,750100.0,up,57.0,92700.0,56900.0,up,bull,,,,,KOSPI,86200,43521,2145909,2.9,통신장비
251270,넷마블,25021.0,26638.0,28351.0,30482.0,,,-685.0,2156.0,3525.0,4260.0,,,6.43,7.52,,,7.52,63.5,20.85,,,63.5,2년치 존재,2,,0.96,4.15,210408.0,down,45.5,57900.0,45750.0,down,bull,,,,,KOSPI,49650,40693,246576,1.2,게임엔터테인먼트
17800,현대엘리베이터,26021.0,28853.0,24674.0,26478.0,,,826.0,2257.0,2092.0,2307.0,,,-14.48,7.31,,,7.31,-7.31,10.28,,,10.28,2년치 존재,2,5.52,1.25,20.11,215785.0,down,58.4,111700.0,81600.0,up,bull,,,,,KOSPI,98700,38584,145581,0.7,기계
500,가온전선,14986.0,17271.0,25457.0,,,,437.0,450.0,792.0,,,,47.4,,,,47.4,76.0,,,,76.0,1년치 존재,1,7.75,0.46,10.96,113802.0,up,85.6,241500.0,80700.0,up,bull,,,,,KOSPI,241500,39952,147466,1.3,전기장비
336260,두산퓨얼셀,2609.0,4118.0,4548.0,5494.0,,,16.0,-17.0,-1057.0,-355.0,,,10.44,20.8,,,20.8,-6117.65,66.41,,,66.41,2년치 존재,2,,3.7,-30.66,1086200.0,up,77.3,60800.0,32000.0,up,bull,,,,,KOSPI,60800,39820,1462622,1.3,전기제품
4170,신세계,63571.0,65704.0,69295.0,71193.0,,,6398.0,4770.0,4800.0,6234.0,,,5.47,2.74,,,5.47,0.63,29.88,,,29.88,2년치 존재,2,7.66,0.39,0.32,57510.0,up,69.4,407500.0,300500.0,up,bull,,,,,KOSPI,407000,38442,66865,1.2,백화점과일반상점
51900,LG생활건강,68048.0,68119.0,63555.0,63681.0,,,4870.0,4590.0,1707.0,2781.0,,,-6.7,0.2,,,0.2,-62.81,62.92,,,62.92,2년치 존재,2,44.06,1.09,-1.82,45293.0,down,54.5,278500.0,225000.0,mixed,bull,,,,,KOSPI,254000,38868,81025,1.8,화장품
23530,롯데쇼핑,145559.0,139866.0,137384.0,142744.0,,,5084.0,4731.0,5470.0,6982.0,,,-1.77,3.9,,,3.9,15.62,27.64,,,27.64,2년치 존재,2,12.17,0.3,0.34,137398.0,up,72.4,135300.0,83300.0,up,bull,,,,,KOSPI,135300,38275,133222,1.0,백화점과일반상점
11780,금호석유화학,63225.0,71550.0,69151.0,65615.0,,,3590.0,2728.0,2718.0,3175.0,,,-3.35,-5.11,,,-3.35,-0.37,16.81,,,16.81,2년치 존재,2,9.57,0.6,4.74,115828.0,up,63.3,153400.0,114100.0,up,bull,,,,,KOSPI,146600,36881,164317,1.4,화학
375500,DL이앤씨,79911.0,83184.0,74024.0,69115.0,,,3307.0,2709.0,3870.0,4630.0,,,-11.01,-6.63,,,-6.63,42.86,19.64,,,42.86,2년치 존재,2,8.24,0.3,7.34,1905436.0,up,65.8,102500.0,41650.0,up,bear,,,,,KOSPI,99000,38307,1136537,0.6,건설
97950,CJ제일제당,290235.0,272397.0,273426.0,283048.0,,,12916.0,14521.0,12336.0,13127.0,,,0.38,3.52,,,3.52,-15.05,6.41,,,6.41,2년치 존재,2,13.75,0.73,-7.61,83239.0,up,66.7,246500.0,190000.0,up,bear,,,,,KOSPI,246500,37109,98535,1.2,식품
4800,효성,18472.0,22728.0,24317.0,24720.0,,,577.0,2211.0,3930.0,4620.0,,,6.99,1.66,,,6.99,77.75,17.56,,,77.75,2년치 존재,2,15058.38,0.39,14.35,61537.0,up,81.8,228000.0,128500.0,up,bull,,,,,KOSPI,228000,38168,90746,1.5,복합기업
35250,강원랜드,13886.0,14269.0,14767.0,14974.0,,,2823.0,2858.0,2353.0,2414.0,,,3.49,1.4,,,3.49,-17.67,2.59,,,2.59,2년치 존재,2,10.04,0.88,8.11,509501.0,up,51.0,19530.0,16490.0,mixed,bull,,,,,KOSPI,17200,36798,508560,1.0,"호텔,레스토랑,레저"
111770,영원무역,36044.0,35178.0,40636.0,43595.0,,,6371.0,3156.0,5144.0,6305.0,,,15.52,7.28,,,15.52,62.99,22.57,,,62.99,2년치 존재,2,3.92,0.62,12.66,66674.0,down,47.6,98000.0,78500.0,mixed,bull,,,,,KOSPI,82900,36734,95827,1.4,"섬유,의류,신발,호화품"
12510,더존비즈온,3546.0,4023.0,4463.0,4914.0,,,724.0,881.0,1277.0,1482.0,,,10.94,10.11,,,10.94,44.95,16.05,,,44.95,2년치 존재,2,65.8,5.48,16.0,42290.0,up,67.4,120000.0,83600.0,up,bear,,,,,KOSPI,120000,36474,44459,1.1,소프트웨어
457190,이수스페셜티케미컬,1175.0,3321.0,4115.0,4518.0,,,-61.0,142.0,16.0,140.0,,,23.91,9.79,,,23.91,-88.73,775.0,,,775.0,2년치 존재,2,,9.23,4.48,490196.0,up,61.6,130100.0,84700.0,up,bull,,,,,KOSPI,121500,36716,325714,0.7,화학
302440,SK바이오사이언스,3695.0,2675.0,6514.0,,,,-120.0,-1384.0,-1235.0,,,,143.51,,,,143.51,10.77,,,,10.77,1년치 존재,1,247.72,3.25,-3.2,104312.0,down,47.5,50700.0,40300.0,mixed,bull,,,,,KOSPI,43050,33776,101657,1.0,제약
36460,한국가스공사,445560.0,383887.0,357273.0,346045.0,,,15534.0,30034.0,21012.0,21245.0,,,-6.93,-3.14,,,-3.14,-30.04,1.11,,,1.11,2년치 존재,2,,0.22,1.23,242399.0,up,65.1,45600.0,34350.0,mixed,bull,,,,,KOSPI,39100,36094,395777,1.6,가스유틸리티
28670,팬오션,43610.0,51612.0,54329.0,58498.0,,,3859.0,4712.0,4919.0,5412.0,,,5.26,7.67,,,7.67,4.39,10.02,,,10.02,2년치 존재,2,8.15,0.42,5.3,3963706.0,down,55.1,6200.0,4820.0,up,bear_cross,,,,,KOSPI,5540,29615,2856027,0.7,해운사
4990,롯데지주,151598.0,157570.0,155396.0,160630.0,,,4937.0,3405.0,2394.0,4950.0,,,-1.38,3.37,,,3.37,-29.69,106.77,,,106.77,2년치 존재,2,,0.28,-10.51,215912.0,up,57.8,38600.0,26950.0,mixed,bull,,,,,KOSPI,30550,30447,241080,1.1,복합기업
112610,씨에스윈드,15202.0,30725.0,29316.0,29133.0,,,1042.0,2555.0,3203.0,3074.0,,,-4.59,-0.62,,,-0.62,25.36,-4.03,,,25.36,2년치 존재,2,152.75,3.24,3.02,701753.0,up,59.4,76900.0,39200.0,up,bull,,,,,KOSPI,71600,30195,344209,0.5,에너지장비및서비스
139480,이마트,294722.0,290209.0,289704.0,296295.0,,,-469.0,471.0,3225.0,5758.0,,,-0.17,2.28,,,2.28,584.71,78.54,,,584.71,2년치 존재,2,,0.18,1.27,180363.0,up,64.0,127600.0,88300.0,mixed,bull,,,,,KOSPI,106700,29445,230790,1.3,백화점과일반상점
20150,롯데에너지머티리얼즈,8090.0,9023.0,6775.0,9114.0,12460.0,16429.0,118.0,-644.0,-1452.0,-465.0,514.0,1094.0,-24.91,34.52,36.71,31.85,36.71,-125.47,67.98,210.54,112.84,210.54,4년치 존재,4,,1.35,-10.54,538907.0,up,75.5,68300.0,33250.0,up,bull,,,,,KOSPI,66700,34928,462540,0.9,전자장비와기기
439260,대한조선,8164.0,10753.0,12281.0,13169.0,13885.0,14877.0,359.0,1581.0,2941.0,3622.0,3839.0,4211.0,14.21,7.23,5.44,7.14,14.21,86.02,23.16,5.99,9.69,86.02,4년치 존재,4,9.17,3.16,32.19,161458.0,down,48.2,106700.0,68900.0,up,bear_cross,,,,,KOSPI,89500,34481,167663,1.0,조선
71970,HD현대마린엔진,2444.0,3158.0,4024.0,6149.0,7663.0,9122.0,184.0,332.0,759.0,1468.0,1984.0,2532.0,27.42,52.81,24.62,19.04,52.81,128.61,93.41,35.15,27.62,128.61,4년치 존재,4,10.56,1.48,41.36,450464.0,up,64.0,115500.0,68700.0,up,bull,,,,,KOSPI,105800,35889,335725,0.7,조선
6360,GS건설,134367.0,128638.0,124503.0,115511.0,120343.0,126936.0,-3879.0,2860.0,4378.0,5056.0,5935.0,6556.0,-3.21,-7.22,4.18,5.48,5.48,53.08,15.49,17.39,10.46,53.08,4년치 존재,4,,0.3,2.03,4707911.0,up,55.3,43100.0,18300.0,up,bear,,,,,KOSPI,38050,32564,4058929,0.9,건설
14680,한솔케미칼,7717.0,7764.0,8840.0,10042.0,11641.0,13230.0,1241.0,1288.0,1562.0,1933.0,2415.0,2993.0,13.86,13.6,15.92,13.65,15.92,21.27,23.75,24.94,23.93,24.94,4년치 존재,4,24.43,2.92,14.34,73172.0,up,50.6,338000.0,252500.0,mixed,bull,,,,,KOSPI,285000,32405,47539,0.6,화학
12750,에스원,26208.0,28047.0,28894.0,30415.0,31920.0,,2126.0,2092.0,2346.0,2511.0,2704.0,,3.02,5.26,4.95,,5.26,12.14,7.03,7.69,,12.14,3년치 존재,3,12.03,1.27,10.45,35381.0,down,44.4,94100.0,80400.0,mixed,bear,,,,,KOSPI,86100,32717,39500,1.1,상업서비스와공급품
139130,iM금융지주,82641.0,80505.0,80410.0,,,,5343.0,2634.0,5832.0,6714.0,7204.0,7674.0,-0.12,,,,-0.12,121.41,15.12,7.3,6.52,121.41,4년치 존재,4,3.7,0.24,7.27,739941.0,down,63.1,21650.0,15370.0,up,bull,,,,,KOSPI,19100,30679,971810,1.3,은행
31210,서울보증보험,26102.0,27513.0,27587.0,,,,5241.0,2797.0,3757.0,,,,0.27,,,,0.27,34.32,,,,34.32,1년치 존재,1,12.94,0.64,5.18,109141.0,down,40.4,62000.0,47200.0,mixed,bull,,,,,KOSPI,47800,33375,70122,0.6,손해보험
1720,신영증권,23535.0,27643.0,24664.0,,,,1156.0,1704.0,1361.0,1912.0,,,-10.78,,,,-10.78,-20.13,40.48,,,40.48,2년치 존재,2,9.52,0.3,7.8,18356.0,down,47.0,255000.0,169700.0,down,bear,,,,,KOSPI,197100,32403,10532,0.6,증권
5850,에스엘,48388.0,49733.0,52399.0,56133.0,60083.0,64204.0,3862.0,3952.0,4071.0,4343.0,4752.0,5473.0,5.36,7.13,7.04,6.86,7.13,3.01,6.68,9.42,15.17,15.17,4년치 존재,4,4.94,0.3,12.81,180271.0,up,53.4,73400.0,51500.0,mixed,bull,,,,,KOSPI,62900,29216,162756,0.9,자동차부품
7340,DN오토모티브,32692.0,34345.0,36757.0,44311.0,,,4904.0,5229.0,5279.0,5443.0,,,7.02,20.55,,,20.55,0.96,3.11,,,3.11,2년치 존재,2,2.66,0.55,15.02,298376.0,up,70.3,48050.0,23350.0,up,bull,,,,,KOSPI,48050,28114,606704,2.0,자동차부품
9970,영원무역홀딩스,43555.0,43060.0,48950.0,,,,8726.0,5170.0,7355.0,,,,13.68,,,,13.68,42.26,,,,42.26,1년치 존재,1,2.86,0.38,12.83,16289.0,up,45.6,250000.0,202000.0,down,bear_cross,,,,,KOSPI,208000,28078,13097,0.8,"섬유,의류,신발,호화품"
483650,달바글로벌,2008.0,3091.0,5197.0,7291.0,,,324.0,598.0,1015.0,1512.0,,,68.13,40.29,,,68.13,69.73,48.97,,,69.73,2년치 존재,2,22.35,14.11,52.59,212353.0,up,67.1,241000.0,140100.0,up,bull,,,,,KOSPI,226000,28073,171189,0.8,화장품
120110,코오롱인더,47349.0,48430.0,48734.0,51241.0,,,1997.0,1587.0,1089.0,2038.0,,,0.63,5.14,,,5.14,-31.38,87.14,,,87.14,2년치 존재,2,31.52,0.48,1.01,360302.0,up,60.3,100900.0,52900.0,up,bull,,,,,KOSPI,94100,28179,501759,1.4,화학
51600,한전KPS,15339.0,15571.0,15765.0,16463.0,,,1994.0,2095.0,1401.0,1839.0,,,1.25,4.43,,,4.43,-33.13,31.26,,,31.26,2년치 존재,2,9.42,1.2,9.29,186326.0,up,56.8,67500.0,51200.0,up,bull,,,,,KOSPI,62200,27990,220621,1.2,전기유틸리티
1430,세아베스틸지주,40835.0,36361.0,36516.0,38302.0,,,1967.0,523.0,984.0,1381.0,,,0.43,4.89,,,4.89,88.15,40.35,,,88.15,2년치 존재,2,6.95,0.46,2.89,248645.0,up,59.5,90300.0,58500.0,mixed,bull,,,,,KOSPI,75500,27076,522879,2.1,철강
103140,풍산,41253.0,45544.0,50486.0,60166.0,,,2286.0,3238.0,2974.0,3560.0,,,10.85,19.17,,,19.17,-8.15,19.7,,,19.7,2년치 존재,2,7.02,0.54,6.54,390416.0,up,46.5,130600.0,86700.0,down,bull,,,,,KOSPI,99200,27800,281800,0.7,비철금속
204320,HL만도,83931.0,88482.0,94548.0,98055.0,,,2793.0,3588.0,3571.0,4111.0,,,6.86,3.71,,,6.86,-0.47,15.12,,,15.12,2년치 존재,2,13.63,0.83,3.82,305078.0,up,61.3,63300.0,47800.0,mixed,bull,,,,,KOSPI,57100,26813,563165,1.8,자동차부품
18670,SK가스,69923.0,70959.0,76763.0,78993.0,,,3036.0,2872.0,4428.0,4684.0,,,8.18,2.91,,,8.18,54.18,5.78,,,54.18,2년치 존재,2,4.32,0.51,8.24,32969.0,up,73.2,289000.0,217500.0,up,bull,,,,,KOSPI,289000,26753,42374,1.3,가스유틸리티
97230,HJ중공업,21621.0,18860.0,19997.0,23664.0,,,-1088.0,73.0,671.0,1880.0,,,6.03,18.34,,,18.34,819.18,180.18,,,819.18,2년치 존재,2,,1.09,10.15,2634549.0,up,54.1,32650.0,19340.0,up,bull,,,,,KOSPI,29000,26186,1969607,0.7,건설
229640,LS에코에너지,7311.0,8690.0,9601.0,11529.0,,,295.0,448.0,668.0,792.0,,,10.48,20.08,,,20.08,49.11,18.56,,,49.11,2년치 존재,2,154.98,4.36,21.43,399099.0,up,83.3,90900.0,37950.0,up,bull,,,,,KOSPI,87100,26674,20,0.0,전기장비
322000,HD현대에너지솔루션,5461.0,4224.0,4927.0,7521.0,,,175.0,35.0,412.0,1182.0,,,16.64,52.65,,,52.65,1077.14,186.89,,,1077.14,2년치 존재,2,,0.84,10.59,1280343.0,up,78.7,231000.0,50600.0,up,bull,,,,,KOSPI,231000,25872,1429913,1.1,에너지장비및서비스
26960,동서,4897.0,4889.0,5329.0,,,,438.0,445.0,453.0,,,,9.0,,,,9.0,1.8,,,,1.8,1년치 존재,1,12.53,1.12,8.48,66566.0,down,47.6,30300.0,24650.0,mixed,bear,,,,,KOSPI,26700,26620,58484,0.9,식품
1450,현대해상,159151.0,173245.0,181104.0,,,,7435.0,12441.0,12610.0,,,,4.54,,,,4.54,1.36,,,,1.36,1년치 존재,1,4.82,0.4,20.6,355647.0,down,49.8,38800.0,27550.0,mixed,bull,,,,,KOSPI,30400,25915,549817,1.5,손해보험
17960,한국카본,5944.0,7417.0,9088.0,9695.0,,,165.0,454.0,1310.0,1631.0,,,22.53,6.68,,,22.53,188.55,24.5,,,188.55,2년치 존재,2,,1.26,19.3,698339.0,down,54.5,52200.0,31950.0,up,bear,,,,,KOSPI,49550,25904,417170,0.6,조선
155,두산우,191301.0,181329.0,197841.0,215138.0,,,14363.0,10038.0,10627.0,16891.0,,,9.11,8.74,,,9.11,5.87,58.94,,,58.94,2년치 존재,2,,1.03,4.99,22041.0,up,71.5,645000.0,440000.0,up,bull,,,,,KOSPI,645000,25777,26041,1.2,복합기업
8930,한미사이언스,12479.0,12834.0,13570.0,,,,1245.0,989.0,1387.0,,,,5.73,,,,5.73,40.24,,,,40.24,1년치 존재,1,23.82,3.37,13.13,96654.0,down,43.9,50700.0,34900.0,down,bear,,,,,KOSPI,37700,25784,146029,1.5,제약
279570,케이뱅크,9465.0,12285.0,13348.0,,,,165.0,1330.0,1171.0,1464.0,,,8.65,,,,8.65,-11.95,25.02,,,25.02,2년치 존재,2,19.39,1.08,5.4,3033610.0,up,39.9,8330.0,5790.0,,bull,,,,,KOSPI,6220,25234,1370605,0.5,은행
8770,호텔신라,35685.0,39476.0,40683.0,40923.0,,,912.0,-52.0,135.0,1696.0,,,3.06,0.59,,,3.06,359.62,1156.3,,,1156.3,2년치 존재,2,30.43,4.07,-14.46,597225.0,up,72.7,69400.0,40400.0,up,bull,,,,,KOSPI,65500,25708,836934,1.4,백화점과일반상점
383220,F&F,19785.0,18960.0,19340.0,20329.0,,,5518.0,4507.0,4686.0,5061.0,,,2.0,5.11,,,5.11,3.97,8.0,,,8.0,2년치 존재,2,8.04,2.64,23.16,70882.0,up,54.8,77500.0,60000.0,mixed,bull,,,,,KOSPI,66900,25627,59447,0.8,"섬유,의류,신발,호화품"
77970,STX엔진,6304.0,7246.0,7893.0,9688.0,,,189.0,422.0,696.0,1058.0,,,8.93,22.74,,,22.74,64.93,52.01,,,64.93,2년치 존재,2,57.65,1.26,22.26,1092557.0,up,74.7,66500.0,26100.0,up,bull,,,,,KOSPI,61600,24731,808874,0.7,조선
69960,현대백화점,42075.0,41876.0,42303.0,43423.0,,,3035.0,2840.0,3779.0,4016.0,,,1.02,2.65,,,2.65,33.06,6.27,,,33.06,2년치 존재,2,,0.25,4.64,107249.0,up,69.8,113300.0,74700.0,mixed,bull,,,,,KOSPI,108900,24643,106096,1.0,백화점과일반상점
9420,한올바이오파마,1349.0,1389.0,1552.0,1687.0,,,22.0,2.0,-9.0,61.0,,,11.74,8.7,,,11.74,-550.0,777.78,,,777.78,2년치 존재,2,659.6,12.06,-3.37,410863.0,up,42.7,64400.0,46000.0,mixed,bull,,,,,KOSPI,47400,24762,451410,1.1,제약
240,한국앤컴퍼니,10897.0,13910.0,14576.0,15981.0,,,2566.0,4183.0,4116.0,4574.0,,,4.79,9.64,,,9.64,-1.6,11.13,,,11.13,2년치 존재,2,7.91,0.37,7.52,107834.0,up,48.8,34650.0,22800.0,mixed,bull,,,,,KOSPI,24950,23686,97480,0.9,자동차부품
192820,코스맥스,17775.0,21661.0,23988.0,27110.0,,,1157.0,1754.0,1958.0,2311.0,,,10.74,13.01,,,13.01,11.63,18.03,,,18.03,2년치 존재,2,25.11,3.96,23.86,83815.0,up,54.2,227000.0,160700.0,up,bull,,,,,KOSPI,210500,23891,86004,1.0,화장품
30000,제일기획,41383.0,43443.0,45469.0,47258.0,,,3075.0,3207.0,3369.0,3409.0,,,4.66,3.93,,,4.66,5.05,1.19,,,5.05,2년치 존재,2,11.69,1.5,13.7,317518.0,up,55.0,22900.0,18670.0,mixed,bull,,,,,KOSPI,20050,23066,607183,1.9,광고
282330,BGF리테일,81948.0,86988.0,90612.0,94050.0,,,2532.0,2516.0,2539.0,2800.0,,,4.17,3.79,,,4.17,0.91,10.28,,,10.28,2년치 존재,2,11.59,2.11,15.64,52642.0,up,50.0,147800.0,111900.0,mixed,bear,,,,,KOSPI,132000,22815,52858,1.0,백화점과일반상점
120,CJ대한통운,117679.0,121168.0,122847.0,127836.0,,,4802.0,5307.0,5081.0,5538.0,,,1.39,4.06,,,4.06,-4.26,8.99,,,8.99,2년치 존재,2,12.91,0.7,5.98,71626.0,down,42.6,145700.0,99000.0,down,bull,,,,,KOSPI,101100,23063,50132,0.7,항공화물운송과물류
298020,효성티앤씨,75269.0,77761.0,76948.0,86096.0,,,2134.0,2707.0,2515.0,4701.0,,,-1.05,11.89,,,11.89,-7.09,86.92,,,86.92,2년치 존재,2,16.95,1.24,0.71,47911.0,down,62.8,535000.0,305500.0,up,bear_cross,,,,,KOSPI,518000,22417,31956,0.7,"섬유,의류,신발,호화품"
4370,농심,34106.0,34387.0,35143.0,36557.0,,,2121.0,1631.0,1839.0,2071.0,,,2.2,4.02,,,4.02,12.75,12.62,,,12.75,2년치 존재,2,14.4,0.97,6.18,16900.0,down,48.8,457500.0,361500.0,mixed,bull,,,,,KOSPI,377500,22962,20010,1.2,식품
81660,미스토홀딩스,40066.0,42687.0,44686.0,46074.0,,,3035.0,3608.0,4748.0,5536.0,,,4.68,3.11,,,4.68,31.6,16.6,,,31.6,2년치 존재,2,55.22,1.22,11.39,132604.0,down,39.1,54200.0,40100.0,down,bull,,,,,KOSPI,40600,21555,128550,1.0,"섬유,의류,신발,호화품"
7810,코리아써키트,13322.0,14070.0,15097.0,17781.0,,,-321.0,-332.0,538.0,1353.0,,,7.3,17.78,,,17.78,262.05,151.49,,,262.05,2년치 존재,2,,1.27,11.54,393918.0,up,59.8,98200.0,45100.0,up,bear_cross,,,,,KOSPI,92700,22232,193793,0.5,전자장비와기기
11210,현대위아,81656.0,81809.0,84816.0,89653.0,,,2328.0,2188.0,2044.0,2454.0,,,3.68,5.7,,,5.7,-6.58,20.06,,,20.06,2년치 존재,2,19.36,0.51,2.75,188354.0,up,49.8,101300.0,75000.0,mixed,bull,,,,,KOSPI,82700,22490,212268,1.1,자동차부품
5440,현대지에프홀딩스,26295.0,74093.0,80916.0,86634.0,,,-110.0,1981.0,2741.0,3409.0,,,9.21,7.07,,,9.21,38.36,24.37,,,38.36,2년치 존재,2,0.33,0.21,11.18,384247.0,up,50.5,18750.0,9300.0,up,bull,,,,,KOSPI,14350,22372,306887,0.8,복합기업
85620,미래에셋생명,50534.0,47961.0,51884.0,,,,1487.0,1221.0,1945.0,,,,8.18,,,,8.18,59.3,,,,59.3,1년치 존재,1,9.31,0.21,5.22,254595.0,down,44.6,18280.0,8400.0,mixed,bear,,,,,KOSPI,15930,21534,145952,0.6,생명보험
3690,코리안리,69633.0,69579.0,67044.0,,,,3637.0,4054.0,4709.0,,,,-3.64,,,,-3.64,16.16,,,,16.16,1년치 존재,1,4.16,0.33,9.03,291776.0,down,49.1,14390.0,11470.0,mixed,bull,,,,,KOSPI,12350,21825,305941,1.0,손해보험
361610,SK아이이테크놀로지,6483.0,2179.0,2619.0,2508.0,,,501.0,-2910.0,-2464.0,-1876.0,,,20.19,-4.24,,,20.19,15.33,23.86,,,23.86,2년치 존재,2,68.47,2.33,-8.58,236710.0,up,58.7,28150.0,20500.0,up,bull,,,,,KOSPI,26400,21592,200023,0.8,전기제품
2790,아모레퍼시픽홀딩스,40213.0,42599.0,46232.0,,,,1520.0,2493.0,3680.0,,,,8.53,,,,8.53,47.61,,,,47.61,1년치 존재,1,23.54,0.79,3.64,120211.0,down,48.0,35050.0,25500.0,mixed,bull,,,,,KOSPI,27850,21294,153267,1.3,화장품
161890,한국콜마,21557.0,24521.0,27224.0,29664.0,,,1361.0,1938.0,2396.0,2819.0,,,11.02,8.96,,,11.02,23.63,17.65,,,23.63,2년치 존재,2,236.22,1.89,14.69,232411.0,down,65.0,91600.0,64200.0,up,bull,,,,,KOSPI,88700,20938,325146,1.4,화장품
23590,다우기술,98551.0,116258.0,174950.0,,,,6399.0,11747.0,15593.0,,,,50.48,,,,50.48,32.74,,,,32.74,1년치 존재,1,3.55,0.31,15.95,47439.0,down,43.3,61500.0,43150.0,down,bear_cross,,,,,KOSPI,46400,20085,81555,1.7,증권
3570,SNT다이내믹스,4860.0,6145.0,7120.0,7837.0,,,416.0,1105.0,855.0,1136.0,,,15.87,10.07,,,15.87,-22.62,32.87,,,32.87,2년치 존재,2,9.67,0.46,7.43,164309.0,up,63.1,59800.0,47400.0,up,bull,,,,,KOSPI,59800,19885,224852,1.4,자동차부품
5070,코스모신소재,6296.0,5697.0,4563.0,6114.0,,,323.0,250.0,24.0,160.0,,,-19.91,33.99,,,33.99,-90.4,566.67,,,566.67,2년치 존재,2,170.78,10.0,-0.1,347695.0,up,53.9,65500.0,42500.0,up,bull,,,,,KOSPI,58900,19563,311595,0.9,화학
7070,GS리테일,111341.0,115794.0,119574.0,123505.0,,,2918.0,2561.0,2921.0,3289.0,,,3.26,3.29,,,3.29,14.06,12.6,,,14.06,2년치 존재,2,116.78,0.5,1.34,128406.0,up,58.2,24000.0,18460.0,up,bear_cross,,,,,KOSPI,23500,19648,116427,0.9,백화점과일반상점
462870,시프트업,1686.0,2241.0,2945.0,1855.0,,,1111.0,1527.0,1814.0,967.0,,,31.41,-37.01,,,31.41,18.8,-46.69,,,18.8,2년치 존재,2,23.34,2.07,21.61,76274.0,up,44.8,34850.0,28200.0,up,bear_cross,,,,,KOSPI,32550,19092,124975,1.6,게임엔터테인먼트
475150,SK이터닉스,,,,,,,,,,,,,,,,,,,,,,,0년치 존재,0,14.86,1.68,11.93,1947743.0,up,59.0,68200.0,18870.0,mixed,bear,,,,,KOSPI,58000,19759,2976037,1.5,에너지장비및서비스
3540,대신증권,38546.0,40939.0,50639.0,,,,1613.0,836.0,3014.0,3720.0,,,23.69,,,,23.69,260.53,23.42,,,260.53,2년치 존재,2,9.28,0.32,5.06,91854.0,down,48.8,49000.0,29450.0,mixed,bull,,,,,KOSPI,37950,18679,112708,1.2,증권
6040,동원산업,89486.0,89442.0,95837.0,99665.0,,,4647.0,5013.0,5161.0,5540.0,,,7.15,3.99,,,7.15,2.95,7.34,,,7.34,2년치 존재,2,7.18,0.46,11.61,54055.0,up,47.9,46000.0,36950.0,down,bull,,,,,KOSPI,38550,17019,61807,1.1,식품
69620,대웅제약,13753.0,14227.0,15709.0,16946.0,,,1226.0,1479.0,1968.0,2191.0,,,10.42,7.87,,,10.42,33.06,11.33,,,33.06,2년치 존재,2,11.12,1.75,21.75,30721.0,down,42.6,194000.0,147500.0,down,bull,,,,,KOSPI,148300,17183,29447,1.0,제약
32350,롯데관광개발,3135.0,4715.0,6534.0,7853.0,,,-606.0,390.0,1433.0,2041.0,,,38.58,20.19,,,38.58,267.44,42.43,,,267.44,2년치 존재,2,,10.27,8.06,758564.0,up,56.0,26550.0,16090.0,mixed,bull,,,,,KOSPI,20700,16478,371214,0.5,"호텔,레스토랑,레저"
73240,금호타이어,40414.0,45322.0,47013.0,50745.0,,,4110.0,5886.0,5759.0,5914.0,,,3.73,7.94,,,7.94,-2.16,2.69,,,2.69,2년치 존재,2,9.81,1.22,18.53,558720.0,up,42.5,7530.0,5530.0,down,bear_cross,,,,,KOSPI,5820,16719,1051194,1.9,자동차부품
1800,오리온홀딩스,29538.0,31952.0,33931.0,35670.0,,,4055.0,5062.0,4877.0,5506.0,,,6.19,5.13,,,6.19,-3.65,12.9,,,12.9,2년치 존재,2,10.68,0.4,5.01,105483.0,up,62.7,25850.0,20700.0,up,bull,,,,,KOSPI,25850,16194,148966,1.4,식품
1120,LX인터내셔널,145143.0,166376.0,167063.0,178472.0,181447.0,184498.0,4331.0,4892.0,2922.0,4525.0,4524.0,4652.0,0.41,6.83,1.67,1.68,6.83,-40.27,54.86,-0.02,2.83,54.86,4년치 존재,4,9.73,0.47,5.22,213252.0,up,58.4,56700.0,37800.0,up,bull,,,,,KOSPI,53400,20698,266336,1.2,무역회사와판매업체
3530,한화투자증권,19690.0,24958.0,30946.0,,,,315.0,40.0,1477.0,,,,23.99,,,,23.99,3592.5,,,,3592.5,1년치 존재,1,82.09,0.48,5.41,2847555.0,up,51.5,9560.0,6050.0,up,bull,,,,,KOSPI,7510,16113,2630264,0.9,증권
4000,롯데정밀화학,17686.0,16705.0,17527.0,19645.0,20097.0,20673.0,1548.0,504.0,744.0,1385.0,1648.0,1720.0,4.92,12.08,2.3,2.87,12.08,47.62,86.16,18.99,4.37,86.16,4년치 존재,4,8.22,0.62,4.42,113545.0,up,79.1,71200.0,41950.0,up,bull,,,,,KOSPI,69400,17905,155838,1.4,화학
6280,녹십자,16266.0,16799.0,19913.0,20295.0,,,344.0,321.0,692.0,756.0,,,18.54,1.92,,,18.54,115.58,9.25,,,115.58,2년치 존재,2,,1.1,-0.38,37025.0,down,38.0,180300.0,137100.0,down,bear,,,,,KOSPI,137100,16022,41178,1.1,제약
100090,SK오션플랜트,9258.0,6626.0,9654.0,8095.0,,,756.0,418.0,595.0,781.0,,,45.7,-16.15,,,45.7,42.34,31.26,,,42.34,2년치 존재,2,19.0,1.68,4.96,1961427.0,down,53.6,30200.0,15250.0,mixed,bear,,,,,KOSPI,24550,15338,1078599,0.5,에너지장비및서비스
30610,교보증권,37430.0,31663.0,45068.0,,,,703.0,1139.0,1904.0,,,,42.34,,,,42.34,67.16,,,,67.16,1년치 존재,1,5.96,0.3,6.96,122249.0,up,56.0,16720.0,11150.0,up,bull,,,,,KOSPI,13630,15533,104364,0.9,증권
294870,IPARK현대산업개발,41908.0,42562.0,41470.0,40312.0,,,1953.0,1846.0,2486.0,4995.0,,,-2.57,-2.79,,,-2.57,34.67,100.93,,,100.93,2년치 존재,2,5.56,0.31,5.0,370145.0,down,51.4,24400.0,20100.0,up,bear_cross,,,,,KOSPI,22950,15126,288846,0.8,건설
51915,LG화학우,552498.0,486998.0,459322.0,496767.0,,,25292.0,8749.0,11809.0,8712.0,,,-5.68,8.15,,,8.15,34.98,-26.23,,,34.98,2년치 존재,2,29.2,1.21,-5.5,36094.0,up,62.3,201000.0,145000.0,up,bull,,,,,KOSPI,186700,14355,32,0.0,화학
210,DL,50178.0,56154.0,53267.0,54364.0,,,1507.0,4125.0,2985.0,5138.0,,,-5.14,2.06,,,2.06,-27.64,72.13,,,72.13,2년치 존재,2,,0.3,-2.17,175333.0,up,61.6,76800.0,40150.0,up,bull,,,,,KOSPI,71500,14983,179008,1.0,화학
7310,오뚜기,34545.0,35391.0,36745.0,,,,2549.0,2220.0,1773.0,,,,3.83,,,,3.83,-20.14,,,,-20.14,1년치 존재,1,10.0,0.71,3.35,4699.0,down,49.6,413500.0,355000.0,mixed,bull,,,,,KOSPI,365500,14649,5089,1.1,식품
20560,아시아나항공,76233.0,83186.0,72668.0,,,,6199.0,2757.0,-3452.0,,,,-12.64,,,,-12.64,-225.21,,,,-225.21,1년치 존재,1,7.29,1.22,-34.48,58805.0,down,45.4,8050.0,6670.0,down,bear,,,,,KOSPI,7040,14502,49206,0.8,항공사
12630,HDC,59083.0,62003.0,65848.0,69720.0,78350.0,,3126.0,3447.0,6489.0,8312.0,9980.0,,6.2,5.88,12.38,,12.38,88.25,28.09,20.07,,88.25,3년치 존재,3,3.64,0.14,10.82,109806.0,up,58.2,30150.0,19140.0,up,bull,,,,,KOSPI,28100,16787,74950,0.7,건설
34230,파라다이스,9942.0,10721.0,11499.0,12804.0,,,1458.0,1361.0,1558.0,1963.0,,,7.26,11.35,,,11.35,14.47,25.99,,,25.99,2년치 존재,2,19.51,0.82,5.62,709751.0,up,48.7,21400.0,14600.0,mixed,bull,,,,,KOSPI,15850,14682,314976,0.4,"호텔,레스토랑,레저"
93370,후성,5232.0,4378.0,4716.0,5648.0,,,-461.0,-96.0,254.0,528.0,,,7.72,19.76,,,19.76,364.58,107.87,,,364.58,2년치 존재,2,,3.64,1.61,7162547.0,down,63.0,14100.0,6270.0,up,bull,,,,,KOSPI,13240,14201,1860442,0.3,화학
195870,해성디에스,6722.0,6030.0,6534.0,8007.0,,,1025.0,569.0,465.0,1034.0,,,8.36,22.54,,,22.54,-18.28,122.37,,,122.37,2년치 존재,2,17.0,1.83,4.25,299886.0,up,69.3,81700.0,46750.0,up,bull,,,,,KOSPI,80200,13634,620157,2.1,반도체와반도체장비
82640,동양생명,32508.0,34994.0,35764.0,,,,2943.0,3681.0,1988.0,,,,2.2,,,,2.2,-45.99,,,,-45.99,1년치 존재,1,3.05,0.24,7.08,574660.0,down,45.4,9100.0,6700.0,mixed,bear,,,,,KOSPI,8310,13409,356735,0.6,생명보험
181710,NHN,22696.0,24561.0,25162.0,27877.0,,,556.0,-326.0,1324.0,1804.0,,,2.45,10.79,,,10.79,506.13,36.25,,,506.13,2년치 존재,2,,0.48,2.2,70620.0,up,54.4,43700.0,31000.0,up,bull,,,,,KOSPI,41000,13429,51749,0.7,IT서비스
456040,OCI,12888.0,22153.0,20094.0,21202.0,,,575.0,1105.0,4.0,1275.0,,,-9.29,5.51,,,5.51,-99.64,31775.0,,,31775.0,2년치 존재,2,15.24,0.92,-5.37,204603.0,up,81.4,150000.0,68500.0,up,bull,,,,,KOSPI,150000,13429,249461,1.2,화학
1740,SK네트웍스,74535.0,76573.0,67451.0,69204.0,,,805.0,1139.0,863.0,1192.0,,,-11.91,2.6,,,2.6,-24.23,38.12,,,38.12,2년치 존재,2,,0.54,2.44,1230841.0,up,60.8,5970.0,4920.0,up,bull,,,,,KOSPI,5870,12989,2032203,1.7,복합기업
3240,태광산업,22655.0,20275.0,18274.0,,,,-994.0,-4.0,-360.0,,,,-9.87,,,,-9.87,-8900.0,,,,-8900.0,1년치 존재,1,,0.13,2.06,2076.0,down,49.6,1570000.0,877000.0,up,bear,,,,,KOSPI,1190000,13249,2082,1.0,화학
3090,대웅,18138.0,19369.0,20684.0,,,,1956.0,2819.0,2618.0,,,,6.79,,,,6.79,-7.13,,,,-7.13,1년치 존재,1,7.86,0.9,16.11,67949.0,down,45.0,29350.0,21950.0,mixed,bull,,,,,KOSPI,22550,13111,50163,0.7,제약
192080,더블유게임즈,5823.0,6335.0,7199.0,8204.0,,,2133.0,2487.0,2321.0,2692.0,,,13.64,13.96,,,13.96,-6.67,15.98,,,15.98,2년치 존재,2,5.82,0.92,11.33,97687.0,up,75.8,62000.0,47300.0,up,bull,,,,,KOSPI,61100,12937,180994,1.9,게임엔터테인먼트
300720,한일시멘트,17995.0,17417.0,14239.0,14218.0,,,2465.0,2714.0,1327.0,1089.0,,,-18.25,-0.15,,,-0.15,-51.11,-17.94,,,-17.94,2년치 존재,2,5.21,0.56,4.14,161215.0,up,57.3,18570.0,16000.0,mixed,bull,,,,,KOSPI,17450,12834,219388,1.4,건축자재
281820,케이씨텍,2869.0,3854.0,3829.0,,,,327.0,498.0,600.0,,,,-0.65,,,,-0.65,20.48,,,,20.48,1년치 존재,1,17.64,1.2,10.32,140569.0,up,70.9,62300.0,39450.0,up,bull,,,,,KOSPI,61300,12137,131475,0.9,반도체와반도체장비
89860,롯데렌탈,27523.0,27924.0,29188.0,30796.0,,,3052.0,2848.0,3125.0,3515.0,,,4.53,5.51,,,5.51,9.73,12.48,,,12.48,2년치 존재,2,8.47,0.74,8.39,39119.0,up,60.6,34350.0,30400.0,up,bull,,,,,KOSPI,33650,12218,55200,1.4,도로와철도운송
1510,SK증권,11445.0,11017.0,14047.0,,,,131.0,-1079.0,78.0,,,,27.5,,,,27.5,107.23,,,,107.23,1년치 존재,1,119.72,0.42,5.0,109673519.0,up,78.5,5510.0,857.0,,bull,,,,,KOSPI,5230,12097,36731336,0.3,증권
80,하이트진로,25202.0,25992.0,24986.0,25364.0,,,1239.0,2081.0,1723.0,2006.0,,,-3.87,1.51,,,1.51,-17.2,16.42,,,16.42,2년치 존재,2,44.98,1.43,3.69,102188.0,down,50.3,18320.0,16280.0,mixed,bear_cross,,,,,KOSPI,17110,12000,95249,0.9,음료
298050,HS효성첨단소재,32023.0,33112.0,32830.0,34336.0,,,1741.0,2197.0,1574.0,2016.0,,,-0.85,4.59,,,4.59,-28.36,28.08,,,28.08,2년치 존재,2,39.83,2.29,-2.34,19993.0,up,72.3,277500.0,195300.0,mixed,bull,,,,,KOSPI,269500,12073,27365,1.4,화학
670,영풍,37617.0,27874.0,29090.0,,,,-1698.0,-1607.0,-2597.0,,,,4.36,,,,4.36,-61.61,,,,-61.61,1년치 존재,1,,0.24,-0.23,28983.0,up,57.6,68200.0,51100.0,up,bull,,,,,KOSPI,65900,12133,30461,1.1,핸드셋
6340,대원전선,5154.0,5528.0,6245.0,,,,131.0,143.0,94.0,,,,12.97,,,,12.97,-34.27,,,,-34.27,1년치 존재,1,8.98,0.86,7.45,31077877.0,up,89.6,15050.0,3505.0,up,bull,,,,,KOSPI,15050,11801,82099217,2.6,전기장비
100840,SNT에너지,3220.0,2943.0,6061.0,6274.0,,,208.0,222.0,1113.0,1210.0,,,105.95,3.51,,,105.95,401.35,8.72,,,401.35,2년치 존재,2,7.27,0.57,25.15,522604.0,down,54.5,64100.0,35850.0,up,bear,,,,,KOSPI,56200,11623,340385,0.7,에너지장비및서비스
75580,세진중공업,3848.0,3524.0,4027.0,4548.0,,,336.0,360.0,734.0,860.0,,,14.27,12.94,,,14.27,103.89,17.17,,,103.89,2년치 존재,2,15.79,1.44,24.35,363806.0,up,60.9,21550.0,14800.0,up,bull,,,,,KOSPI,20550,11683,233614,0.6,조선
185750,종근당,16694.0,15864.0,16924.0,17650.0,,,2466.0,995.0,806.0,890.0,,,6.68,4.29,,,6.68,-18.99,10.42,,,10.42,2년치 존재,2,8.12,2.05,8.17,25787.0,down,42.4,97700.0,81500.0,down,bear,,,,,KOSPI,85700,11829,35169,1.4,제약
6650,대한유화,25000.0,28001.0,33478.0,39149.0,,,-623.0,-599.0,527.0,2084.0,,,19.56,16.94,,,19.56,187.98,295.45,,,295.45,2년치 존재,2,,0.52,1.74,76853.0,up,67.5,190700.0,121500.0,up,bull,,,,,KOSPI,181100,11772,101114,1.3,화학
5300,롯데칠성,32247.0,40245.0,39711.0,41023.0,,,2107.0,1849.0,1672.0,2048.0,,,-1.33,3.3,,,3.3,-9.57,22.49,,,22.49,2년치 존재,2,8.89,1.01,3.13,14638.0,down,53.4,148200.0,112600.0,mixed,bull,,,,,KOSPI,122400,11357,12962,0.9,음료
815,삼성화재우,208247.0,226570.0,247785.0,,,,23573.0,26496.0,26591.0,29128.0,,,9.36,,,,9.36,0.36,9.54,,,9.54,2년치 존재,2,7.31,0.69,10.97,15176.0,down,48.4,452000.0,356500.0,down,bull,,,,,KOSPI,372500,11201,10839,0.7,손해보험
90460,비에이치,15920.0,17544.0,17927.0,19683.0,,,848.0,871.0,540.0,1129.0,,,2.18,9.8,,,9.8,-38.0,109.07,,,109.07,2년치 존재,2,8.04,1.05,4.24,961540.0,up,69.5,36050.0,15130.0,up,bull,,,,,KOSPI,34500,11630,608613,0.6,전자장비와기기
9450,경동나비엔,12043.0,13539.0,15022.0,16783.0,,,1059.0,1326.0,1434.0,1870.0,,,10.95,11.72,,,11.72,8.14,30.4,,,30.4,2년치 존재,2,8.27,1.17,12.24,67424.0,up,69.6,77700.0,55100.0,up,bull,,,,,KOSPI,77700,11320,161900,2.4,가정용기기와용품
280360,롯데웰푸드,40664.0,40443.0,42160.0,43961.0,,,1770.0,1571.0,1095.0,1749.0,,,4.25,4.27,,,4.27,-30.3,59.73,,,59.73,2년치 존재,2,16.56,0.53,3.34,17609.0,up,59.7,135600.0,108700.0,mixed,bull,,,,,KOSPI,121100,11268,22246,1.3,식품
499790,GS피앤엘,,,,,,,,,,,,,,,,,,,,,,,0년치 존재,0,,0.53,2.29,147783.0,up,61.8,64600.0,40600.0,mixed,bull,,,,,KOSPI,55300,10966,163710,1.1,"호텔,레스토랑,레저"
9240,한샘,19669.0,19084.0,17445.0,17456.0,,,19.0,312.0,185.0,292.0,,,-8.59,0.06,,,0.06,-40.71,57.84,,,57.84,2년치 존재,2,,2.59,12.34,61572.0,up,69.9,51400.0,38400.0,mixed,bull,,,,,KOSPI,45200,10637,161695,2.6,가구
484870,엠앤씨솔루션,1834.0,2828.0,4033.0,4401.0,,,203.0,348.0,561.0,653.0,,,42.61,9.12,,,42.61,61.21,16.4,,,61.21,2년치 존재,2,12.75,5.43,25.32,33061.0,down,50.3,149600.0,95500.0,mixed,bull,,,,,KOSPI,115400,10564,32137,1.0,우주항공과국방
3470,유안타증권,28550.0,27127.0,34613.0,,,,1291.0,948.0,994.0,,,,27.6,,,,27.6,4.85,,,,4.85,1년치 존재,1,8.41,0.33,5.4,605809.0,up,57.0,5880.0,4230.0,up,bull,,,,,KOSPI,5250,10479,577138,1.0,증권
66575,LG전자우,822627.0,877282.0,892009.0,936846.0,,,36533.0,34197.0,24784.0,37965.0,,,1.68,5.03,,,5.03,-27.53,53.18,,,53.18,2년치 존재,2,25.82,0.93,4.28,141812.0,up,64.5,67900.0,47300.0,up,bull,,,,,KOSPI,60300,10363,300332,2.1,전자제품
192400,쿠쿠홀딩스,7723.0,8338.0,9209.0,,,,866.0,1032.0,1140.0,,,,10.45,,,,10.45,10.47,,,,10.47,1년치 존재,1,4.48,0.47,11.56,29026.0,down,57.6,30500.0,26850.0,up,bull,,,,,KOSPI,29450,10473,35033,1.2,가정용기기와용품
285130,SK케미칼,17488.0,17368.0,23652.0,27532.0,,,833.0,-452.0,-2.0,598.0,,,36.18,16.4,,,36.18,99.56,30000.0,,,30000.0,2년치 존재,2,32.7,0.61,2.0,55880.0,up,54.7,68800.0,51100.0,mixed,bull,,,,,KOSPI,59400,10275,105425,1.9,화학
6110,삼아알미늄,2680.0,2517.0,2715.0,3836.0,,,38.0,-96.0,-176.0,71.0,,,7.87,41.29,,,41.29,-83.33,140.34,,,140.34,2년치 존재,2,451.3,6.14,-10.79,951371.0,up,67.0,72600.0,24700.0,up,bull,,,,,KOSPI,68800,10405,471043,0.5,비철금속
5690,파미셀,562.0,649.0,1141.0,1628.0,,,13.0,47.0,343.0,591.0,,,75.81,42.68,,,75.81,629.79,72.3,,,629.79,2년치 존재,2,101.82,4.53,38.31,1248795.0,down,53.4,19800.0,12640.0,up,bull,,,,,KOSPI,18110,10869,2252057,1.8,화학
71055,한국금융지주우,208934.0,183393.0,194661.0,213680.0,,,8204.0,11997.0,23453.0,28116.0,,,6.14,9.77,,,9.77,95.49,19.88,,,95.49,2년치 존재,2,5.34,0.43,18.66,15488.0,down,53.7,189500.0,140400.0,up,bear_cross,,,,,KOSPI,172100,10082,11092,0.7,증권
9155,삼성전기우,88924.0,102941.0,113145.0,129489.0,,,6605.0,7350.0,9133.0,14544.0,,,9.91,14.45,,,14.45,24.26,59.25,,,59.25,2년치 존재,2,28.11,1.47,7.7,62356.0,up,81.0,351000.0,116200.0,up,bull,,,,,KOSPI,348000,10116,78461,1.3,전자장비와기기
36530,SNT홀딩스,18957.0,18205.0,22357.0,25890.0,,,1790.0,2312.0,3007.0,3600.0,,,22.81,15.8,,,22.81,30.06,19.72,,,30.06,2년치 존재,2,3.23,0.23,9.94,12379.0,down,51.6,69100.0,51800.0,up,bear_cross,,,,,KOSPI,62100,10125,13985,1.1,자동차부품
3030,세아제강지주,39133.0,36751.0,37596.0,39650.0,,,5909.0,2116.0,2058.0,2010.0,,,2.3,5.46,,,5.46,-2.74,-2.33,,,-2.33,2년치 존재,2,3.5,0.54,3.11,52609.0,down,61.9,253000.0,121700.0,up,bear,,,,,KOSPI,240000,9940,87602,1.7,철강
33240,자화전자,5033.0,6811.0,8489.0,10168.0,10153.0,11120.0,-164.0,450.0,420.0,833.0,789.0,870.0,24.64,19.78,-0.15,9.52,24.64,-6.67,98.33,-5.28,10.27,98.33,4년치 존재,4,,1.57,11.15,232690.0,up,67.6,49650.0,31000.0,up,bull,,,,,KOSPI,48650,10511,183639,0.8,통신장비
6120,SK디스커버리,89392.0,90396.0,101640.0,,,,2567.0,1726.0,3614.0,,,,12.44,,,,12.44,109.39,,,,109.39,1년치 존재,1,4.19,0.38,4.49,48491.0,down,45.7,66400.0,50400.0,mixed,bear,,,,,KOSPI,55900,9734,77851,1.6,석유와가스
108320,LX세미콘,19014.0,18656.0,16391.0,16150.0,16410.0,,1290.0,1671.0,1089.0,1000.0,1100.0,,-12.14,-1.47,1.61,,1.61,-34.83,-8.17,10.0,,10.0,3년치 존재,3,13.95,1.45,7.49,140525.0,up,66.0,65700.0,47200.0,up,bull,,,,,KOSPI,62600,10181,143221,1.0,디스플레이장비및부품
137310,에스디바이오센서,6557.0,6946.0,7106.0,,,,-2481.0,-541.0,-809.0,,,,2.3,,,,2.3,-49.54,,,,-49.54,1년치 존재,1,,0.5,-19.5,152504.0,down,52.6,9310.0,7260.0,mixed,bear_cross,,,,,KOSPI,8420,10167,100514,0.7,건강관리장비와용품
3160,디아이,2145.0,2140.0,4323.0,5375.0,,,61.0,31.0,365.0,822.0,,,102.01,24.33,,,102.01,1077.42,125.21,,,1077.42,2년치 존재,2,56.54,1.08,3.21,382002.0,up,52.5,38750.0,27100.0,mixed,bull,,,,,KOSPI,33250,9410,321406,0.8,반도체와반도체장비
57050,현대홈쇼핑,20645.0,38535.0,37898.0,,,,600.0,1301.0,1308.0,,,,-1.65,,,,-1.65,0.54,,,,0.54,1년치 존재,1,3.79,0.24,4.36,26126.0,up,56.0,94200.0,57200.0,up,bull,,,,,KOSPI,84900,10188,30605,1.2,인터넷과카탈로그소매
248070,솔루엠,19511.0,15944.0,17002.0,18933.0,,,1545.0,691.0,465.0,852.0,,,6.64,11.36,,,11.36,-32.71,83.23,,,83.23,2년치 존재,2,11.34,3.33,2.74,313735.0,up,58.2,19950.0,15510.0,up,bull,,,,,KOSPI,19400,9276,249545,0.8,전자장비와기기
2020,코오롱,58784.0,59200.0,58861.0,65783.0,,,993.0,-920.0,605.0,3038.0,,,-0.57,11.76,,,11.76,165.76,402.15,,,402.15,2년치 존재,2,27.83,0.22,-8.92,79942.0,up,63.8,75000.0,50600.0,up,bull,,,,,KOSPI,72000,9294,149617,1.9,복합기업
79900,전진건설로봇,1584.0,1698.0,1907.0,2098.0,,,329.0,313.0,287.0,356.0,,,12.31,10.02,,,12.31,-8.31,24.04,,,24.04,2년치 존재,2,17.2,5.99,20.58,306402.0,down,51.5,73000.0,46850.0,up,bear,,,,,KOSPI,64100,9354,104619,0.3,기계
64960,SNT모티브,11363.0,9689.0,10064.0,10827.0,,,1166.0,981.0,1026.0,1122.0,,,3.87,7.58,,,7.58,4.59,9.36,,,9.36,2년치 존재,2,7.26,0.63,6.97,68111.0,up,52.0,37250.0,31200.0,up,bull,,,,,KOSPI,35000,9289,118835,1.7,자동차부품
25540,한국단자,12969.0,15098.0,14428.0,14615.0,,,1117.0,1713.0,1393.0,1570.0,,,-4.44,1.3,,,1.3,-18.68,12.71,,,12.71,2년치 존재,2,10.71,0.83,9.47,37390.0,up,73.2,91400.0,67200.0,up,bull,,,,,KOSPI,91400,9245,52008,1.4,자동차부품
71320,지역난방공사,39537.0,35703.0,39982.0,36902.0,,,3147.0,3279.0,5296.0,3270.0,,,11.98,-7.7,,,11.98,61.51,-38.26,,,61.51,2년치 존재,2,1.42,0.14,14.84,26809.0,down,44.3,112200.0,69500.0,mixed,bull,,,,,KOSPI,76500,8858,36761,1.4,복합유틸리티
30190,NICE평가정보,4857.0,5350.0,6021.0,6526.0,,,653.0,868.0,1044.0,1152.0,,,12.54,8.39,,,12.54,20.28,10.34,,,20.28,2년치 존재,2,10.25,1.52,17.65,76222.0,down,42.6,17730.0,14920.0,mixed,bull,,,,,KOSPI,15300,9013,84282,1.1,상업서비스와공급품
4490,세방전지,16848.0,20595.0,21421.0,,,,1299.0,1797.0,1538.0,,,,4.01,,,,4.01,-14.41,,,,-14.41,1년치 존재,1,6.97,0.59,9.12,45238.0,up,61.5,71600.0,57900.0,mixed,bull,,,,,KOSPI,66000,9148,64789,1.4,자동차부품
336370,솔루스첨단소재,4294.0,5709.0,6161.0,6380.0,,,-732.0,-544.0,-733.0,-476.0,,,7.92,3.55,,,7.92,-34.74,35.06,,,35.06,2년치 존재,2,6.42,1.64,-9.15,1424072.0,up,56.8,16150.0,7090.0,up,bull,,,,,KOSPI,13090,9191,3202972,2.2,전자장비와기기
3620,KG모빌리티,37364.0,39051.0,43036.0,50314.0,,,125.0,14.0,362.0,458.0,,,10.2,16.91,,,16.91,2485.71,26.52,,,2485.71,2년치 존재,2,194.67,1.6,3.21,1521518.0,up,65.2,4420.0,3280.0,up,bull,,,,,KOSPI,4335,8773,1050108,0.7,자동차
5090,SGC에너지,30241.0,23550.0,24607.0,26286.0,,,1068.0,1896.0,958.0,1610.0,,,4.49,6.82,,,6.82,-49.47,68.06,,,68.06,2년치 존재,2,9.48,0.55,-8.42,185847.0,up,54.1,68600.0,21300.0,up,bull,,,,,KOSPI,59700,8602,141354,0.8,에너지장비및서비스
5880,대한해운,13974.0,17472.0,12770.0,13499.0,,,2500.0,3286.0,2072.0,2338.0,,,-26.91,5.71,,,5.71,-36.94,12.84,,,12.84,2년치 존재,2,10.07,0.42,8.63,35878328.0,up,50.8,3090.0,1979.0,up,bear,,,,,KOSPI,2595,8375,44947,0.0,해운사
3850,보령,8596.0,10171.0,10174.0,,,,683.0,705.0,651.0,,,,0.03,,,,0.03,-7.66,,,,-7.66,1년치 존재,1,20.32,1.43,7.89,187281.0,down,53.7,10680.0,8750.0,up,bear_cross,,,,,KOSPI,9940,8527,111423,0.6,제약
79160,CJ CGV,15458.0,19579.0,22754.0,24127.0,,,491.0,759.0,962.0,1208.0,,,16.22,6.03,,,16.22,26.75,25.57,,,26.75,2년치 존재,2,,1.68,-22.79,308425.0,up,52.7,6090.0,4610.0,mixed,bull,,,,,KOSPI,4935,8171,317892,1.0,방송과엔터테인먼트
11930,신성이엔지,5765.0,5823.0,5675.0,6995.0,,,74.0,50.0,13.0,250.0,,,-2.54,23.26,,,23.26,-74.0,1823.08,,,1823.08,2년치 존재,2,25.88,1.71,-2.97,62595020.0,up,62.0,4295.0,1752.0,,bull,,,,,KOSPI,3995,8224,0,,반도체와반도체장비
249420,일동제약,6008.0,6149.0,5669.0,,,,-539.0,131.0,195.0,,,,-7.81,,,,-7.81,48.85,,,,48.85,1년치 존재,1,,2.99,13.59,153979.0,down,37.4,39100.0,26500.0,down,bull,,,,,KOSPI,26500,8384,155369,1.0,제약
14820,동원시스템즈,12767.0,13343.0,13729.0,,,,809.0,919.0,662.0,,,,2.89,,,,2.89,-27.97,,,,-27.97,1년치 존재,1,15.72,1.31,6.33,44058.0,up,61.5,29550.0,22900.0,mixed,bull,,,,,KOSPI,28100,8147,63882,1.4,포장재
317450,명인제약,2423.0,2694.0,2873.0,,,,836.0,928.0,925.0,,,,6.64,,,,6.64,-0.32,,,,-0.32,1년치 존재,1,10.26,1.03,12.28,19739.0,down,45.2,67700.0,52500.0,mixed,bull,,,,,KOSPI,55800,8147,15326,0.8,제약
10780,아이에스동서,20294.0,15146.0,12344.0,13448.0,,,3405.0,1697.0,681.0,1423.0,,,-18.5,8.94,,,8.94,-59.87,108.96,,,108.96,2년치 존재,2,5.55,0.56,-4.13,82519.0,down,43.7,33450.0,22500.0,down,bear_cross,,,,,KOSPI,26700,8060,173963,2.1,건설
460860,동국제강,26321.0,35275.0,32034.0,35819.0,,,2355.0,1025.0,594.0,946.0,,,-9.19,11.82,,,11.82,-42.05,59.26,,,59.26,2년치 존재,2,2.46,0.35,0.46,995319.0,up,78.1,16310.0,8190.0,up,bull,,,,,KOSPI,15390,7635,814258,0.8,철강
370,한화손해보험,60729.0,65973.0,74497.0,,,,3065.0,4357.0,4296.0,4800.0,,,12.92,,,,12.92,-1.4,11.73,,,11.73,2년치 존재,2,2.53,0.19,10.56,373634.0,down,49.1,9300.0,5850.0,mixed,bull,,,,,KOSPI,6620,7728,92,0.0,손해보험
214320,이노션,20929.0,21206.0,21460.0,21796.0,,,1500.0,1557.0,1628.0,1740.0,,,1.2,1.57,,,1.57,4.56,6.88,,,6.88,2년치 존재,2,8.41,0.94,8.88,198371.0,up,69.0,20600.0,17620.0,mixed,bull,,,,,KOSPI,19800,7920,395263,2.0,광고
69260,TKG휴켐스,10527.0,11882.0,11277.0,,,,1212.0,808.0,656.0,,,,-5.09,,,,-5.09,-18.81,,,,-18.81,1년치 존재,1,6.52,0.98,6.77,151823.0,up,62.7,21200.0,16900.0,mixed,bull,,,,,KOSPI,18890,7722,133840,0.9,화학
178920,PI첨단소재,2176.0,2513.0,2634.0,2927.0,,,-39.0,338.0,430.0,629.0,,,4.81,11.12,,,11.12,27.22,46.28,,,46.28,2년치 존재,2,,2.84,8.86,205599.0,up,60.2,26650.0,15860.0,up,bull,,,,,KOSPI,25750,7562,326562,1.6,화학
161000,애경케미칼,17937.0,16422.0,14523.0,,,,451.0,155.0,-102.0,,,,-11.56,,,,-11.56,-165.81,,,,-165.81,1년치 존재,1,22.56,1.01,-0.41,2013899.0,up,55.3,19100.0,8910.0,up,bull,,,,,KOSPI,15530,7555,735365,0.4,화학
1270,부국증권,8150.0,7792.0,9655.0,,,,691.0,367.0,568.0,,,,23.91,,,,23.91,54.77,,,,54.77,1년치 존재,1,5.06,0.25,5.69,12590.0,down,44.3,103300.0,67900.0,down,bear,,,,,KOSPI,73000,7570,16576,1.3,증권
114090,GKL,3967.0,3964.0,4229.0,4535.0,,,510.0,383.0,526.0,612.0,,,6.69,7.24,,,7.24,37.34,16.35,,,37.34,2년치 존재,2,19.03,2.03,11.01,239542.0,up,52.9,13840.0,11200.0,mixed,bull,,,,,KOSPI,12060,7460,221628,0.9,"호텔,레스토랑,레저"
17940,E1,78277.0,111924.0,103925.0,104365.0,,,932.0,2234.0,3241.0,2544.0,,,-7.15,0.42,,,0.42,45.08,-21.51,,,45.08,2년치 존재,2,2.0,0.22,5.29,14604.0,up,70.7,112500.0,86500.0,mixed,bull,,,,,KOSPI,108300,7429,20741,1.4,가스유틸리티
7700,F&F홀딩스,19863.0,18983.0,19338.0,,,,5144.0,4164.0,4342.0,,,,1.87,,,,1.87,4.27,,,,4.27,1년치 존재,1,5.0,0.29,5.56,12616.0,down,51.5,22550.0,17630.0,mixed,bull,,,,,KOSPI,19200,7510,10588,0.8,"섬유,의류,신발,호화품"
1060,JW중외제약,7485.0,7194.0,7753.0,,,,1003.0,825.0,945.0,,,,7.77,,,,7.77,14.55,,,,14.55,1년치 존재,1,23.92,3.3,17.6,72650.0,up,50.0,39050.0,28600.0,mixed,bull,,,,,KOSPI,31200,7265,49129,0.7,제약
2350,넥센타이어,27017.0,28479.0,31896.0,33574.0,,,1870.0,1721.0,1703.0,2038.0,,,12.0,5.26,,,12.0,-1.05,19.67,,,19.67,2년치 존재,2,8.15,0.49,7.71,157036.0,up,47.1,9730.0,6990.0,mixed,bull,,,,,KOSPI,7430,7257,349676,2.2,자동차부품
58650,세아홀딩스,64192.0,60168.0,66111.0,66902.0,,,2008.0,992.0,1755.0,2106.0,,,9.88,1.2,,,9.88,76.92,20.0,,,76.92,2년치 존재,2,5.27,0.2,2.93,3353.0,up,56.9,181000.0,142600.0,mixed,bull,,,,,KOSPI,162300,7000,4941,1.5,철강
16380,KG스틸,34298.0,33010.0,31934.0,33983.0,,,2804.0,2060.0,1507.0,1784.0,,,-3.26,6.42,,,6.42,-26.84,18.38,,,18.38,2년치 존재,2,3.8,0.47,6.73,799015.0,up,79.8,7030.0,5160.0,up,bull,,,,,KOSPI,7030,7031,2401855,3.0,철강
2840,미원상사,4214.0,4358.0,4411.0,,,,672.0,599.0,436.0,,,,1.22,,,,1.22,-27.21,,,,-27.21,1년치 존재,1,13.53,2.14,10.66,5057.0,up,71.3,156000.0,130000.0,mixed,bull,,,,,KOSPI,151800,7210,7172,1.4,화학
93050,LF,19007.0,19563.0,18824.0,18563.0,,,574.0,1261.0,1681.0,1664.0,,,-3.78,-1.39,,,-1.39,33.31,-1.01,,,33.31,2년치 존재,2,4.7,0.25,6.18,41219.0,down,51.9,26250.0,19000.0,up,bear,,,,,KOSPI,24800,7252,48032,1.2,"섬유,의류,신발,호화품"
1680,대상,41075.0,42551.0,44013.0,,,,1237.0,1769.0,1693.0,,,,3.44,,,,3.44,-4.3,,,,-4.3,1년치 존재,1,11.14,0.57,-24.41,95647.0,down,49.2,24000.0,19380.0,mixed,bull,,,,,KOSPI,20700,7172,70900,0.7,식품
5180,빙그레,13943.0,14630.0,14896.0,15553.0,,,1122.0,1313.0,884.0,1002.0,,,1.82,4.41,,,4.41,-32.67,13.35,,,13.35,2년치 존재,2,6.25,0.75,7.58,32965.0,down,52.2,86900.0,70300.0,mixed,bull,,,,,KOSPI,75000,6952,37160,1.1,식품
1820,삼화콘덴서,2808.0,2954.0,2945.0,3230.0,,,237.0,178.0,129.0,200.0,,,-0.3,9.68,,,9.68,-27.53,55.04,,,55.04,2년치 존재,2,19.03,1.61,4.62,302625.0,up,59.4,71000.0,30200.0,up,bull,,,,,KOSPI,67200,6985,268945,0.9,전기제품
3280,흥아해운,1648.0,1880.0,1808.0,,,,246.0,275.0,113.0,,,,-3.83,,,,-3.83,-58.91,,,,-58.91,1년치 존재,1,17.61,3.62,12.66,40807097.0,up,44.5,4470.0,1672.0,mixed,bear,,,,,KOSPI,2890,6948,29635438,0.7,해운사
2240,고려제강,17889.0,17396.0,18092.0,,,,563.0,261.0,407.0,,,,4.0,,,,4.0,55.94,,,,55.94,1년치 존재,1,7.1,0.3,0.53,81197.0,up,60.6,27200.0,20150.0,up,bull,,,,,KOSPI,25700,6939,34544,0.4,철강
383800,LX홀딩스,1181.0,1945.0,1904.0,,,,732.0,1560.0,1334.0,,,,-2.11,,,,-2.11,-14.49,,,,-14.49,1년치 존재,1,6.95,0.33,7.01,182881.0,up,60.3,9840.0,7800.0,mixed,bull,,,,,KOSPI,9100,6942,154274,0.8,무역회사와판매업체
5420,코스모화학,7990.0,7493.0,6642.0,,,,30.0,-20.0,-160.0,,,,-11.36,,,,-11.36,-700.0,,,,-700.0,1년치 존재,1,,5.08,-13.52,338719.0,up,59.1,18790.0,12720.0,up,bull,,,,,KOSPI,17750,6817,358974,1.1,화학
271940,일진하이솔루스,787.0,793.0,816.0,,,,-98.0,-95.0,-112.0,,,,2.9,,,,2.9,-17.89,,,,-17.89,1년치 존재,1,678.89,3.03,-0.19,79765.0,up,67.8,18870.0,13480.0,up,bull,,,,,KOSPI,18280,6638,163225,2.0,자동차부품
1570,금양,1520.0,1537.0,1028.0,,,,-146.0,-560.0,-447.0,,,,-33.12,,,,-33.12,20.18,,,,20.18,1년치 존재,1,,32.33,-13.87,,,,,,,,,,,,KOSPI,9900,6333,0,,화학
2960,한국쉘석유,3205.0,3272.0,3450.0,,,,423.0,460.0,528.0,,,,5.44,,,,5.44,14.78,,,,14.78,1년치 존재,1,7.86,2.33,36.04,2483.0,up,58.5,559000.0,431500.0,up,bull_cross,,,,,KOSPI,509000,6617,5190,2.1,화학
1500,현대차증권,15822.0,17956.0,18205.0,,,,652.0,547.0,723.0,,,,1.39,,,,1.39,32.18,,,,32.18,1년치 존재,1,6.38,0.27,4.21,215237.0,up,50.1,13800.0,8900.0,mixed,bull,,,,,KOSPI,10970,6783,254335,1.2,증권
640,동아쏘시오홀딩스,11320.0,13332.0,14298.0,15374.0,,,769.0,821.0,978.0,1075.0,,,7.25,7.53,,,7.53,19.12,9.92,,,19.12,2년치 존재,2,11.06,0.62,8.32,14576.0,up,49.2,120600.0,91500.0,mixed,bull,,,,,KOSPI,97900,6591,8832,0.6,제약
217590,티엠씨,3723.0,3757.0,3409.0,3965.0,,,120.0,109.0,64.0,137.0,,,-9.26,16.31,,,16.31,-41.28,114.06,,,114.06,2년치 존재,2,,6.23,-0.47,901896.0,down,56.7,34650.0,11800.0,up,bear,,,,,KOSPI,28950,6975,299228,0.3,조선
9900,명신산업,17389.0,15738.0,16192.0,16861.0,17694.0,18815.0,2081.0,1481.0,1026.0,1353.0,1419.0,1585.0,2.88,4.13,4.94,6.34,6.34,-30.72,31.87,4.88,11.7,31.87,4년치 존재,4,6.53,1.86,9.4,945378.0,up,64.3,14700.0,8600.0,up,bull,,,,,KOSPI,13300,6979,875611,0.9,자동차부품
400,롯데손해보험,25591.0,31515.0,32207.0,,,,3754.0,311.0,647.0,,,,2.2,,,,2.2,108.04,,,,108.04,1년치 존재,1,2.6,0.57,7.29,507522.0,down,50.0,2725.0,1638.0,up,bear,,,,,KOSPI,2115,6564,452931,0.9,손해보험
10820,퍼스텍,1731.0,2073.0,2948.0,,,,25.0,43.0,107.0,,,,42.21,,,,42.21,148.84,,,,148.84,1년치 존재,1,34.04,2.53,20.16,10796970.0,up,59.1,16360.0,4570.0,up,bear_cross,,,,,KOSPI,13500,6584,1352850,0.1,우주항공과국방
5250,녹십자홀딩스,20579.0,22049.0,24515.0,,,,-164.0,-107.0,362.0,,,,11.18,,,,11.18,438.32,,,,438.32,1년치 존재,1,,0.76,-7.34,90978.0,down,47.4,16810.0,13330.0,mixed,bull,,,,,KOSPI,13960,6565,99694,1.1,제약
6380,카프로,756.0,51.0,246.0,,,,-395.0,-84.0,-211.0,,,,382.35,,,,382.35,-151.19,,,,-151.19,1년치 존재,1,,1.0,-39.23,,,,,,,,,,,,KOSPI,3660,6185,0,,화학
130660,한전산업,3633.0,3675.0,3945.0,,,,260.0,161.0,66.0,,,,7.35,,,,7.35,-59.01,,,,-59.01,1년치 존재,1,15.41,2.31,3.71,550540.0,up,53.0,25650.0,12950.0,mixed,bull,,,,,KOSPI,20100,6553,368792,0.7,전기유틸리티
5810,풍산홀딩스,4067.0,4494.0,4325.0,4715.0,,,678.0,1048.0,668.0,824.0,,,-3.76,9.02,,,9.02,-36.26,23.35,,,23.35,2년치 존재,2,4.47,0.35,6.57,540756.0,down,53.8,54800.0,34300.0,mixed,bear,,,,,KOSPI,45250,6524,153690,0.3,비철금속
14830,유니드,11337.0,11116.0,13388.0,15308.0,,,321.0,954.0,879.0,1144.0,,,20.44,14.34,,,20.44,-7.86,30.15,,,30.15,2년치 존재,2,28.21,0.5,6.23,47784.0,down,63.2,98000.0,71800.0,up,bull,,,,,KOSPI,94800,6416,49918,1.0,화학
39130,하나투어,4116.0,6166.0,5869.0,6605.0,,,340.0,509.0,576.0,682.0,,,-4.82,12.54,,,12.54,13.16,18.4,,,18.4,2년치 존재,2,17.77,4.74,19.79,54428.0,down,48.5,51100.0,39200.0,mixed,bull,,,,,KOSPI,41850,6483,70681,1.3,"호텔,레스토랑,레저"
1530,DI동일,6829.0,6517.0,6014.0,6992.0,,,63.0,78.0,-15.0,120.0,,,-7.72,16.26,,,16.26,-119.23,900.0,,,900.0,2년치 존재,2,240.03,1.0,-1.8,146661.0,up,66.1,32400.0,19390.0,up,bull,,,,,KOSPI,30050,6225,97118,0.7,"섬유,의류,신발,호화품"
8730,율촌화학,4145.0,4571.0,4854.0,,,,-162.0,-184.0,85.0,,,,6.19,,,,6.19,146.2,,,,146.2,1년치 존재,1,,2.57,1.43,106859.0,up,47.9,28500.0,22100.0,up,bear,,,,,KOSPI,25750,6386,93014,0.9,포장재
3000,부광약품,1259.0,1601.0,2007.0,,,,-375.0,16.0,142.0,,,,25.36,,,,25.36,787.5,,,,787.5,1년치 존재,1,,1.87,4.3,2079644.0,down,39.7,9600.0,3855.0,mixed,bear,,,,,KOSPI,6320,6236,2338335,1.1,제약
3545,대신증권우,38546.0,40939.0,50639.0,,,,1613.0,836.0,3014.0,3720.0,,,23.69,,,,23.69,260.53,23.42,,,260.53,2년치 존재,2,9.28,0.32,5.06,73801.0,down,42.7,29800.0,22200.0,down,bear,,,,,KOSPI,23700,5970,180486,2.4,증권
19170,신풍제약,2002.0,2211.0,2347.0,,,,-474.0,-205.0,143.0,,,,6.15,,,,6.15,169.76,,,,169.76,1년치 존재,1,,2.57,3.35,617359.0,down,52.2,14090.0,10100.0,mixed,bull,,,,,KOSPI,11690,6128,125452,0.2,제약
20000,한섬,15286.0,14853.0,14918.0,15892.0,,,1005.0,635.0,522.0,905.0,,,0.44,6.53,,,6.53,-17.8,73.37,,,73.37,2년치 존재,2,5.62,0.3,3.25,112384.0,up,61.4,27300.0,18150.0,up,bull,,,,,KOSPI,26550,5957,136214,1.2,"섬유,의류,신발,호화품"
268280,미원에스씨,4377.0,5093.0,5321.0,,,,225.0,588.0,655.0,,,,4.48,,,,4.48,11.39,,,,11.39,1년치 존재,1,37.33,1.81,14.34,1921.0,up,48.8,144900.0,119000.0,down,bull,,,,,KOSPI,122500,6125,2543,1.3,화학
17900,광전자,1257.0,1302.0,1327.0,,,,-44.0,15.0,12.0,,,,1.92,,,,1.92,-20.0,,,,-20.0,1년치 존재,1,,0.45,1.77,18506024.0,down,55.0,17780.0,1763.0,,bear,,,,,KOSPI,10110,5858,1990,0.0,전자장비와기기
9410,태영건설,33529.0,26862.0,21745.0,,,,-4045.0,206.0,528.0,,,,-19.05,,,,-19.05,156.31,,,,156.31,1년치 존재,1,,0.96,11.28,1897236.0,up,49.8,2125.0,1546.0,up,bear,,,,,KOSPI,1960,5833,781793,0.4,건설
25860,남해화학,15881.0,15191.0,16044.0,,,,111.0,363.0,431.0,,,,5.62,,,,5.62,18.73,,,,18.73,1년치 존재,1,30.72,0.7,5.41,6798533.0,up,76.7,11740.0,6620.0,up,bull,,,,,KOSPI,11740,5832,45415378,6.7,화학
452260,한화갤러리아,4345.0,5383.0,5752.0,,,,98.0,34.0,94.0,,,,6.85,,,,6.85,176.47,,,,176.47,1년치 존재,1,,0.32,0.41,8580004.0,up,61.0,3480.0,1907.0,up,bull,,,,,KOSPI,3070,5951,4336233,0.5,백화점과일반상점
16610,DB증권,12070.0,13185.0,19220.0,,,,213.0,619.0,1167.0,,,,45.77,,,,45.77,88.53,,,,88.53,1년치 존재,1,26.48,0.16,7.66,89386.0,down,50.9,17550.0,11950.0,mixed,bull,,,,,KOSPI,13660,5798,96881,1.1,증권
105840,우진,1291.0,1407.0,1504.0,1565.0,,,154.0,161.0,142.0,174.0,,,6.89,4.06,,,6.89,-11.8,22.54,,,22.54,2년치 존재,2,16.19,1.09,4.48,731916.0,up,58.5,31200.0,18900.0,up,bull,,,,,KOSPI,28050,5665,433842,0.6,기계
403550,쏘카,3985.0,4318.0,4707.0,5147.0,,,-97.0,-98.0,232.0,338.0,,,9.01,9.35,,,9.35,336.73,45.69,,,336.73,2년치 존재,2,,2.38,-10.56,38422.0,up,87.0,17810.0,10620.0,up,bull,,,,,KOSPI,17810,5849,120838,3.1,도로와철도운송
6405,삼성SDI우,214368.0,165922.0,132667.0,154990.0,,,15455.0,3633.0,-17224.0,-990.0,,,-20.04,16.83,,,16.83,-574.1,94.25,,,94.25,2년치 존재,2,16.63,1.72,-3.15,24180.0,up,79.0,359000.0,194700.0,up,bull,,,,,KOSPI,354000,5727,49,0.0,전기제품
5389,현대차3우B,1626636.0,1752312.0,1862545.0,1943974.0,,,151269.0,142396.0,114679.0,120775.0,,,6.29,4.37,,,6.29,-19.46,5.32,,,5.32,2년치 존재,2,4.67,0.58,8.41,12160.0,down,49.3,306500.0,224000.0,mixed,bull,,,,,KOSPI,241500,5621,13465,1.1,자동차
2030,아세아,21159.0,20074.0,18845.0,,,,2404.0,1724.0,1110.0,,,,-6.12,,,,-6.12,-35.61,,,,-35.61,1년치 존재,1,4.33,0.3,2.65,2517.0,down,49.6,293500.0,262500.0,down,bull,,,,,KOSPI,271000,5579,3667,1.5,건축자재
70,삼양홀딩스,32109.0,34150.0,33483.0,,,,948.0,1080.0,1088.0,,,,-1.95,,,,-1.95,0.74,,,,0.74,1년치 존재,1,2.37,0.18,-10.17,9686.0,up,55.4,74500.0,59600.0,mixed,bull,,,,,KOSPI,69800,5419,13507,1.4,화학
284740,쿠쿠홈시스,9546.0,10572.0,11213.0,,,,1449.0,1700.0,1694.0,,,,6.06,,,,6.06,-0.35,,,,-0.35,1년치 존재,1,4.3,0.6,11.7,14201.0,down,51.2,26950.0,22700.0,mixed,bull,,,,,KOSPI,24400,5475,12464,0.9,가정용기기와용품
1200,유진투자증권,16477.0,16526.0,16941.0,,,,270.0,583.0,844.0,,,,2.51,,,,2.51,44.77,,,,44.77,1년치 존재,1,11.16,0.32,5.91,2541325.0,up,58.4,6280.0,3970.0,up,bull,,,,,KOSPI,5590,5415,3549547,1.4,증권
381970,케이카,20476.0,23015.0,24388.0,25424.0,,,590.0,681.0,760.0,822.0,,,5.97,4.25,,,5.97,11.6,8.16,,,11.6,2년치 존재,2,19.87,2.4,22.63,221568.0,up,42.5,15260.0,9880.0,mixed,bull,,,,,KOSPI,11000,5370,221593,1.0,자동차
34310,NICE,28189.0,30383.0,32426.0,,,,970.0,1743.0,1981.0,,,,6.72,,,,6.72,13.65,,,,13.65,1년치 존재,1,128.49,0.62,4.98,42455.0,up,68.0,15430.0,13020.0,mixed,bull,,,,,KOSPI,14590,5363,91358,2.2,IT서비스
453340,현대그린푸드,18270.0,22704.0,23296.0,,,,648.0,967.0,1068.0,,,,2.61,,,,2.61,10.44,,,,10.44,1년치 존재,1,8.28,0.62,12.46,26587.0,up,65.0,16540.0,14950.0,up,bull,,,,,KOSPI,16540,5376,42456,1.6,식품
950210,프레스티지바이오파마,2.0,7.0,143.0,,,,-696.0,-628.0,-674.0,,,,1942.86,,,,1942.86,-7.32,,,,-7.32,1년치 존재,1,32.32,1.26,3.63,76886.0,down,38.2,12570.0,8910.0,down,bear,,,,,KOSPI,8910,5355,96705,1.3,제약
4690,삼천리,56640.0,51205.0,52755.0,,,,1745.0,1143.0,1596.0,,,,3.03,,,,3.03,39.63,,,,39.63,1년치 존재,1,3.2,0.21,6.84,16623.0,up,62.8,157800.0,130800.0,mixed,bull,,,,,KOSPI,147600,5353,19363,1.2,가스유틸리티
3300,한일홀딩스,23631.0,22487.0,19305.0,,,,2620.0,2793.0,1232.0,,,,-14.15,,,,-14.15,-55.89,,,,-55.89,1년치 존재,1,3.3,0.23,1.91,23111.0,down,53.1,20000.0,15330.0,up,bull,,,,,KOSPI,17550,5411,23965,1.0,건축자재
92790,넥스틸,6191.0,5524.0,5510.0,,,,1573.0,632.0,399.0,,,,-0.25,,,,-0.25,-36.87,,,,-36.87,1년치 존재,1,1.31,0.42,7.76,2923116.0,up,68.1,21850.0,9910.0,up,bull,,,,,KOSPI,20300,5278,1053740,0.4,철강
8060,대덕,12793.0,12672.0,13850.0,,,,313.0,84.0,113.0,,,,9.3,,,,9.3,34.52,,,,34.52,1년치 존재,1,17.54,0.37,0.59,103649.0,up,68.9,17300.0,10550.0,up,bull,,,,,KOSPI,16650,5209,71300,0.7,전자장비와기기
377740,바이오노트,901.0,1028.0,1183.0,,,,-470.0,122.0,167.0,,,,15.08,,,,15.08,36.89,,,,36.89,1년치 존재,1,,0.28,-5.56,60397.0,down,46.7,6230.0,4850.0,mixed,bull,,,,,KOSPI,5110,5206,45251,0.7,건강관리장비와용품
16590,신대양제지,6454.0,6585.0,6395.0,,,,585.0,293.0,222.0,,,,-2.89,,,,-2.89,-24.23,,,,-24.23,1년치 존재,1,4.73,0.32,3.83,109009.0,down,49.6,16400.0,11590.0,down,bear,,,,,KOSPI,13050,5259,29350,0.3,포장재
2710,TCC스틸,6244.0,5821.0,6115.0,6867.0,,,113.0,123.0,-109.0,-59.0,,,5.05,12.3,,,12.3,-188.62,45.87,,,45.87,2년치 존재,2,,6.68,-2.98,616455.0,up,61.4,22600.0,11930.0,up,bull,,,,,KOSPI,19730,5172,566528,0.9,철강
5945,NH투자증권우,103712.0,100342.0,136989.0,191980.0,,,7258.0,9011.0,14206.0,19891.0,,,36.52,40.14,,,40.14,57.65,40.02,,,57.65,2년치 존재,2,6.51,0.47,11.76,67328.0,up,56.1,29000.0,21700.0,up,bull,,,,,KOSPI,27200,5133,71699,1.1,증권
157,두산2우B,191301.0,181329.0,197841.0,215138.0,,,14363.0,10038.0,10627.0,16891.0,,,9.11,8.74,,,9.11,5.87,58.94,,,58.94,2년치 존재,2,,1.03,4.99,1527.0,up,72.7,567000.0,369000.0,up,bull,,,,,KOSPI,564000,5037,1018,0.7,복합기업
90435,아모레퍼시픽우,36740.0,38851.0,42528.0,45832.0,,,1082.0,2205.0,3358.0,4558.0,,,9.46,7.77,,,9.46,52.29,35.74,,,52.29,2년치 존재,2,55.59,2.04,4.41,18199.0,down,52.1,55900.0,43550.0,mixed,bull,,,,,KOSPI,48550,5126,31601,1.7,화장품
31430,신세계인터내셔날,13543.0,10736.0,11100.0,12656.0,,,487.0,72.0,-115.0,350.0,,,3.39,14.02,,,14.02,-259.72,404.35,,,404.35,2년치 존재,2,16.66,0.77,0.51,116918.0,up,67.4,15320.0,11450.0,up,bull,,,,,KOSPI,14870,5202,162443,1.4,"섬유,의류,신발,호화품"
15860,일진홀딩스,14719.0,18000.0,22827.0,,,,575.0,725.0,1456.0,,,,26.82,,,,26.82,100.83,,,,100.83,1년치 존재,1,7.02,0.4,7.36,237509.0,up,72.3,10350.0,6530.0,up,bull,,,,,KOSPI,10320,5093,303291,1.3,전기장비
58430,포스코스틸리온,11585.0,12099.0,11254.0,12090.0,,,306.0,519.0,245.0,460.0,,,-6.98,7.43,,,7.43,-52.79,87.76,,,87.76,2년치 존재,2,13.71,0.95,4.45,2703603.0,up,19.9,48450.0,5090.0,,bear,,,,,KOSPI,8390,5034,4788326,1.8,비철금속
27410,BGF,3564.0,4341.0,4695.0,4790.0,,,606.0,552.0,612.0,630.0,,,8.15,2.02,,,8.15,10.87,2.94,,,10.87,2년치 존재,2,4.69,0.22,3.35,331112.0,up,63.2,5300.0,3920.0,up,bull,,,,,KOSPI,5240,5016,250140,0.8,화학
6220,제주은행,3712.0,3797.0,3659.0,,,,26.0,114.0,99.0,,,,-3.63,,,,-3.63,-13.16,,,,-13.16,1년치 존재,1,51.08,0.49,2.25,129258.0,down,42.6,17190.0,11800.0,mixed,bull,,,,,KOSPI,12620,4770,105953,0.8,은행
126720,수산인더스트리,3247.0,3168.0,3377.0,,,,502.0,435.0,431.0,,,,6.6,,,,6.6,-0.92,,,,-0.92,1년치 존재,1,5.54,0.54,9.17,101867.0,up,69.6,34400.0,23300.0,up,bull,,,,,KOSPI,34050,4864,87257,0.9,에너지장비및서비스
145990,삼양사,26514.0,26718.0,25625.0,,,,1132.0,1335.0,1117.0,,,,-4.09,,,,-4.09,-16.33,,,,-16.33,1년치 존재,1,4.46,0.3,-18.8,9834.0,up,56.9,53500.0,44050.0,mixed,bull,,,,,KOSPI,48200,4971,10561,1.1,식품
1390,KG케미칼,89331.0,88631.0,91016.0,,,,4426.0,3188.0,3057.0,,,,2.69,,,,2.69,-4.11,,,,-4.11,1년치 존재,1,4.93,0.51,7.14,980431.0,up,77.0,7070.0,4570.0,up,bull,,,,,KOSPI,7070,4753,6723253,6.9,자동차
306200,세아제강,18609.0,18094.0,14848.0,17238.0,,,2319.0,2029.0,496.0,652.0,,,-17.94,16.1,,,16.1,-75.55,31.45,,,31.45,2년치 존재,2,2.07,0.39,2.69,36655.0,up,70.4,183000.0,116500.0,up,bull,,,,,KOSPI,177400,5032,31203,0.9,철강
29530,신도리코,4026.0,3410.0,3173.0,,,,301.0,202.0,62.0,,,,-6.95,,,,-6.95,-69.31,,,,-69.31,1년치 존재,1,5.99,0.28,1.88,6298.0,down,41.1,64500.0,49300.0,down,bear_cross,,,,,KOSPI,49950,4853,12606,2.0,사무용전자제품
192650,드림텍,10304.0,11727.0,12306.0,,,,340.0,236.0,314.0,,,,4.94,,,,4.94,33.05,,,,33.05,1년치 존재,1,57.24,2.16,0.02,289312.0,up,48.3,8670.0,6240.0,mixed,bull,,,,,KOSPI,6710,4628,243267,0.8,핸드셋
17810,풀무원,29935.0,32137.0,33802.0,35598.0,,,620.0,918.0,932.0,1214.0,,,5.18,5.31,,,5.31,1.53,30.26,,,30.26,2년치 존재,2,20.97,1.21,5.9,44702.0,down,52.3,13620.0,11470.0,down,bull_cross,,,,,KOSPI,12300,4689,116905,2.6,식품
145720,덴티움,3932.0,4078.0,3465.0,3987.0,,,1383.0,985.0,641.0,817.0,,,-15.03,15.06,,,15.06,-34.92,27.46,,,27.46,2년치 존재,2,15.02,2.43,2.94,45519.0,down,51.5,56600.0,44100.0,up,bear,,,,,KOSPI,53300,4597,33307,0.7,건강관리장비와용품
105630,한세실업,17088.0,17978.0,19418.0,20627.0,,,1682.0,1422.0,834.0,981.0,,,8.01,6.23,,,8.01,-41.35,17.63,,,17.63,2년치 존재,2,7.52,1.29,7.93,56710.0,up,44.8,15510.0,10800.0,mixed,bull,,,,,KOSPI,11540,4616,56210,1.0,"섬유,의류,신발,호화품"
344820,KCC글라스,16801.0,19033.0,19006.0,,,,950.0,572.0,-752.0,,,,-0.14,,,,-0.14,-231.47,,,,-231.47,1년치 존재,1,8.02,0.44,-5.83,31218.0,up,68.3,31050.0,24700.0,up,bull,,,,,KOSPI,29300,4679,17957,0.6,건축자재
72710,농심홀딩스,7695.0,7983.0,8588.0,,,,753.0,866.0,811.0,,,,7.58,,,,7.58,-6.35,,,,-6.35,1년치 존재,1,4.48,0.27,9.03,4273.0,up,59.0,101500.0,86300.0,up,bull,,,,,KOSPI,97600,4526,5935,1.4,식품
194370,제이에스코퍼레이션,8628.0,11175.0,12882.0,14222.0,,,840.0,1213.0,1405.0,1657.0,,,15.28,10.4,,,15.28,15.83,17.94,,,17.94,2년치 존재,2,2.1,0.63,15.29,164568.0,up,66.8,15370.0,10890.0,up,bull,,,,,KOSPI,14790,4292,188763,1.1,"섬유,의류,신발,호화품"
15360,INVENI,11421.0,11604.0,13276.0,,,,132.0,243.0,1117.0,,,,14.41,,,,14.41,359.67,,,,359.67,1년치 존재,1,8.38,0.3,15.46,39009.0,down,16.9,85800.0,15600.0,,bull,,,,,KOSPI,16070,4379,36749,0.9,가스유틸리티
29460,케이씨,7270.0,7385.0,7973.0,,,,664.0,280.0,465.0,,,,7.96,,,,7.96,66.07,,,,66.07,1년치 존재,1,5.25,0.29,5.45,46268.0,up,66.7,39900.0,28100.0,up,bull,,,,,KOSPI,39150,4315,26841,0.6,반도체와반도체장비
10690,화신,18028.0,17123.0,19625.0,21940.0,,,837.0,653.0,1024.0,1234.0,,,14.61,11.8,,,14.61,56.81,20.51,,,56.81,2년치 존재,2,6.18,1.07,12.25,335130.0,up,54.9,15530.0,8890.0,up,bull,,,,,KOSPI,12400,4330,231169,0.7,자동차부품
84010,대한제강,14478.0,12245.0,12471.0,12930.0,,,1099.0,103.0,-29.0,198.0,,,1.85,3.68,,,3.68,-128.16,782.76,,,782.76,2년치 존재,2,4.38,0.34,1.86,174792.0,up,58.1,13650.0,10040.0,mixed,bull,,,,,KOSPI,12660,4351,148665,0.9,철강
170900,동아에스티,6640.0,6979.0,8088.0,,,,112.0,-250.0,6.0,,,,15.89,,,,15.89,102.4,,,,102.4,1년치 존재,1,54.62,0.91,-4.35,13920.0,down,44.5,57800.0,42450.0,mixed,bull,,,,,KOSPI,44300,4309,11166,0.8,제약
89590,제주항공,17240.0,19358.0,15799.0,18798.0,,,1698.0,799.0,-1117.0,-255.0,,,-18.39,18.98,,,18.98,-239.8,77.17,,,77.17,2년치 존재,2,6.75,3.04,-38.85,238290.0,down,50.4,6580.0,4925.0,mixed,bull,,,,,KOSPI,5310,4282,159999,0.7,항공사
4700,조광피혁,1266.0,902.0,979.0,,,,63.0,72.0,88.0,,,,8.54,,,,8.54,22.22,,,,22.22,1년치 존재,1,36.64,0.41,2.06,1616.0,up,52.0,80100.0,60200.0,mixed,bull,,,,,KOSPI,69000,4588,1261,0.8,"섬유,의류,신발,호화품"
5610,삼립,34333.0,34279.0,33705.0,,,,917.0,950.0,387.0,,,,-1.67,,,,-1.67,-59.26,,,,-59.26,1년치 존재,1,10.75,1.21,2.92,3704.0,down,45.4,53800.0,49150.0,down,bull,,,,,KOSPI,49700,4289,4484,1.2,식품
17860,DS단석,10704.0,9617.0,9549.0,,,,762.0,122.0,80.0,,,,-0.71,,,,-0.71,-34.43,,,,-34.43,1년치 존재,1,36.35,6.11,-4.37,654670.0,up,62.2,26250.0,15610.0,up,bull,,,,,KOSPI,24000,4262,336691,0.5,화학
1250,GS글로벌,39165.0,40665.0,41093.0,,,,765.0,779.0,523.0,,,,1.05,,,,1.05,-32.86,,,,-32.86,1년치 존재,1,7.58,0.5,3.71,10602156.0,up,76.1,5420.0,2250.0,up,bull,,,,,KOSPI,5110,4217,4014780,0.4,무역회사와판매업체
183190,아세아시멘트,12005.0,11103.0,10228.0,10330.0,,,1469.0,1408.0,771.0,846.0,,,-7.88,1.0,,,1.0,-45.24,9.73,,,9.73,2년치 존재,2,4.56,0.39,1.55,136286.0,up,51.3,13740.0,10380.0,mixed,bull,,,,,KOSPI,11730,4282,95518,0.7,건축자재
9290,광동제약,15145.0,16407.0,16595.0,,,,421.0,301.0,310.0,,,,1.15,,,,1.15,2.99,,,,2.99,1년치 존재,1,10.54,0.55,3.4,232054.0,up,48.0,11080.0,5910.0,up,bull,,,,,KOSPI,8270,4118,250567,1.1,제약
34830,한국토지신탁,2701.0,2363.0,1844.0,2338.0,,,312.0,339.0,-209.0,445.0,,,-21.96,26.79,,,26.79,-161.65,312.92,,,312.92,2년치 존재,2,,0.25,2.1,780874.0,up,54.9,1744.0,1198.0,up,bull,,,,,KOSPI,1597,4032,1089283,1.4,부동산
12030,DB,4586.0,5874.0,6435.0,,,,370.0,296.0,416.0,,,,9.55,,,,9.55,40.54,,,,40.54,1년치 존재,1,17.19,0.84,11.67,2166929.0,up,59.7,2200.0,1596.0,up,bull,,,,,KOSPI,2010,4044,1668401,0.8,IT서비스
16800,퍼시스,3629.0,3857.0,3582.0,,,,352.0,215.0,57.0,,,,-7.13,,,,-7.13,-73.49,,,,-73.49,1년치 존재,1,5.24,0.51,6.07,1264.0,down,33.6,42950.0,35750.0,down,bear,,,,,KOSPI,35900,4128,695,0.5,가구
11760,현대코퍼레이션,65804.0,69957.0,75543.0,80952.0,,,993.0,1335.0,1401.0,1581.0,,,7.98,7.16,,,7.98,4.94,12.85,,,12.85,2년치 존재,2,2.98,0.39,12.91,71547.0,up,62.2,32550.0,22150.0,up,bull,,,,,KOSPI,30900,4088,104294,1.5,무역회사와판매업체
78520,에이블씨엔씨,2736.0,2392.0,2420.0,2700.0,,,114.0,182.0,180.0,300.0,,,1.17,11.57,,,11.57,-1.1,66.67,,,66.67,2년치 존재,2,28.98,2.01,15.88,156418.0,up,67.9,15410.0,9560.0,up,bull,,,,,KOSPI,14920,3881,137376,0.9,화장품
97520,엠씨넥스,9325.0,10571.0,12792.0,13039.0,,,182.0,444.0,520.0,532.0,,,21.01,1.93,,,21.01,17.12,2.31,,,17.12,2년치 존재,2,19.48,1.65,13.61,38756.0,down,46.9,30400.0,20500.0,mixed,bull,,,,,KOSPI,23000,4002,56828,1.5,핸드셋
60980,HL홀딩스,12855.0,13711.0,13350.0,14228.0,,,922.0,904.0,887.0,1026.0,,,-2.63,6.58,,,6.58,-1.88,15.67,,,15.67,2년치 존재,2,6.78,0.32,1.95,19599.0,down,52.5,51600.0,40600.0,mixed,bull,,,,,KOSPI,43450,3945,38201,1.9,자동차부품
7690,국도화학,13118.0,13058.0,13956.0,,,,192.0,253.0,532.0,,,,6.88,,,,6.88,110.28,,,,110.28,1년치 존재,1,47.94,0.41,2.56,22606.0,up,56.9,44350.0,34250.0,up,bull,,,,,KOSPI,41800,3871,27556,1.2,화학
18250,애경산업,6689.0,6791.0,6545.0,6803.0,,,619.0,468.0,211.0,183.0,,,-3.62,3.94,,,3.94,-54.91,-13.27,,,-13.27,2년치 존재,2,10.09,1.24,3.8,67852.0,up,49.9,18000.0,12410.0,up,bull,,,,,KOSPI,14900,3935,72569,1.1,화장품
5010,휴스틸,7648.0,7231.0,6125.0,,,,1232.0,171.0,35.0,,,,-15.3,,,,-15.3,-79.53,,,,-79.53,1년치 존재,1,3.88,0.28,-1.38,5650136.0,up,70.8,7120.0,3970.0,up,bull,,,,,KOSPI,6820,3832,4697315,0.8,철강
9160,SIMPAC,6094.0,8160.0,11790.0,,,,175.0,196.0,460.0,,,,44.49,,,,44.49,134.69,,,,134.69,1년치 존재,1,,0.37,3.79,185584.0,up,60.4,6120.0,4570.0,up,bull,,,,,KOSPI,5870,3837,285984,1.5,비철금속
26890,스틱인베스트먼트,938.0,795.0,912.0,,,,331.0,134.0,172.0,,,,14.72,,,,14.72,28.36,,,,28.36,1년치 존재,1,10.47,1.0,5.99,72740.0,up,55.8,13010.0,8530.0,mixed,bull,,,,,KOSPI,10120,3924,102528,1.4,창업투자
92230,KPX홀딩스,12070.0,12239.0,11637.0,,,,654.0,511.0,430.0,,,,-4.92,,,,-4.92,-15.85,,,,-15.85,1년치 존재,1,2.58,0.22,7.5,2039.0,up,73.2,91000.0,74500.0,up,bull,,,,,KOSPI,91000,3844,1448,0.7,화학
104700,한국철강,9051.0,6000.0,4866.0,5210.0,,,866.0,18.0,-387.0,100.0,,,-18.9,7.07,,,7.07,-2250.0,125.84,,,125.84,2년치 존재,2,4.1,0.3,-1.13,164284.0,up,59.0,11440.0,8950.0,up,bull,,,,,KOSPI,10600,3864,72662,0.4,철강
3720,삼영,1226.0,1260.0,1532.0,1996.0,,,60.0,91.0,149.0,254.0,,,21.59,30.29,,,30.29,63.74,70.47,,,70.47,2년치 존재,2,8.25,2.25,16.59,1784394.0,up,69.6,11700.0,5750.0,up,bull,,,,,KOSPI,11290,3839,1009071,0.6,화학
1940,KISCO홀딩스,15419.0,10132.0,8253.0,8820.0,,,1493.0,-36.0,-707.0,160.0,,,-18.55,6.87,,,6.87,-1863.89,122.63,,,122.63,2년치 존재,2,4.23,0.28,-1.57,6724.0,down,56.2,27650.0,22800.0,up,bear_cross,,,,,KOSPI,27000,3828,11548,1.7,철강
91810,트리니티항공,13488.0,15368.0,17982.0,21800.0,,,1394.0,-123.0,-2655.0,-1650.0,,,17.01,21.23,,,21.23,-2058.54,37.85,,,37.85,2년치 존재,2,5.1,3.26,-503.7,1776009.0,down,40.5,1540.0,830.0,mixed,bull,,,,,KOSPI,925,3820,857850,0.5,항공사
200880,서연이화,35743.0,40415.0,45052.0,,,,1931.0,1544.0,1618.0,,,,11.47,,,,11.47,4.79,,,,4.79,1년치 존재,1,3.29,0.59,5.28,96640.0,up,51.8,16700.0,12600.0,mixed,bull,,,,,KOSPI,14110,3814,79724,0.8,자동차부품
4430,송원산업,10300.0,10702.0,10392.0,,,,585.0,628.0,218.0,,,,-2.9,,,,-2.9,-65.29,,,,-65.29,1년치 존재,1,11.27,0.3,0.31,846956.0,up,92.3,15850.0,8510.0,up,bull,,,,,KOSPI,15850,3804,3060048,3.6,화학
5720,넥센,30361.0,32143.0,35865.0,,,,2210.0,2097.0,2042.0,,,,11.58,,,,11.58,-2.62,,,,-2.62,1년치 존재,1,5.72,0.19,6.86,36789.0,up,61.3,8050.0,5840.0,up,bull,,,,,KOSPI,7200,3783,21773,0.6,자동차부품
2810,삼영무역,4768.0,4802.0,4469.0,,,,172.0,184.0,128.0,,,,-6.93,,,,-6.93,-30.43,,,,-30.43,1년치 존재,1,4.57,0.43,10.05,21428.0,up,60.6,23600.0,16930.0,mixed,bull,,,,,KOSPI,20300,3749,16526,0.8,화학
11500,한농화성,2124.0,2475.0,2145.0,,,,-24.0,61.0,36.0,,,,-13.33,,,,-13.33,-40.98,,,,-40.98,1년치 존재,1,19.89,1.48,2.28,678628.0,up,53.9,26900.0,19350.0,mixed,bull,,,,,KOSPI,23600,3690,304784,0.4,화학
126560,현대퓨처넷,1636.0,2158.0,2645.0,,,,88.0,69.0,63.0,,,,22.57,,,,22.57,-8.7,,,,-8.7,1년치 존재,1,,0.47,1.03,103822.0,down,45.9,3540.0,3150.0,up,bear_cross,,,,,KOSPI,3345,3686,142623,1.4,화장품
92220,KEC,2069.0,2432.0,2296.0,,,,-330.0,-133.0,-218.0,,,,-5.59,,,,-5.59,-63.91,,,,-63.91,1년치 존재,1,,0.9,-7.87,28373431.0,up,61.1,1917.0,686.0,,bull,,,,,KOSPI,1838,3690,0,,반도체와반도체장비
2310,아세아제지,9083.0,8911.0,8551.0,,,,876.0,266.0,272.0,,,,-4.04,,,,-4.04,2.26,,,,2.26,1년치 존재,1,4.56,0.41,3.52,261314.0,up,48.0,11240.0,7610.0,down,bear,,,,,KOSPI,9040,3566,340033,1.3,포장재
1230,동국홀딩스,18411.0,19994.0,19853.0,20620.0,,,601.0,580.0,395.0,440.0,,,-0.71,3.86,,,3.86,-31.9,11.39,,,11.39,2년치 존재,2,2.03,0.17,0.94,172146.0,up,62.9,11470.0,7230.0,,bull,,,,,KOSPI,11400,3625,0,,철강
1750,한양증권,9990.0,8333.0,9090.0,,,,463.0,544.0,753.0,,,,9.08,,,,9.08,38.42,,,,38.42,1년치 존재,1,3.5,0.25,10.29,29561.0,up,54.9,31000.0,19450.0,up,bear_cross,,,,,KOSPI,28650,3647,19922,0.7,증권
680,LS네트웍스,3796.0,19338.0,26152.0,,,,116.0,302.0,223.0,,,,35.24,,,,35.24,-26.16,,,,-26.16,1년치 존재,1,31.33,0.56,-3.52,953323.0,up,74.1,4630.0,2945.0,up,bull,,,,,KOSPI,4475,3526,10550,0.0,증권
24720,콜마홀딩스,6373.0,6767.0,6301.0,,,,169.0,381.0,477.0,,,,-6.89,,,,-6.89,25.2,,,,25.2,1년치 존재,1,,0.48,3.85,55246.0,up,59.7,10500.0,8550.0,mixed,bull,,,,,KOSPI,9810,3364,52999,1.0,화장품
84690,대상홀딩스,52594.0,53579.0,56288.0,,,,1146.0,1840.0,1998.0,,,,5.06,,,,5.06,8.59,,,,8.59,1년치 존재,1,23.46,0.67,-15.42,79283.0,down,49.4,11030.0,8680.0,mixed,bear_cross,,,,,KOSPI,9540,3455,75435,1.0,식품
286940,롯데이노베이트,11967.0,11804.0,11698.0,12140.0,,,569.0,257.0,314.0,452.0,,,-0.9,3.78,,,3.78,22.18,43.95,,,43.95,2년치 존재,2,10.74,1.06,2.35,30406.0,up,57.7,24350.0,19810.0,mixed,bull,,,,,KOSPI,23100,3495,33220,1.1,IT서비스
1340,PKC,2335.0,2452.0,2721.0,,,,177.0,97.0,122.0,,,,10.97,,,,10.97,25.77,,,,25.77,1년치 존재,1,52.83,1.88,4.63,495602.0,down,53.5,7970.0,5810.0,up,bear_cross,,,,,KOSPI,7330,3293,309136,0.6,화학
2900,TYM,8365.0,7888.0,9294.0,,,,765.0,161.0,641.0,,,,17.82,,,,17.82,298.14,,,,298.14,1년치 존재,1,4.12,0.62,9.66,285062.0,up,70.2,8400.0,5950.0,up,bull,,,,,KOSPI,8050,3333,491534,1.7,기계
272450,진에어,12772.0,14613.0,13811.0,15287.0,,,1822.0,1631.0,-192.0,97.0,,,-5.49,10.69,,,10.69,-111.77,150.52,,,150.52,2년치 존재,2,4.59,4.25,-4.28,110052.0,down,43.5,7470.0,5970.0,down,bear,,,,,KOSPI,6280,3278,148738,1.4,항공사
900140,엘브이엠씨홀딩스,2605.0,2957.0,,,,,-156.0,164.0,,,,,,,,,,,,,,,0년치 존재,0,,0.65,3.55,634805.0,down,57.2,1744.0,1330.0,up,bear,,,,,KOSPI,1702,3289,547465,0.9,자동차
37270,YG PLUS,2236.0,1849.0,2360.0,,,,212.0,-7.0,323.0,,,,27.64,,,,27.64,4714.29,,,,4714.29,1년치 존재,1,12.9,1.71,12.69,411854.0,down,42.8,7620.0,4925.0,mixed,bull,,,,,KOSPI,5110,3253,627080,1.5,방송과엔터테인먼트
123890,한국자산신탁,2591.0,2264.0,2043.0,1850.0,,,1167.0,518.0,342.0,400.0,,,-9.76,-9.45,,,-9.45,-33.98,16.96,,,16.96,2년치 존재,2,3.02,0.37,4.64,210577.0,down,45.2,3025.0,2515.0,mixed,bull,,,,,KOSPI,2655,3249,290710,1.4,부동산
33270,유나이티드제약,2789.0,2887.0,2888.0,3006.0,,,550.0,563.0,496.0,531.0,,,0.03,4.09,,,4.09,-11.9,7.06,,,7.06,2년치 존재,2,9.09,1.04,8.9,27744.0,down,48.1,21400.0,18550.0,mixed,bear,,,,,KOSPI,20200,3214,18529,0.7,제약
9470,삼화전기,2025.0,2331.0,2301.0,,,,78.0,248.0,120.0,,,,-1.29,,,,-1.29,-51.61,,,,-51.61,1년치 존재,1,20.73,1.59,10.39,283316.0,up,65.0,56400.0,33650.0,mixed,bull,,,,,KOSPI,48500,3208,690935,2.4,전기제품
3520,영진약품,2349.0,2520.0,2543.0,,,,31.0,87.0,34.0,,,,0.91,,,,0.91,-60.92,,,,-60.92,1년치 존재,1,,4.34,-0.25,327188.0,down,46.8,2170.0,1700.0,mixed,bull,,,,,KOSPI,1770,3237,286439,0.9,제약
17390,서울가스,17174.0,17038.0,18280.0,,,,-32.0,-103.0,174.0,,,,7.29,,,,7.29,268.93,,,,268.93,1년치 존재,1,15.34,0.23,2.8,6079.0,up,59.7,73800.0,61100.0,mixed,bull,,,,,KOSPI,65400,3237,9231,1.5,가스유틸리티
96760,JW홀딩스,9281.0,8877.0,9696.0,,,,1449.0,1465.0,1679.0,,,,9.23,,,,9.23,14.61,,,,14.61,1년치 존재,1,13.56,2.03,23.57,109524.0,up,53.5,4470.0,3670.0,up,bull,,,,,KOSPI,4280,3164,66368,0.6,제약
128820,대성산업,16081.0,14768.0,15659.0,,,,294.0,218.0,108.0,,,,6.03,,,,6.03,-50.46,,,,-50.46,1년치 존재,1,,0.23,-9.93,334159.0,down,47.8,11240.0,6450.0,mixed,bull,,,,,KOSPI,7080,3203,254857,0.8,석유와가스
108670,LX하우시스,35258.0,35720.0,31787.0,,,,1098.0,975.0,131.0,,,,-11.01,,,,-11.01,-86.56,,,,-86.56,1년치 존재,1,7.06,0.52,-5.15,37128.0,up,78.5,36100.0,27700.0,up,bull,,,,,KOSPI,36100,3237,152640,4.1,건축자재
3920,남양유업,9968.0,9528.0,9141.0,,,,-715.0,-98.0,52.0,,,,-4.06,,,,-4.06,153.06,,,,153.06,1년치 존재,1,,0.8,0.9,7684.0,up,55.6,56200.0,46050.0,up,bull,,,,,KOSPI,52600,3156,7691,1.0,식품
475560,더본코리아,4107.0,4642.0,3612.0,,,,256.0,360.0,-237.0,,,,-22.19,,,,-22.19,-165.83,,,,-165.83,1년치 존재,1,12.35,1.26,-6.77,9287.0,down,41.1,24400.0,20650.0,down,bull,,,,,KOSPI,20900,3099,10966,1.2,"호텔,레스토랑,레저"
1460,BYC,1684.0,1652.0,1632.0,,,,275.0,238.0,266.0,,,,-1.21,,,,-1.21,11.76,,,,11.76,1년치 존재,1,15.13,0.67,3.52,3168.0,up,54.1,59900.0,41700.0,mixed,bull,,,,,KOSPI,50400,3148,1949,0.6,"섬유,의류,신발,호화품"
3200,일신방직,5394.0,5237.0,5172.0,,,,-10.0,91.0,124.0,,,,-1.24,,,,-1.24,36.26,,,,36.26,1년치 존재,1,26.49,0.22,3.67,28434.0,up,64.1,16000.0,11280.0,mixed,bull,,,,,KOSPI,13380,3072,34546,1.2,"섬유,의류,신발,호화품"
53690,한미글로벌,4129.0,4248.0,4488.0,4801.0,,,296.0,339.0,306.0,378.0,,,5.65,6.97,,,6.97,-9.73,23.53,,,23.53,2년치 존재,2,15.81,1.13,8.56,730806.0,down,48.6,33200.0,16340.0,mixed,bear,,,,,KOSPI,28000,3068,223675,0.3,건설
37710,광주신세계,1796.0,1836.0,1842.0,,,,549.0,523.0,525.0,,,,0.33,,,,0.33,0.38,,,,0.38,1년치 존재,1,4.96,0.29,5.22,9755.0,down,57.1,40550.0,31400.0,up,bull,,,,,KOSPI,38500,3064,6397,0.7,백화점과일반상점
5680,삼영전자,1773.0,1630.0,1497.0,1477.0,,,65.0,73.0,92.0,94.0,,,-8.16,-1.34,,,-1.34,26.03,2.17,,,26.03,2년치 존재,2,12.39,0.32,0.96,79918.0,up,55.4,16650.0,11070.0,up,bull,,,,,KOSPI,15360,3072,95862,1.2,전기제품
4360,세방,11420.0,13734.0,12418.0,,,,287.0,245.0,273.0,,,,-9.58,,,,-9.58,11.43,,,,11.43,1년치 존재,1,4.03,0.25,5.61,54092.0,up,57.6,16690.0,13890.0,up,bull,,,,,KOSPI,15930,3045,64632,1.2,항공화물운송과물류
3960,사조대림,20631.0,26430.0,34998.0,,,,1286.0,1330.0,947.0,,,,32.42,,,,32.42,-28.8,,,,-28.8,1년치 존재,1,3.14,0.41,-11.62,4693.0,down,47.8,39050.0,31250.0,mixed,bull,,,,,KOSPI,32750,3001,7738,1.6,식품
2320,한진,28075.0,30155.0,30649.0,31710.0,,,1225.0,1001.0,1122.0,1330.0,,,1.64,3.46,,,3.46,12.09,18.54,,,18.54,2년치 존재,2,14.22,0.25,-0.11,23642.0,down,50.9,22900.0,18600.0,mixed,bull,,,,,KOSPI,19420,3014,25733,1.1,항공화물운송과물류
3120,일성아이에스,781.0,690.0,643.0,,,,-80.0,-95.0,-62.0,,,,-6.81,,,,-6.81,34.74,,,,34.74,1년치 존재,1,,0.42,0.3,3542.0,down,43.9,28300.0,21500.0,mixed,bull,,,,,KOSPI,22750,3026,10469,3.0,제약
6805,미래에셋증권우,203566.0,222423.0,292830.0,340480.0,,,5210.0,11881.0,19151.0,31240.0,,,31.65,16.27,,,31.65,61.19,63.12,,,63.12,2년치 존재,2,18.04,0.42,12.36,126238.0,down,44.2,27800.0,18500.0,mixed,bear_cross,,,,,KOSPI,21150,2977,144270,1.1,증권
44450,KSS해운,4726.0,5179.0,5614.0,,,,884.0,1041.0,1103.0,,,,8.4,,,,8.4,5.96,,,,5.96,1년치 존재,1,12.53,0.5,6.81,908138.0,down,60.4,13640.0,9450.0,up,bear_cross,,,,,KOSPI,12820,2960,1234778,1.4,해운사
35510,신세계 I&C,6189.0,6257.0,6872.0,,,,400.0,370.0,491.0,,,,9.83,,,,9.83,32.7,,,,32.7,1년치 존재,1,6.84,0.42,6.73,355282.0,up,56.3,23950.0,14870.0,up,bull,,,,,KOSPI,21100,2950,81,0.0,IT서비스
5950,이수화학,19955.0,19162.0,16595.0,,,,-560.0,-514.0,69.0,,,,-13.4,,,,-13.4,113.42,,,,113.42,1년치 존재,1,,1.91,-30.98,1042217.0,up,70.7,11850.0,7160.0,up,bull,,,,,KOSPI,11130,2927,1865883,1.8,화학
34120,SBS,9968.0,10467.0,10085.0,10627.0,,,583.0,-192.0,182.0,396.0,,,-3.65,5.37,,,5.37,194.79,117.58,,,194.79,2년치 존재,2,11.54,0.62,0.73,43101.0,down,51.6,19010.0,14770.0,mixed,bull,,,,,KOSPI,15900,2950,19552,0.5,방송과엔터테인먼트
490,대동,14334.0,14156.0,14847.0,,,,654.0,185.0,312.0,,,,4.88,,,,4.88,68.65,,,,68.65,1년치 존재,1,24.77,0.89,-3.67,239721.0,up,52.5,11800.0,9200.0,mixed,bull,,,,,KOSPI,10130,2920,337122,1.4,기계
3070,코오롱글로벌,26450.0,29120.0,26844.0,30256.0,,,76.0,-567.0,37.0,1128.0,,,-7.82,12.71,,,12.71,106.53,2948.65,,,2948.65,2년치 존재,2,801.71,0.4,-29.22,133898.0,down,50.3,12450.0,8750.0,mixed,bear,,,,,KOSPI,11450,2911,49391,0.4,건설
1780,알루코,5912.0,6229.0,5757.0,7480.0,,,376.0,381.0,349.0,449.0,,,-7.58,29.93,,,29.93,-8.4,28.65,,,28.65,2년치 존재,2,15.26,1.06,4.86,11951384.0,up,59.7,3445.0,1922.0,up,bull,,,,,KOSPI,3005,2910,6995382,0.6,비철금속
13890,지누스,9523.0,9204.0,9132.0,,,,183.0,-54.0,255.0,,,,-0.78,,,,-0.78,572.22,,,,572.22,1년치 존재,1,63.9,0.53,-2.8,24786.0,up,72.3,13060.0,10290.0,up,bull,,,,,KOSPI,12910,2873,14153,0.6,가구
540,흥국화재,33237.0,33740.0,35328.0,,,,3810.0,1488.0,1875.0,,,,4.71,,,,4.71,26.01,,,,26.01,1년치 존재,1,0.68,0.15,18.85,78308.0,down,49.8,6590.0,3515.0,mixed,bull,,,,,KOSPI,4415,2836,103496,1.3,손해보험
650,천일고속,440.0,447.0,456.0,,,,-51.0,-53.0,-59.0,,,,2.01,,,,2.01,-11.32,,,,-11.32,1년치 존재,1,,3.55,-47.52,1966.0,down,33.6,330000.0,201000.0,down,bear,,,,,KOSPI,201000,2873,2077,1.1,도로와철도운송
92200,디아이씨,7287.0,7191.0,7573.0,,,,361.0,218.0,186.0,,,,5.31,,,,5.31,-14.68,,,,-14.68,1년치 존재,1,5.27,1.44,-7.24,362166.0,up,41.1,11000.0,7350.0,mixed,bull,,,,,KOSPI,7590,2952,374271,1.0,자동차부품
134380,미원화학,2326.0,2561.0,2845.0,,,,249.0,286.0,292.0,,,,11.09,,,,11.09,2.1,,,,2.1,1년치 존재,1,7.18,0.99,14.72,15647.0,down,15.3,119700.0,11000.0,,bear,,,,,KOSPI,12820,2819,8464,0.5,화학
320,노루홀딩스,12145.0,12479.0,12393.0,,,,678.0,726.0,645.0,,,,-0.69,,,,-0.69,-11.16,,,,-11.16,1년치 존재,1,6.09,0.29,6.66,15516.0,up,50.2,28600.0,20050.0,mixed,bull,,,,,KOSPI,22100,2937,10324,0.7,건축자재
241590,화승엔터프라이즈,12138.0,16096.0,15644.0,16530.0,19320.0,20240.0,130.0,826.0,357.0,640.0,875.0,1080.0,-2.81,5.66,16.88,4.76,16.88,-56.78,79.27,36.72,23.43,79.27,4년치 존재,4,,1.0,-5.87,102776.0,up,56.7,5800.0,4470.0,mixed,bull,,,,,KOSPI,4830,2926,88645,0.9,"섬유,의류,신발,호화품"
11690,와이투솔루션,1369.0,1545.0,1651.0,,,,19.0,29.0,-26.0,,,,6.86,,,,6.86,-189.66,,,,-189.66,1년치 존재,1,,1.0,-4.3,1155478.0,up,62.8,9140.0,5230.0,up,bull,,,,,KOSPI,8130,2984,631740,0.5,전자장비와기기
4310,현대약품,1808.0,1757.0,1918.0,,,,69.0,2.0,42.0,,,,9.16,,,,9.16,2000.0,,,,2000.0,1년치 존재,1,20.65,1.24,3.94,384031.0,up,46.1,14340.0,8300.0,mixed,bull,,,,,KOSPI,8620,2758,78,0.0,제약
50,경방,3935.0,3973.0,4125.0,,,,160.0,334.0,460.0,,,,3.83,,,,3.83,37.72,,,,37.72,1년치 존재,1,,0.3,6.03,69002.0,up,58.7,12060.0,8450.0,mixed,bull,,,,,KOSPI,10100,2769,82495,1.2,"섬유,의류,신발,호화품"
4980,성신양회,11133.0,11626.0,12163.0,,,,733.0,532.0,437.0,,,,4.62,,,,4.62,-17.86,,,,-17.86,1년치 존재,1,3.22,0.4,4.49,824863.0,up,55.2,13230.0,8800.0,up,bull,,,,,KOSPI,11430,2802,197792,0.2,건축자재
430,대원강업,11068.0,13676.0,15991.0,,,,592.0,226.0,470.0,,,,16.93,,,,16.93,107.96,,,,107.96,1년치 존재,1,11.01,0.66,6.71,173246.0,down,55.8,4480.0,3775.0,up,bear_cross,,,,,KOSPI,4365,2706,164322,0.9,자동차부품
84680,이월드,1153.0,1085.0,887.0,,,,79.0,-4.0,-32.0,,,,-18.25,,,,-18.25,-700.0,,,,-700.0,1년치 존재,1,,1.04,-8.3,1666854.0,down,60.6,1985.0,1441.0,up,bull,,,,,KOSPI,1924,2728,398056,0.2,"섬유,의류,신발,호화품"
226320,잇츠한불,1354.0,1424.0,1534.0,,,,112.0,179.0,192.0,,,,7.72,,,,7.72,7.26,,,,7.26,1년치 존재,1,79.09,0.58,4.35,64352.0,up,67.0,13160.0,9860.0,mixed,bull,,,,,KOSPI,12370,2713,110213,1.7,화장품
8350,남선알미늄,3105.0,2895.0,2589.0,,,,64.0,48.0,-33.0,,,,-10.57,,,,-10.57,-168.75,,,,-168.75,1년치 존재,1,,1.01,1.25,58459793.0,up,48.8,3080.0,1165.0,mixed,bear,,,,,KOSPI,2105,2717,8223,0.0,비철금속
4560,현대비앤지스틸,10453.0,7954.0,7413.0,,,,-352.0,306.0,259.0,,,,-6.8,,,,-6.8,-15.36,,,,-15.36,1년치 존재,1,,0.45,2.58,205588.0,up,55.2,22250.0,14720.0,mixed,bull,,,,,KOSPI,17200,2594,254169,1.2,비철금속
30210,다올투자증권,15084.0,14426.0,17145.0,,,,-620.0,-749.0,337.0,,,,18.85,,,,18.85,144.99,,,,144.99,1년치 존재,1,,0.39,6.64,109683.0,up,56.7,5370.0,3810.0,mixed,bull,,,,,KOSPI,4415,2689,147350,1.3,증권
13580,계룡건설,29770.0,31271.0,28874.0,,,,1007.0,871.0,1669.0,,,,-7.67,,,,-7.67,91.62,,,,91.62,1년치 존재,1,2.73,0.16,11.1,282155.0,down,55.3,30150.0,21650.0,up,bull,,,,,KOSPI,29000,2590,85295,0.3,건설
1790,대한제당,13323.0,13738.0,13563.0,,,,472.0,370.0,566.0,,,,-1.27,,,,-1.27,52.97,,,,52.97,1년치 존재,1,9.39,0.55,-11.61,311893.0,down,42.2,3165.0,2660.0,mixed,bear,,,,,KOSPI,2910,2610,209014,0.7,식품
7160,사조산업,6322.0,6352.0,7062.0,,,,-239.0,-94.0,332.0,,,,11.18,,,,11.18,453.19,,,,453.19,1년치 존재,1,10.92,0.4,-5.37,4170.0,down,47.8,72200.0,50400.0,down,bull,,,,,KOSPI,53100,2655,3165,0.8,식품
1130,대한제분,14415.0,13747.0,13752.0,,,,549.0,723.0,623.0,,,,0.04,,,,0.04,-13.83,,,,-13.83,1년치 존재,1,2.66,0.21,-2.47,3577.0,up,64.6,161300.0,141400.0,,bull,,,,,KOSPI,156500,2645,0,,식품
136490,선진,19060.0,16814.0,18957.0,,,,975.0,1241.0,1792.0,,,,12.75,,,,12.75,44.4,,,,44.4,1년치 존재,1,11.31,0.4,23.5,86520.0,up,51.3,13600.0,9890.0,mixed,bull,,,,,KOSPI,10720,2549,56329,0.7,식품
390,SP삼화,6314.0,6283.0,6171.0,,,,258.0,190.0,95.0,,,,-1.78,,,,-1.78,-50.0,,,,-50.0,1년치 존재,1,11.18,0.51,2.3,1037588.0,up,50.4,12350.0,6760.0,up,bull,,,,,KOSPI,9450,2571,740491,0.7,건축자재
122900,아이마켓코리아,34256.0,33183.0,30544.0,,,,511.0,448.0,203.0,,,,-7.95,,,,-7.95,-54.69,,,,-54.69,1년치 존재,1,18.98,0.79,5.74,53212.0,up,53.8,8150.0,7270.0,mixed,bull,,,,,KOSPI,7600,2541,30720,0.6,상업서비스와공급품
4710,한솔테크닉스,13027.0,11995.0,12524.0,,,,489.0,334.0,204.0,,,,4.41,,,,4.41,-38.92,,,,-38.92,1년치 존재,1,5.38,0.66,-4.1,2096219.0,up,65.1,8690.0,4510.0,up,bull,,,,,KOSPI,8130,2585,912567,0.4,전자장비와기기
33920,무학,1466.0,1521.0,1438.0,,,,162.0,169.0,102.0,,,,-5.46,,,,-5.46,-39.64,,,,-39.64,1년치 존재,1,2.33,0.26,8.49,38891.0,down,48.7,10400.0,8340.0,mixed,bull,,,,,KOSPI,8900,2536,49794,1.3,음료
117580,대성에너지,9995.0,9951.0,10179.0,,,,204.0,205.0,303.0,,,,2.29,,,,2.29,47.8,,,,47.8,1년치 존재,1,14.95,0.69,7.3,534142.0,down,46.1,14390.0,7920.0,down,bull,,,,,KOSPI,9190,2527,520310,1.0,가스유틸리티
35150,백산,4177.0,4970.0,5049.0,5094.0,,,531.0,765.0,536.0,625.0,,,1.59,0.89,,,1.59,-29.93,16.6,,,16.6,2년치 존재,2,5.92,1.16,13.22,30701.0,down,40.5,14430.0,12400.0,down,bear,,,,,KOSPI,12400,2484,55305,1.8,"섬유,의류,신발,호화품"
4380,삼익THK,3156.0,3044.0,2222.0,,,,69.0,6.0,-355.0,,,,-27.0,,,,-27.0,-6016.67,,,,-6016.67,1년치 존재,1,301.86,1.11,-25.26,742297.0,up,48.6,12630.0,10550.0,,,,,,,KOSPI,11850,2453,151655,0.2,기계
5500,삼진제약,2921.0,3083.0,3091.0,,,,205.0,316.0,268.0,,,,0.26,,,,0.26,-15.19,,,,-15.19,1년치 존재,1,15.88,1.04,8.76,18980.0,up,51.3,19960.0,17240.0,mixed,bull,,,,,KOSPI,18710,2492,14385,0.8,제약
10955,S-Oil우,357267.0,366370.0,342470.0,428420.0,,,13546.0,4222.0,2356.0,25042.0,,,-6.52,25.1,,,25.1,-44.2,962.9,,,962.9,2년치 존재,2,8.55,0.9,2.01,20956.0,up,65.8,65700.0,51500.0,up,bull,,,,,KOSPI,61400,2469,30003,1.4,석유와가스
244920,에이플러스에셋,3509.0,5158.0,6825.0,7622.0,,,126.0,316.0,293.0,351.0,,,32.32,11.68,,,32.32,-7.28,19.8,,,19.8,2년치 존재,2,9.61,0.65,13.82,90582.0,down,45.7,14780.0,10400.0,mixed,bull,,,,,KOSPI,10800,2442,72209,0.8,손해보험
487570,HS효성,,,,,,,,,,,,,,,,,,,,,,,0년치 존재,0,25.28,0.2,3.68,17243.0,up,73.1,67800.0,52800.0,mixed,bull,,,,,KOSPI,65500,2440,7,0.0,복합기업
10580,에스엠벡셀,2027.0,1725.0,1503.0,,,,95.0,52.0,16.0,,,,-12.87,,,,-12.87,-69.23,,,,-69.23,1년치 존재,1,294.89,3.04,2.4,216346.0,up,60.7,2290.0,1832.0,mixed,bull,,,,,KOSPI,2180,2425,377000,1.7,자동차부품
28100,동아지질,3450.0,3935.0,4677.0,,,,77.0,96.0,181.0,,,,18.86,,,,18.86,88.54,,,,88.54,1년치 존재,1,17.77,0.77,8.22,35595.0,up,52.1,18580.0,15470.0,up,bull,,,,,KOSPI,18000,2410,29024,0.8,건설
16880,웅진,10186.0,10081.0,11507.0,,,,224.0,311.0,781.0,,,,14.15,,,,14.15,151.13,,,,151.13,1년치 존재,1,,1.51,96.89,855252.0,up,63.9,3040.0,1860.0,up,bear,,,,,KOSPI,3015,2410,4959683,5.8,출판
480,CR홀딩스,8169.0,8108.0,8278.0,,,,394.0,174.0,278.0,,,,2.1,,,,2.1,59.77,,,,59.77,1년치 존재,1,587.2,0.45,-4.69,19296.0,down,65.8,5120.0,4675.0,up,bull,,,,,KOSPI,5120,2401,15119,0.8,비철금속
95570,AJ네트웍스,9365.0,9646.0,10701.0,11887.0,,,785.0,763.0,715.0,744.0,,,10.94,11.08,,,11.08,-6.29,4.06,,,4.06,2년치 존재,2,13.95,0.53,6.31,203490.0,up,58.4,5460.0,4710.0,mixed,bull,,,,,KOSPI,5300,2398,253695,1.2,도로와철도운송
2150,도화엔지니어링,5750.0,5828.0,6985.0,,,,219.0,-134.0,301.0,,,,19.85,,,,19.85,324.63,,,,324.63,1년치 존재,1,12.89,0.97,2.88,241231.0,up,58.6,7380.0,5930.0,up,bear,,,,,KOSPI,7120,2401,156944,0.7,건설
3220,대원제약,5270.0,5982.0,6054.0,6405.0,,,322.0,282.0,35.0,230.0,,,1.2,5.8,,,5.8,-87.59,557.14,,,557.14,2년치 존재,2,14.4,1.25,-0.51,29561.0,down,52.4,11940.0,10030.0,mixed,bull,,,,,KOSPI,10720,2404,15678,0.5,제약
298690,에어부산,8904.0,10068.0,8326.0,,,,1598.0,1463.0,-45.0,,,,-17.3,,,,-17.3,-103.08,,,,-103.08,1년치 존재,1,3.43,1.91,-14.71,332086.0,up,55.6,2195.0,1672.0,up,bear,,,,,KOSPI,2050,2391,125242,0.4,항공사
51905,LG생활건강우,68048.0,68119.0,63555.0,63681.0,,,4870.0,4590.0,1707.0,2781.0,,,-6.7,0.2,,,0.2,-62.81,62.92,,,62.92,2년치 존재,2,44.06,1.09,-1.82,7757.0,up,62.4,120100.0,104200.0,mixed,bull,,,,,KOSPI,114200,2398,9771,1.3,화장품
1630,종근당홀딩스,8798.0,9578.0,9590.0,,,,170.0,355.0,583.0,,,,0.13,,,,0.13,64.23,,,,64.23,1년치 존재,1,6.31,0.5,6.6,5471.0,up,50.8,53700.0,46700.0,mixed,bull,,,,,KOSPI,49300,2470,2934,0.5,제약
25000,KPX케미칼,9111.0,8686.0,8084.0,,,,584.0,389.0,274.0,,,,-6.93,,,,-6.93,-29.56,,,,-29.56,1년치 존재,1,3.06,0.32,7.51,4811.0,up,71.4,56300.0,47700.0,up,bull,,,,,KOSPI,54200,2373,8638,1.8,화학
53210,스카이라이프,10256.0,10229.0,9842.0,9939.0,,,141.0,-11.0,230.0,338.0,,,-3.78,0.99,,,0.99,2190.91,46.96,,,2190.91,2년치 존재,2,,0.4,1.27,57632.0,down,50.9,5240.0,4565.0,mixed,bull,,,,,KOSPI,4925,2340,21442,0.4,방송과엔터테인먼트
3610,방림,1319.0,1106.0,1225.0,,,,-41.0,-33.0,11.0,,,,10.76,,,,10.76,133.33,,,,133.33,1년치 존재,1,,0.4,2.5,127970.0,down,60.6,6190.0,4945.0,mixed,bull,,,,,KOSPI,5720,2300,102410,0.8,"섬유,의류,신발,호화품"
3350,한국화장품제조,1093.0,1675.0,1846.0,,,,90.0,265.0,329.0,,,,10.21,,,,10.21,24.15,,,,24.15,1년치 존재,1,14.56,1.61,30.6,157216.0,up,20.1,54300.0,9200.0,,bear,,,,,KOSPI,10100,2289,269,0.0,화장품
8490,서흥,5946.0,6533.0,7223.0,,,,430.0,338.0,502.0,,,,10.56,,,,10.56,48.52,,,,48.52,1년치 존재,1,54.26,0.75,9.22,42542.0,up,58.0,24400.0,17820.0,mixed,bull,,,,,KOSPI,20050,2320,11754,0.3,제약
9680,모토닉,2443.0,2906.0,2797.0,,,,152.0,238.0,185.0,,,,-3.75,,,,-3.75,-22.27,,,,-22.27,1년치 존재,1,9.93,0.4,5.68,23187.0,up,54.1,11450.0,9970.0,up,bull,,,,,KOSPI,11020,2395,53587,2.3,자동차부품
102260,동성케미컬,9930.0,10663.0,12116.0,,,,741.0,910.0,1120.0,,,,13.63,,,,13.63,23.08,,,,23.08,1년치 존재,1,6.69,0.55,7.39,238272.0,down,54.5,4635.0,3940.0,up,bull,,,,,KOSPI,4400,2229,200666,0.8,화학
339770,교촌에프앤비,4450.0,4808.0,5174.0,5516.0,,,248.0,154.0,350.0,446.0,,,7.61,6.61,,,7.61,127.27,27.43,,,127.27,2년치 존재,2,12.95,0.99,9.56,74708.0,up,63.3,4995.0,4060.0,mixed,bull,,,,,KOSPI,4485,2241,77638,1.0,식품
210980,SK디앤디,3851.0,8709.0,4458.0,,,,1776.0,537.0,378.0,,,,-48.81,,,,-48.81,-29.61,,,,-29.61,1년치 존재,1,3.92,0.53,1.24,22799.0,down,45.9,13540.0,12160.0,down,bear,,,,,KOSPI,12820,2387,30611,1.3,부동산
7860,서연,40207.0,44988.0,49161.0,,,,2569.0,2419.0,1996.0,,,,9.28,,,,9.28,-17.49,,,,-17.49,1년치 존재,1,1.8,0.29,6.59,68356.0,down,48.2,11400.0,8950.0,mixed,bull,,,,,KOSPI,9460,2221,70622,1.0,자동차부품
18470,조일알미늄,4658.0,4984.0,4867.0,,,,85.0,201.0,138.0,,,,-2.35,,,,-2.35,-31.34,,,,-31.34,1년치 존재,1,,1.38,3.9,34778289.0,up,55.2,1951.0,1095.0,up,bear_cross,,,,,KOSPI,1749,2215,5441849,0.2,비철금속
5960,동부건설,19000.0,16884.0,17586.0,,,,302.0,-969.0,426.0,,,,4.16,,,,4.16,143.96,,,,143.96,1년치 존재,1,,,10.28,239516.0,up,61.4,10270.0,5250.0,up,bull,,,,,KOSPI,9630,2210,115419,0.5,건설
33530,SJG세종,17923.0,18166.0,18969.0,19435.0,,,519.0,606.0,854.0,910.0,,,4.42,2.46,,,4.42,40.92,6.56,,,40.92,2년치 존재,2,41.06,0.39,14.05,132120.0,up,49.5,10900.0,7120.0,mixed,bull,,,,,KOSPI,7950,2212,162694,1.2,자동차부품
16580,환인제약,2304.0,2596.0,2552.0,2796.0,,,302.0,215.0,130.0,218.0,,,-1.69,9.56,,,9.56,-39.53,67.69,,,67.69,2년치 존재,2,9.4,0.64,3.41,67733.0,up,74.3,11860.0,10030.0,up,bull,,,,,KOSPI,11860,2206,63239,0.9,제약
3547,대신증권2우B,38546.0,40939.0,50639.0,,,,1613.0,836.0,3014.0,3720.0,,,23.69,,,,23.69,260.53,23.42,,,260.53,2년치 존재,2,9.28,0.32,5.06,27431.0,down,41.8,28900.0,21200.0,down,bear_cross,,,,,KOSPI,22500,2206,36729,1.3,증권
1080,만호제강,2193.0,1799.0,1530.0,,,,-124.0,-308.0,-120.0,,,,-14.95,,,,-14.95,61.04,,,,61.04,1년치 존재,1,,0.57,-1.01,31460.0,up,20.6,54400.0,4745.0,,bull,,,,,KOSPI,5300,2200,30737,1.0,철강
39570,HDC랩스,6063.0,6288.0,6457.0,,,,105.0,64.0,106.0,,,,2.69,,,,2.69,65.62,,,,65.62,1년치 존재,1,14.69,0.66,4.6,27597.0,up,57.4,8680.0,8050.0,mixed,bull,,,,,KOSPI,8390,2178,18491,0.7,건설
3650,미창석유,4092.0,4319.0,4055.0,,,,480.0,456.0,346.0,,,,-6.11,,,,-6.11,-24.12,,,,-24.12,1년치 존재,1,2.62,0.3,15.44,2224.0,up,63.7,149200.0,111500.0,mixed,bull,,,,,KOSPI,125100,2176,4774,2.1,화학
7570,일양약품,2667.0,2687.0,2724.0,,,,164.0,96.0,50.0,,,,1.38,,,,1.38,-47.92,,,,-47.92,1년치 존재,1,,1.27,2.92,90155.0,down,31.4,13630.0,11180.0,,,,,,,KOSPI,11250,2147,53503,0.6,제약
3555,LG우,74453.0,71755.0,72525.0,81723.0,,,15890.0,9668.0,9122.0,17085.0,,,1.07,12.68,,,12.68,-5.65,87.29,,,87.29,2년치 존재,2,10.92,0.51,2.64,6930.0,up,59.8,80900.0,63600.0,mixed,bull,,,,,KOSPI,71300,2147,14296,2.1,복합기업
860,강남제비스코,6388.0,6431.0,5986.0,,,,232.0,205.0,83.0,,,,-6.92,,,,-6.92,-59.51,,,,-59.51,1년치 존재,1,8.17,0.22,-0.43,28768.0,up,60.4,18790.0,13620.0,mixed,bull,,,,,KOSPI,16840,2189,30443,1.1,건축자재
81000,일진다이아,1545.0,1571.0,1624.0,,,,-44.0,-46.0,-68.0,,,,3.37,,,,3.37,-47.83,,,,-47.83,1년치 존재,1,20.79,0.51,1.66,43009.0,up,58.1,16570.0,12570.0,up,bull,,,,,KOSPI,14710,2089,80205,1.9,비철금속
140,하이트진로홀딩스,25069.0,25851.0,24845.0,,,,1381.0,2218.0,1833.0,,,,-3.89,,,,-3.89,-17.36,,,,-17.36,1년치 존재,1,230.21,0.36,-0.46,12916.0,down,53.8,10000.0,8830.0,mixed,bull,,,,,KOSPI,9210,2137,18152,1.4,음료
12610,경인양행,3454.0,3742.0,3797.0,,,,-22.0,242.0,163.0,,,,1.47,,,,1.47,-32.64,,,,-32.64,1년치 존재,1,,0.7,2.35,825862.0,up,72.5,5170.0,3685.0,up,bull,,,,,KOSPI,5090,2118,895347,1.1,화학
2990,금호건설,22176.0,19142.0,20185.0,20848.0,,,218.0,-1818.0,471.0,704.0,,,5.45,3.28,,,5.45,125.91,49.47,,,125.91,2년치 존재,2,174.44,0.4,26.79,259600.0,up,57.3,5770.0,4080.0,up,bull,,,,,KOSPI,5530,2046,161860,0.6,건설
1045,CJ우,413527.0,436467.0,450188.0,460100.0,,,20391.0,25323.0,25277.0,28078.0,,,3.14,2.2,,,3.14,-0.18,11.08,,,11.08,2년치 존재,2,17.28,0.57,2.72,2832.0,up,55.1,104300.0,82600.0,mixed,bull,,,,,KOSPI,90100,2036,2631,0.9,복합기업
271980,제일약품,7264.0,7045.0,5672.0,,,,87.0,-189.0,207.0,,,,-19.49,,,,-19.49,209.52,,,,209.52,1년치 존재,1,50.24,1.57,11.71,35867.0,down,51.2,17390.0,13040.0,mixed,bull,,,,,KOSPI,14000,2059,13194,0.4,제약
4090,한국석유,6792.0,7262.0,6969.0,8184.0,,,152.0,188.0,118.0,247.0,,,-4.03,17.43,,,17.43,-37.23,109.32,,,109.32,2년치 존재,2,9.65,0.77,2.59,726307.0,up,45.9,28150.0,14220.0,down,bull,,,,,KOSPI,16040,2036,1262733,1.7,화학
460850,동국씨엠,12661.0,21638.0,27687.0,,,,267.0,773.0,-388.0,,,,27.96,,,,27.96,-150.19,,,,-150.19,1년치 존재,1,12.31,0.22,-5.3,653797.0,up,69.5,7180.0,5140.0,up,bull,,,,,KOSPI,6830,2042,307381,0.5,철강
31440,신세계푸드,14889.0,12593.0,12332.0,,,,264.0,1.0,48.0,,,,-2.07,,,,-2.07,4700.0,,,,4700.0,1년치 존재,1,14.35,0.53,23.71,4909.0,up,65.3,52800.0,47300.0,up,bull,,,,,KOSPI,52300,2025,3457,0.7,"호텔,레스토랑,레저"
234080,JW생명과학,2069.0,2225.0,2578.0,,,,309.0,359.0,332.0,,,,15.87,,,,15.87,-7.52,,,,-7.52,1년치 존재,1,7.24,1.25,13.59,31145.0,down,51.2,13910.0,12200.0,mixed,bull,,,,,KOSPI,12930,2047,28682,0.9,제약
213500,한솔제지,21941.0,22158.0,22900.0,,,,472.0,220.0,499.0,,,,3.35,,,,3.35,126.82,,,,126.82,1년치 존재,1,143.99,0.35,0.56,230490.0,down,47.2,9300.0,8030.0,mixed,bear,,,,,KOSPI,8530,2030,159101,0.7,종이와목재
25820,이구산업,4334.0,4723.0,5078.0,,,,102.0,252.0,244.0,,,,7.52,,,,7.52,-3.17,,,,-3.17,1년치 존재,1,196.43,1.02,7.74,544968.0,up,69.8,6000.0,4685.0,up,bull,,,,,KOSPI,6000,2007,8013,0.0,비철금속
102460,이연제약,1511.0,1483.0,1459.0,,,,40.0,1.0,-303.0,,,,-1.62,,,,-1.62,-30400.0,,,,-30400.0,1년치 존재,1,85.55,1.22,-12.6,38180.0,up,54.3,11930.0,9880.0,mixed,bull,,,,,KOSPI,10790,2006,39497,1.0,제약
2780,진흥기업,7594.0,7262.0,5764.0,,,,517.0,-47.0,-230.0,,,,-20.63,,,,-20.63,-389.36,,,,-389.36,1년치 존재,1,3.73,0.63,-11.14,10557336.0,up,73.4,1458.0,676.0,up,bull,,,,,KOSPI,1387,2018,8321550,0.8,건설
100250,진양홀딩스,2711.0,2868.0,2798.0,,,,35.0,49.0,58.0,,,,-2.44,,,,-2.44,18.37,,,,18.37,1년치 존재,1,4.97,0.48,4.88,51782.0,down,62.1,3245.0,2930.0,mixed,bull,,,,,KOSPI,3105,1984,93457,1.8,자동차부품
8970,KBI동양철관,2783.0,2503.0,2348.0,,,,22.0,67.0,-16.0,,,,-6.19,,,,-6.19,-123.88,,,,-123.88,1년치 존재,1,,1.17,-2.48,8108309.0,up,49.8,2035.0,1459.0,up,bear_cross,,,,,KOSPI,1885,1956,3001729,0.4,철강
17550,수산세보틱스,2265.0,1979.0,2294.0,,,,164.0,121.0,190.0,,,,15.92,,,,15.92,57.02,,,,57.02,1년치 존재,1,7.08,0.75,8.21,8425130.0,up,58.9,3560.0,1671.0,up,bear,,,,,KOSPI,3110,1941,3484,0.0,기계
3460,유화증권,323.0,377.0,360.0,,,,-4.0,122.0,59.0,,,,-4.51,,,,-4.51,-51.64,,,,-51.64,1년치 존재,1,24.01,0.28,2.68,124889.0,up,54.5,4170.0,2870.0,mixed,bull,,,,,KOSPI,3555,2016,119765,1.0,증권
2100,경농,3474.0,3252.0,3392.0,,,,252.0,267.0,287.0,,,,4.31,,,,4.31,7.49,,,,7.49,1년치 존재,1,10.5,0.75,7.24,142436.0,up,70.6,10480.0,8960.0,up,bull,,,,,KOSPI,10480,2046,649485,4.6,화학
1520,동양,8663.0,7504.0,6306.0,,,,265.0,-9.0,-207.0,,,,-15.96,,,,-15.96,-2200.0,,,,-2200.0,1년치 존재,1,13.16,0.24,2.8,604471.0,down,49.1,1026.0,741.0,mixed,bull,,,,,KOSPI,804,1919,735617,1.2,건축자재
520,삼일제약,1963.0,2197.0,2103.0,,,,65.0,1.0,-222.0,,,,-4.28,,,,-4.28,-22300.0,,,,-22300.0,1년치 존재,1,60.8,0.76,-22.41,207781.0,down,36.1,12310.0,8890.0,down,bear,,,,,KOSPI,8890,1928,267451,1.3,제약
6060,화승인더,14666.0,18677.0,17810.0,,,,247.0,1182.0,766.0,,,,-4.64,,,,-4.64,-35.19,,,,-35.19,1년치 존재,1,,0.54,5.63,146401.0,up,60.7,3535.0,3135.0,up,bull,,,,,KOSPI,3490,1931,78521,0.5,"섬유,의류,신발,호화품"
15230,대창단조,3721.0,3222.0,3463.0,,,,464.0,301.0,380.0,,,,7.48,,,,7.48,26.25,,,,26.25,1년치 존재,1,5.14,0.59,9.25,126268.0,up,60.1,7150.0,6000.0,up,bear,,,,,KOSPI,7090,1924,196603,1.6,기계
97955,CJ제일제당 우,290235.0,272397.0,273426.0,283048.0,,,12916.0,14521.0,12336.0,13127.0,,,0.38,3.52,,,3.52,-15.05,6.41,,,6.41,2년치 존재,2,13.75,0.73,-7.61,4363.0,up,60.3,143100.0,126400.0,up,bull,,,,,KOSPI,139100,1846,5443,1.2,식품
12200,계양전기,3816.0,3691.0,3898.0,,,,-39.0,-153.0,-271.0,,,,5.61,,,,5.61,-77.12,,,,-77.12,1년치 존재,1,,0.44,-96.61,1292271.0,up,53.6,9170.0,5530.0,mixed,bull,,,,,KOSPI,7000,1906,624846,0.5,자동차부품
101530,해태제과식품,6249.0,6292.0,6414.0,,,,457.0,491.0,423.0,,,,1.94,,,,1.94,-13.85,,,,-13.85,1년치 존재,1,7.27,0.54,7.77,58882.0,down,49.1,7230.0,6170.0,down,bear,,,,,KOSPI,6500,1893,19132,0.3,식품
71840,롯데하이마트,26101.0,23567.0,23001.0,23406.0,,,82.0,17.0,96.0,247.0,,,-2.4,1.76,,,1.76,464.71,157.29,,,464.71,2년치 존재,2,48.65,0.3,-0.26,20079.0,down,52.2,9150.0,7210.0,mixed,bull,,,,,KOSPI,8010,1891,21352,1.1,전문소매
1360,삼성제약,520.0,443.0,461.0,,,,-180.0,-148.0,-181.0,,,,4.06,,,,4.06,-22.3,,,,-22.3,1년치 존재,1,,1.88,10.18,2341722.0,up,55.9,2210.0,1633.0,mixed,bull,,,,,KOSPI,2030,1911,1476203,0.6,제약
5430,한국공항,5447.0,6265.0,6632.0,,,,340.0,450.0,470.0,,,,5.86,,,,5.86,4.44,,,,4.44,1년치 존재,1,4.99,0.43,10.46,6529.0,down,50.4,72600.0,55000.0,mixed,bull,,,,,KOSPI,58800,1862,5767,0.9,운송인프라
9580,무림P&P,7689.0,8117.0,7316.0,,,,116.0,365.0,-245.0,,,,-9.87,,,,-9.87,-167.12,,,,-167.12,1년치 존재,1,,0.32,-5.5,5353082.0,up,51.2,3750.0,2355.0,mixed,bear,,,,,KOSPI,3030,1890,789818,0.1,종이와목재
11785,금호석유화학우,63225.0,71550.0,69151.0,65615.0,,,3590.0,2728.0,2718.0,3175.0,,,-3.35,-5.11,,,-3.35,-0.37,16.81,,,16.81,2년치 존재,2,9.57,0.6,4.74,7187.0,up,54.7,70000.0,55400.0,mixed,bull,,,,,KOSPI,61100,1847,8812,1.2,화학
317400,자이에스앤디,23746.0,15782.0,13876.0,16050.0,,,1266.0,24.0,125.0,580.0,,,-12.08,15.67,,,15.67,420.83,364.0,,,420.83,2년치 존재,2,6.11,0.48,6.42,216400.0,up,57.0,5130.0,4035.0,up,bull,,,,,KOSPI,4825,1871,364427,1.7,건설
37560,LG헬로비전,11903.0,11964.0,12657.0,12689.0,,,474.0,135.0,187.0,411.0,,,5.79,0.25,,,5.79,38.52,119.79,,,119.79,2년치 존재,2,,0.47,0.4,124131.0,down,53.3,2520.0,2130.0,up,bull,,,,,KOSPI,2360,1828,75993,0.6,방송과엔터테인먼트
214420,토니모리,1511.0,1770.0,2203.0,,,,96.0,121.0,144.0,,,,24.46,,,,24.46,19.01,,,,19.01,1년치 존재,1,27.48,1.07,9.76,242582.0,up,59.4,9670.0,6250.0,mixed,bull,,,,,KOSPI,7610,1831,165,0.0,화장품
300,DH오토넥스,328.0,300.0,402.0,,,,-299.0,-51.0,32.0,,,,34.0,,,,34.0,162.75,,,,162.75,1년치 존재,1,,4.81,12.17,,,,,,,,,,,,KOSPI,4200,1740,0,,자동차부품
3480,한진중공업홀딩스,12426.0,11649.0,12017.0,,,,394.0,459.0,733.0,,,,3.16,,,,3.16,59.69,,,,59.69,1년치 존재,1,12.55,0.25,14.18,117420.0,up,71.8,6300.0,4485.0,up,bull,,,,,KOSPI,6160,1819,145121,1.2,가스유틸리티
2170,SYTS,1793.0,1913.0,1747.0,,,,177.0,200.0,184.0,,,,-8.68,,,,-8.68,-8.0,,,,-8.0,1년치 존재,1,6.73,0.31,5.4,2659.0,down,52.3,62500.0,55700.0,up,bear,,,,,KOSPI,60200,1806,5399,2.0,"섬유,의류,신발,호화품"
16450,한세예스24홀딩스,27808.0,28309.0,34098.0,,,,1897.0,1523.0,655.0,,,,20.45,,,,20.45,-56.99,,,,-56.99,1년치 존재,1,3.47,0.38,-6.86,39409.0,down,47.9,4990.0,4020.0,mixed,bull,,,,,KOSPI,4540,1816,101084,2.6,"섬유,의류,신발,호화품"
90350,노루페인트,7804.0,7938.0,7711.0,,,,423.0,437.0,302.0,,,,-2.86,,,,-2.86,-30.89,,,,-30.89,1년치 존재,1,6.79,0.51,4.0,127368.0,up,53.2,9200.0,7700.0,up,bull,,,,,KOSPI,8830,1766,84393,0.7,건축자재
272550,삼양패키징,4217.0,4481.0,4202.0,,,,325.0,338.0,246.0,,,,-6.23,,,,-6.23,-27.22,,,,-27.22,1년치 존재,1,9.81,0.67,4.74,188946.0,down,44.3,15280.0,11200.0,mixed,bull,,,,,KOSPI,11750,1771,110174,0.6,포장재
462520,조선내화,2794.0,5006.0,5320.0,,,,319.0,200.0,239.0,,,,6.27,,,,6.27,19.5,,,,19.5,1년치 존재,1,5.36,1.18,1.01,10614.0,up,59.6,14800.0,13100.0,up,bull,,,,,KOSPI,14650,1737,6545,0.6,비철금속
44820,코스맥스비티아이,6286.0,5976.0,6452.0,,,,202.0,168.0,270.0,,,,7.97,,,,7.97,60.71,,,,60.71,1년치 존재,1,11.27,0.44,11.08,22431.0,down,61.3,18400.0,12520.0,up,bear,,,,,KOSPI,17810,1710,18293,0.8,건강관리업체및서비스
89470,HDC현대EP,10081.0,9906.0,9927.0,,,,330.0,327.0,497.0,,,,0.21,,,,0.21,51.99,,,,51.99,1년치 존재,1,6.82,0.39,9.61,67317.0,up,56.9,6500.0,4410.0,mixed,bull,,,,,KOSPI,5450,1739,96463,1.4,자동차부품
4960,한신공영,13090.0,14904.0,11492.0,,,,148.0,373.0,645.0,,,,-22.89,,,,-22.89,72.92,,,,72.92,1년치 존재,1,2.62,0.11,7.43,170438.0,up,49.7,17730.0,10000.0,mixed,bear,,,,,KOSPI,14900,1724,131453,0.8,건설
20,동화약품,3611.0,4649.0,4964.0,,,,188.0,134.0,3.0,,,,6.78,,,,6.78,-97.76,,,,-97.76,1년치 존재,1,10.45,0.77,2.31,68301.0,down,56.1,6670.0,5660.0,mixed,bull,,,,,KOSPI,6060,1693,50329,0.7,제약
210540,디와이파워,4300.0,3846.0,3828.0,,,,363.0,255.0,304.0,,,,-0.47,,,,-0.47,19.22,,,,19.22,1년치 존재,1,4.95,0.52,8.3,95381.0,down,59.6,15870.0,12870.0,up,bull,,,,,KOSPI,15450,1706,87988,0.9,기계
9070,KCTC,8231.0,8821.0,9867.0,,,,368.0,390.0,388.0,,,,11.86,,,,11.86,-0.51,,,,-0.51,1년치 존재,1,4.36,0.43,6.92,244906.0,down,44.4,7990.0,5630.0,down,bear_cross,,,,,KOSPI,5930,1779,245380,1.0,항공화물운송과물류
970,한국주철관,4563.0,4194.0,4066.0,,,,204.0,154.0,133.0,,,,-3.05,,,,-3.05,-13.64,,,,-13.64,1년치 존재,1,9.29,0.42,4.75,81838.0,up,68.2,7400.0,6450.0,up,bull,,,,,KOSPI,7350,1676,53886,0.7,철강
3830,대한화섬,1344.0,1238.0,1082.0,,,,24.0,-15.0,-73.0,,,,-12.6,,,,-12.6,-386.67,,,,-386.67,1년치 존재,1,13.46,0.17,1.37,956.0,down,55.0,141400.0,112700.0,mixed,bull,,,,,KOSPI,124300,1651,175,0.2,화학
293480,하나제약,2245.0,2253.0,2395.0,,,,270.0,252.0,258.0,,,,6.3,,,,6.3,2.38,,,,2.38,1년치 존재,1,11.1,0.87,2.82,29395.0,up,56.4,11060.0,9090.0,mixed,bull,,,,,KOSPI,9810,1744,21392,0.7,제약
79430,현대리바트,15857.0,18707.0,15462.0,,,,-199.0,240.0,157.0,,,,-17.35,,,,-17.35,-34.58,,,,-34.58,1년치 존재,1,,0.39,1.79,403081.0,up,66.0,8100.0,6390.0,up,bull,,,,,KOSPI,7980,1639,137142,0.3,가구
13520,화승코퍼레이션,16341.0,15643.0,16398.0,,,,782.0,858.0,831.0,,,,4.83,,,,4.83,-3.15,,,,-3.15,1년치 존재,1,29.3,0.56,31.5,140125.0,up,70.1,3475.0,2305.0,up,bull,,,,,KOSPI,3280,1642,802711,5.7,자동차부품
214390,경보제약,2164.0,2386.0,2641.0,,,,55.0,105.0,35.0,,,,10.69,,,,10.69,-66.67,,,,-66.67,1년치 존재,1,49.49,1.02,0.12,372448.0,down,44.6,8550.0,5210.0,mixed,bear,,,,,KOSPI,6680,1597,120505,0.3,제약
700,유수홀딩스,3418.0,4359.0,4185.0,,,,220.0,183.0,212.0,,,,-3.99,,,,-3.99,15.85,,,,15.85,1년치 존재,1,14.77,0.42,1.35,51131.0,down,47.4,7180.0,5770.0,mixed,bear_cross,,,,,KOSPI,6250,1628,44588,0.9,항공화물운송과물류
9270,신원,8345.0,9395.0,10923.0,,,,234.0,253.0,188.0,,,,16.26,,,,16.26,-25.69,,,,-25.69,1년치 존재,1,24.69,0.49,-1.14,399859.0,down,50.3,1564.0,1285.0,down,bear,,,,,KOSPI,1384,1588,549068,1.4,"섬유,의류,신발,호화품"
25620,차AI헬스케어,161.0,157.0,73.0,,,,-94.0,-54.0,-75.0,,,,-53.5,,,,-53.5,-38.89,,,,-38.89,1년치 존재,1,,0.61,2.6,16144.0,down,36.9,12540.0,8650.0,down,bear,,,,,KOSPI,8650,1575,29669,1.8,화장품
12320,경동인베스트,3053.0,2937.0,2762.0,,,,217.0,244.0,188.0,,,,-5.96,,,,-5.96,-22.95,,,,-22.95,1년치 존재,1,8.04,0.32,3.79,38352.0,up,52.6,98500.0,55800.0,mixed,bull,,,,,KOSPI,66000,1561,34358,0.9,비철금속
78000,텔코웨어,406.0,449.0,384.0,,,,30.0,34.0,33.0,,,,-14.48,,,,-14.48,-2.94,,,,-2.94,1년치 존재,1,18.14,0.49,5.56,11082.0,down,45.4,23000.0,15330.0,down,bear,,,,,KOSPI,16900,1562,4426,0.4,소프트웨어
14280,금강공업,8569.0,8014.0,8022.0,,,,666.0,330.0,105.0,,,,0.1,,,,0.1,-68.18,,,,-68.18,1년치 존재,1,4.43,0.4,-11.82,155353.0,up,53.6,6570.0,4655.0,mixed,bull,,,,,KOSPI,5360,1572,103786,0.7,건축제품
4970,신라교역,4342.0,4705.0,4547.0,,,,139.0,168.0,-16.0,,,,-3.36,,,,-3.36,-109.52,,,,-109.52,1년치 존재,1,8.09,1.0,0.77,19535.0,down,52.9,10500.0,9070.0,mixed,bull,,,,,KOSPI,9680,1549,37058,1.9,식품
94280,효성ITX,5038.0,5064.0,5190.0,,,,192.0,188.0,190.0,,,,2.49,,,,2.49,1.06,,,,1.06,1년치 존재,1,10.6,2.11,21.21,28706.0,up,68.4,13200.0,11950.0,up,bull,,,,,KOSPI,13180,1523,29300,1.0,상업서비스와공급품
298000,효성화학,26233.0,24522.0,23407.0,,,,-2137.0,-1748.0,-1605.0,,,,-4.55,,,,-4.55,8.18,,,,8.18,1년치 존재,1,,5.25,260.94,,,,,,,,,,,,KOSPI,38900,1475,0,,화학
70960,모나용평,2116.0,2678.0,2501.0,,,,214.0,270.0,233.0,,,,-6.61,,,,-6.61,-13.7,,,,-13.7,1년치 존재,1,14.68,0.38,-8.16,72840.0,down,55.0,3420.0,2865.0,mixed,bull,,,,,KOSPI,3120,1502,68098,0.9,"호텔,레스토랑,레저"
83420,그린케미칼,2823.0,3303.0,3041.0,,,,50.0,107.0,101.0,,,,-7.93,,,,-7.93,-5.61,,,,-5.61,1년치 존재,1,48.15,1.3,7.7,83254.0,up,60.6,6380.0,5100.0,up,bull,,,,,KOSPI,6260,1502,109439,1.3,화학
7540,샘표,3839.0,4050.0,4090.0,,,,81.0,59.0,241.0,,,,0.99,,,,0.99,308.47,,,,308.47,1년치 존재,1,23.41,0.5,4.63,4727.0,down,40.7,65000.0,48000.0,down,bear,,,,,KOSPI,51800,1490,6347,1.3,식품
16740,두올,7299.0,7733.0,7961.0,,,,450.0,429.0,486.0,,,,2.95,,,,2.95,13.29,,,,13.29,1년치 존재,1,5.6,0.51,11.34,139070.0,up,69.7,5200.0,4050.0,up,bull,,,,,KOSPI,5200,1491,347036,2.5,자동차부품
15890,태경산업,6560.0,6757.0,7771.0,,,,441.0,557.0,554.0,,,,15.01,,,,15.01,-0.54,,,,-0.54,1년치 존재,1,11.78,0.63,5.41,82068.0,up,59.1,5210.0,4565.0,up,bull,,,,,KOSPI,5120,1497,61606,0.8,비철금속
12800,대창,13230.0,13369.0,14702.0,,,,-93.0,313.0,515.0,,,,9.97,,,,9.97,64.54,,,,64.54,1년치 존재,1,,0.44,0.75,2560866.0,up,71.4,1650.0,1284.0,up,bull,,,,,KOSPI,1650,1504,4205028,1.6,비철금속
11700,한신기계,613.0,631.0,527.0,,,,-1.0,-6.0,-15.0,,,,-16.48,,,,-16.48,-150.0,,,,-150.0,1년치 존재,1,42.35,1.71,-0.51,765140.0,up,53.6,5470.0,3750.0,mixed,bull,,,,,KOSPI,4615,1497,778739,1.0,기계
7610,선도전기,416.0,240.0,382.0,,,,-72.0,-57.0,12.0,,,,59.17,,,,59.17,121.05,,,,121.05,1년치 존재,1,,2.37,16.0,,,,8450.0,6500.0,,,,,,,KOSPI,8450,1521,3145637,,전기장비
11280,태림포장,7196.0,7154.0,7539.0,,,,222.0,-166.0,-50.0,,,,5.38,,,,5.38,69.88,,,,69.88,1년치 존재,1,33.84,0.49,-3.05,1656445.0,down,48.0,2495.0,1827.0,mixed,bear,,,,,KOSPI,2095,1483,232161,0.1,포장재
77500,유니퀘스트,6659.0,7105.0,7300.0,,,,340.0,341.0,367.0,,,,2.74,,,,2.74,7.62,,,,7.62,1년치 존재,1,8.08,0.61,8.61,282397.0,up,68.1,7400.0,5490.0,up,bull,,,,,KOSPI,7330,1583,190372,0.7,반도체와반도체장비
139990,아주스틸,9385.0,9997.0,10856.0,,,,-133.0,-424.0,-256.0,,,,8.59,,,,8.59,39.62,,,,39.62,1년치 존재,1,,0.83,-31.3,328180.0,down,61.3,4450.0,2910.0,up,bull,,,,,KOSPI,3800,1473,591834,1.8,철강
21820,세원정공,1592.0,1625.0,1794.0,,,,120.0,192.0,170.0,,,,10.4,,,,10.4,-11.46,,,,-11.46,1년치 존재,1,,0.17,6.73,11994.0,down,52.3,17380.0,12550.0,mixed,bull,,,,,KOSPI,15250,1525,11454,1.0,자동차부품
27970,한국제지,7120.0,7921.0,7537.0,,,,135.0,193.0,31.0,,,,-4.85,,,,-4.85,-83.94,,,,-83.94,1년치 존재,1,,0.49,-7.89,319557.0,down,37.6,836.0,738.0,mixed,bear,,,,,KOSPI,764,1453,68281,0.2,종이와목재
4250,NPC,5087.0,4583.0,4503.0,,,,296.0,105.0,236.0,,,,-1.75,,,,-1.75,124.76,,,,124.76,1년치 존재,1,8.75,0.63,2.92,59238.0,down,50.1,4070.0,3570.0,mixed,bear,,,,,KOSPI,3925,1441,43721,0.7,포장재
107590,미원홀딩스,4432.0,4766.0,4927.0,,,,156.0,230.0,203.0,,,,3.38,,,,3.38,-11.74,,,,-11.74,1년치 존재,1,13.83,0.78,9.52,415.0,down,33.1,70000.0,63300.0,down,bear,,,,,KOSPI,63300,1469,1181,2.8,화학
35000,HS애드,5483.0,5547.0,4839.0,,,,264.0,296.0,275.0,,,,-12.76,,,,-12.76,-7.09,,,,-7.09,1년치 존재,1,6.37,0.55,8.38,18544.0,up,71.7,8990.0,8090.0,mixed,bull,,,,,KOSPI,8990,1457,13782,0.7,광고
7210,벽산,6207.0,6431.0,6107.0,,,,447.0,257.0,233.0,,,,-5.04,,,,-5.04,-9.34,,,,-9.34,1년치 존재,1,5.41,0.55,7.84,931655.0,up,67.6,2200.0,1657.0,up,bull,,,,,KOSPI,2200,1438,1879854,2.0,건축자재
2620,제일파마홀딩스,8040.0,7798.0,6576.0,,,,208.0,-116.0,387.0,,,,-15.67,,,,-15.67,433.62,,,,433.62,1년치 존재,1,,4.0,4.68,15336.0,up,59.2,9280.0,8010.0,up,bull,,,,,KOSPI,9000,1438,9565,0.6,제약
363280,티와이홀딩스,814.0,794.0,792.0,,,,-3438.0,-809.0,-346.0,,,,-0.25,,,,-0.25,57.23,,,,57.23,1년치 존재,1,,0.17,-10.04,57680.0,down,57.4,3085.0,2440.0,up,bull,,,,,KOSPI,2840,1432,54333,0.9,"호텔,레스토랑,레저"
20120,키다리스튜디오,1710.0,2052.0,2175.0,,,,-57.0,22.0,124.0,,,,5.99,,,,5.99,463.64,,,,463.64,1년치 존재,1,,0.97,3.29,265474.0,up,58.0,4155.0,3085.0,up,bull,,,,,KOSPI,3875,1436,236076,0.9,양방향미디어와서비스
123690,한국화장품,787.0,928.0,850.0,,,,31.0,37.0,5.0,,,,-8.41,,,,-8.41,-86.49,,,,-86.49,1년치 존재,1,29.07,3.99,3.53,359225.0,up,57.8,10810.0,7750.0,mixed,bull,,,,,KOSPI,8890,1428,151284,0.4,화장품
8040,사조동아원,6785.0,6781.0,6743.0,,,,386.0,500.0,425.0,,,,-0.56,,,,-0.56,-15.0,,,,-15.0,1년치 존재,1,12.55,0.55,-69.03,432425.0,up,52.2,1153.0,972.0,mixed,bull,,,,,KOSPI,1042,1471,372309,0.9,식품
1290,상상인증권,1822.0,3227.0,1817.0,,,,10.0,-497.0,-91.0,,,,-43.69,,,,-43.69,81.69,,,,81.69,1년치 존재,1,170.76,0.35,-3.11,3515719.0,up,56.3,1558.0,703.0,up,bull,,,,,KOSPI,1305,1414,1681144,0.5,증권
4140,동방,7678.0,8716.0,9156.0,,,,352.0,390.0,320.0,,,,5.05,,,,5.05,-17.95,,,,-17.95,1년치 존재,1,6.67,0.69,10.36,1665491.0,down,53.7,3005.0,2475.0,up,bear,,,,,KOSPI,2915,1398,764303,0.5,항공화물운송과물류
14710,사조씨푸드,1760.0,1883.0,2380.0,,,,-348.0,95.0,122.0,,,,26.39,,,,26.39,28.42,,,,28.42,1년치 존재,1,,0.29,-12.7,20606.0,up,59.8,9850.0,6630.0,mixed,bull,,,,,KOSPI,8120,1398,19755,1.0,식품
16710,대성홀딩스,12168.0,12124.0,12226.0,,,,100.0,233.0,281.0,,,,0.84,,,,0.84,20.6,,,,20.6,1년치 존재,1,1.05,0.38,3.82,17135.0,down,53.2,9260.0,8390.0,mixed,bull,,,,,KOSPI,8640,1390,11276,0.7,가스유틸리티
24090,디씨엠,2183.0,2409.0,2271.0,,,,91.0,170.0,96.0,,,,-5.73,,,,-5.73,-43.53,,,,-43.53,1년치 존재,1,,0.41,4.55,6963.0,up,50.8,12990.0,11800.0,up,bull,,,,,KOSPI,12500,1425,22898,3.3,비철금속
2390,한독,5227.0,5074.0,5351.0,,,,126.0,5.0,33.0,,,,5.46,,,,5.46,560.0,,,,560.0,1년치 존재,1,,0.58,-0.76,26151.0,down,44.5,11760.0,10020.0,mixed,bull,,,,,KOSPI,10310,1419,49598,1.9,제약
4150,한솔홀딩스,4431.0,7916.0,10983.0,12126.0,,,40.0,75.0,226.0,334.0,,,38.74,10.41,,,38.74,201.33,47.79,,,201.33,2년치 존재,2,16.23,0.21,-0.11,153245.0,down,51.0,3740.0,3100.0,mixed,bear,,,,,KOSPI,3350,1374,72313,0.5,복합기업
19180,티에이치엔,5863.0,6511.0,9891.0,,,,431.0,310.0,701.0,,,,51.91,,,,51.91,126.13,,,,126.13,1년치 존재,1,2.21,0.3,36.85,265765.0,down,49.1,9300.0,6500.0,mixed,bull,,,,,KOSPI,7540,1357,208694,0.8,자동차부품
267290,경동도시가스,17995.0,17919.0,17595.0,,,,283.0,270.0,330.0,,,,-1.81,,,,-1.81,22.22,,,,22.22,1년치 존재,1,3.75,3.0,7.13,9190.0,down,58.8,23950.0,21350.0,up,bull,,,,,KOSPI,23000,1356,8477,0.9,가스유틸리티
13570,디와이,11912.0,11683.0,12448.0,,,,433.0,356.0,481.0,,,,6.55,,,,6.55,35.11,,,,35.11,1년치 존재,1,8.52,0.41,3.62,104185.0,up,60.8,5550.0,4415.0,mixed,bull,,,,,KOSPI,5270,1387,176399,1.7,자동차부품
14530,극동유화,11580.0,10628.0,10217.0,,,,278.0,229.0,154.0,,,,-3.87,,,,-3.87,-32.75,,,,-32.75,1년치 존재,1,10.25,0.72,0.55,558673.0,up,53.7,5990.0,3350.0,up,bull,,,,,KOSPI,4000,1395,539539,1.0,석유와가스
2220,한일철강,2163.0,2058.0,1964.0,,,,49.0,7.0,32.0,,,,-4.57,,,,-4.57,357.14,,,,357.14,1년치 존재,1,86145.26,0.34,-0.34,175288.0,up,67.4,5470.0,3645.0,up,bull,,,,,KOSPI,5230,1396,127275,0.7,철강
2460,HS화성,9081.0,6128.0,6595.0,,,,253.0,237.0,432.0,,,,7.62,,,,7.62,82.28,,,,82.28,1년치 존재,1,5.23,0.27,6.73,16969.0,up,57.4,15330.0,11410.0,mixed,bull,,,,,KOSPI,13310,1351,24920,1.5,건설
14790,HL D&I,15720.0,15788.0,17419.0,19185.0,,,507.0,579.0,798.0,977.0,,,10.33,10.14,,,10.33,37.82,22.43,,,37.82,2년치 존재,2,3.14,0.21,2.9,127237.0,down,54.8,3975.0,2820.0,up,bear_cross,,,,,KOSPI,3550,1344,103682,0.8,건설
4080,신흥,1124.0,1018.0,1026.0,,,,114.0,63.0,71.0,,,,0.79,,,,0.79,12.7,,,,12.7,1년치 존재,1,14.76,1.19,2.44,4128.0,down,52.1,14190.0,13480.0,mixed,bear,,,,,KOSPI,13990,1315,5703,1.4,건강관리장비와용품
10100,한국무브넥스,15108.0,15674.0,16993.0,,,,593.0,437.0,253.0,,,,8.42,,,,8.42,-42.11,,,,-42.11,1년치 존재,1,5.98,0.86,5.3,192064.0,down,45.5,5930.0,4160.0,mixed,bull,,,,,KOSPI,4480,1364,300226,1.6,자동차부품
67830,세이브존I&C,1238.0,1172.0,1181.0,,,,110.0,78.0,46.0,,,,0.77,,,,0.77,-41.03,,,,-41.03,1년치 존재,1,7.22,0.19,1.59,64037.0,down,54.0,3475.0,2790.0,mixed,bull,,,,,KOSPI,3175,1303,43981,0.7,백화점과일반상점
14160,대영포장,2835.0,2808.0,2837.0,,,,111.0,9.0,9.0,,,,1.03,,,,1.03,0.0,,,,0.0,1년치 존재,1,15.54,0.62,0.81,14617320.0,down,49.5,1409.0,940.0,mixed,bear,,,,,KOSPI,1195,1295,1914409,0.1,포장재
5800,신영와코루,2028.0,1967.0,1852.0,,,,22.0,28.0,13.0,,,,-5.85,,,,-5.85,-53.57,,,,-53.57,1년치 존재,1,16.96,0.23,1.66,6547.0,down,44.1,17990.0,14870.0,mixed,bull,,,,,KOSPI,15080,1357,2683,0.4,"섬유,의류,신발,호화품"
7110,일신석재,1012.0,787.0,545.0,,,,46.0,38.0,7.0,,,,-30.75,,,,-30.75,-81.58,,,,-81.58,1년치 존재,1,50.69,1.48,-1.17,485210.0,down,50.7,1897.0,1459.0,mixed,bear_cross,,,,,KOSPI,1638,1269,423061,0.9,건축자재
120030,조선선재,666.0,509.0,518.0,,,,106.0,87.0,78.0,,,,1.77,,,,1.77,-10.34,,,,-10.34,1년치 존재,1,9.52,0.67,5.84,934.0,up,51.2,111700.0,93500.0,mixed,bull,,,,,KOSPI,101200,1273,1392,1.5,철강
227840,현대코퍼레이션홀딩스,1883.0,2156.0,2502.0,,,,187.0,195.0,214.0,,,,16.05,,,,16.05,9.74,,,,9.74,1년치 존재,1,3.35,0.36,11.89,23861.0,up,71.5,14110.0,11510.0,up,bull,,,,,KOSPI,13900,1265,31365,1.3,식품과기본식료품소매
5870,휴니드,2288.0,2308.0,1372.0,,,,174.0,91.0,-120.0,,,,-40.55,,,,-40.55,-231.87,,,,-231.87,1년치 존재,1,4.86,0.5,-5.97,648946.0,up,52.3,10480.0,7900.0,up,bull,,,,,KOSPI,9460,1335,166249,0.3,우주항공과국방
14580,태경비케이,2942.0,3086.0,3859.0,,,,401.0,422.0,408.0,,,,25.05,,,,25.05,-3.32,,,,-3.32,1년치 존재,1,7.63,0.93,10.6,316570.0,up,57.9,4965.0,4110.0,up,bull,,,,,KOSPI,4780,1318,140310,0.4,비철금속
1020,페이퍼코리아,3621.0,2902.0,2667.0,,,,312.0,20.0,-53.0,,,,-8.1,,,,-8.1,-365.0,,,,-365.0,1년치 존재,1,5.19,0.54,-7.06,502128.0,up,53.3,849.0,585.0,,bull,,,,,KOSPI,674,1200,0,,종이와목재
15590,DKME,1373.0,1366.0,1334.0,,,,129.0,95.0,100.0,,,,-2.34,,,,-2.34,5.26,,,,5.26,1년치 존재,1,14.35,1.46,-0.02,,,,,,,,,,,,KOSPI,515,1220,0,,기계
23800,인지컨트롤스,6340.0,6493.0,7179.0,,,,209.0,264.0,396.0,,,,10.57,,,,10.57,50.0,,,,50.0,1년치 존재,1,9.15,0.58,7.15,100578.0,up,73.1,8250.0,6220.0,up,bull,,,,,KOSPI,8250,1304,121288,1.2,자동차부품
19680,대교,6562.0,6635.0,6500.0,,,,-278.0,-16.0,-34.0,,,,-2.03,,,,-2.03,-112.5,,,,-112.5,1년치 존재,1,,0.69,-12.33,104464.0,down,37.3,1784.0,1483.0,down,bear_cross,,,,,KOSPI,1503,1273,95843,0.9,교육서비스
34590,인천도시가스,7813.0,9436.0,9630.0,,,,165.0,194.0,191.0,,,,2.06,,,,2.06,-1.55,,,,-1.55,1년치 존재,1,6.38,0.5,8.3,3054.0,up,56.4,27600.0,25800.0,up,bull_cross,,,,,KOSPI,26950,1179,2095,0.7,가스유틸리티
95720,웅진씽크빅,8901.0,8672.0,7974.0,,,,56.0,92.0,-105.0,,,,-8.05,,,,-8.05,-214.13,,,,-214.13,1년치 존재,1,,0.93,-8.34,108763.0,up,56.3,1252.0,986.0,,bull,,,,,KOSPI,1154,1312,0,,교육서비스
248170,샘표식품,3834.0,4049.0,4089.0,,,,98.0,65.0,245.0,,,,0.99,,,,0.99,276.92,,,,276.92,1년치 존재,1,12.05,0.53,7.81,12636.0,down,44.8,30700.0,26350.0,down,bull,,,,,KOSPI,27250,1245,5063,0.4,식품
36420,콘텐트리중앙,9930.0,8795.0,10833.0,11753.0,,,-680.0,-474.0,88.0,327.0,,,23.17,8.49,,,23.17,118.57,271.59,,,271.59,2년치 존재,2,,3.81,-71.28,59328.0,down,50.0,7520.0,5290.0,mixed,bull,,,,,KOSPI,6050,1165,45739,0.8,방송과엔터테인먼트
11810,STX,8950.0,8278.0,6413.0,,,,-150.0,-87.0,-619.0,,,,-22.53,,,,-22.53,-611.49,,,,-611.49,1년치 존재,1,,4.54,549.24,,,,,,,,,,,,KOSPI,3530,1095,0,,무역회사와판매업체
17370,우신시스템,2422.0,5636.0,3886.0,4514.0,,,124.0,361.0,209.0,265.0,,,-31.05,16.16,,,16.16,-42.11,26.79,,,26.79,2년치 존재,2,21.79,1.43,10.18,37939.0,up,54.0,6930.0,5620.0,mixed,bull,,,,,KOSPI,6120,1121,24414,0.6,자동차부품
10660,화천기계,1619.0,2324.0,2145.0,,,,-30.0,20.0,2.0,,,,-7.7,,,,-7.7,-90.0,,,,-90.0,1년치 존재,1,110.85,0.62,1.97,700653.0,down,44.1,6500.0,4900.0,down,bull,,,,,KOSPI,5080,1118,322286,0.5,기계
3580,HLB글로벌,799.0,929.0,1003.0,,,,-129.0,-22.0,-99.0,,,,7.97,,,,7.97,-350.0,,,,-350.0,1년치 존재,1,,4.3,-9.09,155988.0,down,54.1,2330.0,1767.0,up,bear,,,,,KOSPI,2205,1117,75706,0.5,판매업체
36580,팜스코,18545.0,15746.0,15541.0,,,,315.0,539.0,802.0,,,,-1.3,,,,-1.3,48.79,,,,48.79,1년치 존재,1,,0.51,23.16,122170.0,down,48.1,4115.0,2905.0,mixed,bear_cross,,,,,KOSPI,3380,1241,131817,1.1,식품
267850,아시아나IDT,1884.0,1940.0,1941.0,,,,91.0,92.0,121.0,,,,0.05,,,,0.05,31.52,,,,31.52,1년치 존재,1,19.7,1.31,7.37,17128.0,up,55.2,11170.0,9600.0,up,bull,,,,,KOSPI,10820,1201,24127,1.4,IT서비스
58850,KTcs,10354.0,11213.0,10427.0,,,,187.0,70.0,298.0,,,,-7.01,,,,-7.01,325.71,,,,325.71,1년치 존재,1,10.49,0.72,11.55,162485.0,down,54.9,3000.0,2505.0,mixed,bull,,,,,KOSPI,2695,1116,113295,0.7,상업서비스와공급품
79980,휴비스,9277.0,9394.0,8895.0,,,,-716.0,-383.0,198.0,,,,-5.31,,,,-5.31,151.7,,,,151.7,1년치 존재,1,,0.5,0.96,1239935.0,up,62.5,3640.0,2340.0,up,bear,,,,,KOSPI,3485,1202,680625,0.5,"섬유,의류,신발,호화품"
84670,동양고속,1200.0,1217.0,1252.0,,,,-3.0,-15.0,51.0,,,,2.88,,,,2.88,440.0,,,,440.0,1년치 존재,1,,0.49,5.63,14121.0,down,36.9,69900.0,37800.0,down,bull,,,,,KOSPI,37800,1095,16168,1.1,도로와철도운송
2450,삼익악기,2479.0,2304.0,2244.0,,,,65.0,59.0,23.0,,,,-2.6,,,,-2.6,-61.02,,,,-61.02,1년치 존재,1,28.84,0.34,6.36,178967.0,down,57.9,1279.0,1129.0,up,bear_cross,,,,,KOSPI,1250,1132,215956,1.2,레저용장비와제품
8700,아남전자,3337.0,2584.0,2153.0,,,,94.0,99.0,48.0,,,,-16.68,,,,-16.68,-51.52,,,,-51.52,1년치 존재,1,23.82,1.58,4.5,1473199.0,up,51.1,1774.0,1117.0,mixed,bear,,,,,KOSPI,1493,1151,762891,0.5,전자제품
1275,부국증권우,8150.0,7792.0,9655.0,,,,691.0,367.0,568.0,,,,23.91,,,,23.91,54.77,,,,54.77,1년치 존재,1,5.06,0.25,5.69,2344.0,down,49.6,38650.0,28400.0,up,bear,,,,,KOSPI,36200,1086,2417,1.0,증권
4100,태양금속,6172.0,6200.0,6202.0,,,,222.0,161.0,224.0,,,,0.03,,,,0.03,39.13,,,,39.13,1년치 존재,1,2087.84,1.26,2.53,793376.0,down,48.4,3640.0,2330.0,up,bear,,,,,KOSPI,3235,1187,571,0.0,자동차부품
230,일동홀딩스,6384.0,6347.0,5909.0,,,,-796.0,-40.0,149.0,,,,-6.9,,,,-6.9,472.5,,,,472.5,1년치 존재,1,,3.05,6.81,30715.0,down,44.0,12170.0,9770.0,mixed,bull,,,,,KOSPI,9950,1148,18835,0.6,제약
32560,황금에스티,3551.0,3211.0,3165.0,,,,293.0,194.0,180.0,,,,-1.43,,,,-1.43,-7.22,,,,-7.22,1년치 존재,1,5.04,0.34,4.77,39907.0,up,61.2,6520.0,5660.0,up,bull,,,,,KOSPI,6370,1083,56818,1.4,비철금속
264900,크라운제과,4347.0,4381.0,4448.0,,,,284.0,210.0,153.0,,,,1.53,,,,1.53,-27.14,,,,-27.14,1년치 존재,1,4.75,0.52,5.57,16334.0,down,50.6,8890.0,8180.0,up,bull,,,,,KOSPI,8560,1072,17004,1.0,식품
6840,AK홀딩스,44797.0,38101.0,32357.0,,,,2791.0,511.0,-1479.0,,,,-15.08,,,,-15.08,-389.43,,,,-389.43,1년치 존재,1,6.58,0.39,-25.49,13455.0,up,55.6,8900.0,7620.0,up,bull,,,,,KOSPI,8560,1134,6234,0.5,화학
5740,크라운해태홀딩스,10355.0,10469.0,10699.0,,,,710.0,676.0,573.0,,,,2.2,,,,2.2,-15.24,,,,-15.24,1년치 존재,1,4.3,0.27,5.34,24255.0,up,61.4,7460.0,6310.0,up,bull,,,,,KOSPI,7170,1065,26226,1.1,식품
63160,종근당바이오,1604.0,1718.0,1601.0,,,,-202.0,110.0,36.0,,,,-6.81,,,,-6.81,-67.27,,,,-67.27,1년치 존재,1,,1.06,-2.24,40450.0,down,49.2,21550.0,18470.0,mixed,bull,,,,,KOSPI,19510,1070,7516,0.2,제약
6660,삼성공조,1259.0,1158.0,1177.0,,,,54.0,65.0,32.0,,,,1.64,,,,1.64,-50.77,,,,-50.77,1년치 존재,1,5.12,0.26,2.49,106458.0,up,62.4,14000.0,10950.0,mixed,bull,,,,,KOSPI,13090,1064,178991,1.7,자동차부품
8260,NI스틸,3829.0,2753.0,2479.0,,,,707.0,371.0,301.0,,,,-9.95,,,,-9.95,-18.87,,,,-18.87,1년치 존재,1,3.42,0.73,7.23,541612.0,up,60.8,4095.0,3350.0,up,bull,,,,,KOSPI,3940,1127,386499,0.7,건축자재
2200,한국수출포장,3123.0,3018.0,2896.0,,,,229.0,-6.0,-66.0,,,,-4.04,,,,-4.04,-1000.0,,,,-1000.0,1년치 존재,1,6.23,0.38,-1.35,334728.0,down,37.1,3250.0,2795.0,down,bear_cross,,,,,KOSPI,2795,1062,181920,0.5,포장재
78935,GS우,259785.0,252500.0,251841.0,263214.0,,,37218.0,30772.0,29361.0,33175.0,,,-0.26,4.52,,,4.52,-4.59,12.99,,,12.99,2년치 존재,2,2.98,0.29,5.55,5896.0,up,61.5,62500.0,50700.0,up,bull,,,,,KOSPI,57900,1033,7022,1.2,석유와가스
163560,동일고무벨트,3578.0,3370.0,3646.0,,,,137.0,96.0,186.0,,,,8.19,,,,8.19,93.75,,,,93.75,1년치 존재,1,9.0,0.39,4.59,252878.0,up,54.0,7940.0,6350.0,up,bear,,,,,KOSPI,7540,1048,27136,0.1,화학
2700,신일전자,1843.0,1783.0,1940.0,,,,20.0,40.0,52.0,,,,8.81,,,,8.81,30.0,,,,30.0,1년치 존재,1,126.45,1.61,5.14,539790.0,down,64.2,1491.0,1281.0,up,bull,,,,,KOSPI,1474,1032,562403,1.0,가정용기기와용품
4440,삼일씨엔에스,2164.0,2213.0,2231.0,,,,52.0,-17.0,50.0,,,,0.81,,,,0.81,394.12,,,,394.12,1년치 존재,1,26.94,0.2,0.56,196479.0,up,56.3,10430.0,5100.0,up,bull_cross,,,,,KOSPI,8220,1047,89948,0.5,건축자재
119650,KC코트렐,4319.0,3409.0,1929.0,,,,69.0,-678.0,-89.0,,,,-43.41,,,,-43.41,86.87,,,,86.87,1년치 존재,1,,4.28,-19.57,,,,,,,,,,,,KOSPI,918,1008,0,,상업서비스와공급품
4840,DRB동일,7378.0,7527.0,8027.0,,,,358.0,219.0,249.0,,,,6.64,,,,6.64,13.7,,,,13.7,1년치 존재,1,7.58,0.3,1.11,28340.0,up,49.1,6250.0,5070.0,mixed,bull,,,,,KOSPI,5390,1039,10013,0.4,화학
7980,TP,9202.0,10642.0,10290.0,,,,406.0,489.0,620.0,,,,-3.31,,,,-3.31,26.79,,,,26.79,1년치 존재,1,17.65,0.51,14.54,438738.0,up,66.2,2225.0,1734.0,up,bull,,,,,KOSPI,2190,1027,349190,0.8,"섬유,의류,신발,호화품"
4060,SG세계물산,1431.0,1388.0,1323.0,,,,18.0,-28.0,-15.0,,,,-4.68,,,,-4.68,46.43,,,,46.43,1년치 존재,1,,0.37,0.34,,,,,,,,,,,,KOSPI,489,990,0,,"섬유,의류,신발,호화품"
23450,동남합성,1667.0,1864.0,1943.0,,,,81.0,89.0,94.0,,,,4.24,,,,4.24,5.62,,,,5.62,1년치 존재,1,20.14,2.29,12.91,1096.0,down,43.9,32300.0,30200.0,down,bull,,,,,KOSPI,30200,1057,1306,1.2,화학
13360,일성건설,6077.0,5004.0,4527.0,,,,73.0,-436.0,104.0,,,,-9.53,,,,-9.53,123.85,,,,123.85,1년치 존재,1,19.09,0.62,5.36,1494842.0,down,42.7,2140.0,1568.0,mixed,bear,,,,,KOSPI,1886,1019,402257,0.3,건설
58860,KTis,5930.0,5444.0,5888.0,,,,205.0,236.0,247.0,,,,8.16,,,,8.16,4.66,,,,4.66,1년치 존재,1,7.54,0.45,16.29,114048.0,down,54.5,3160.0,2695.0,mixed,bull,,,,,KOSPI,2875,1001,178573,1.6,상업서비스와공급품
180,성창기업지주,1663.0,1431.0,1272.0,,,,-167.0,-73.0,-69.0,,,,-11.11,,,,-11.11,5.48,,,,5.48,1년치 존재,1,,0.22,-3.29,123210.0,up,94.4,7310.0,1368.0,,bull,,,,,KOSPI,7200,1004,26043,0.2,종이와목재
6890,태경케미컬,707.0,711.0,613.0,,,,179.0,137.0,21.0,,,,-13.78,,,,-13.78,-84.67,,,,-84.67,1년치 존재,1,9.2,0.97,5.2,245143.0,up,54.5,10680.0,7000.0,up,bull_cross,,,,,KOSPI,8990,1043,163148,0.7,화학
2720,국제약품,1354.0,1565.0,1755.0,,,,-20.0,67.0,62.0,,,,12.14,,,,12.14,-7.46,,,,-7.46,1년치 존재,1,,1.41,6.09,164684.0,down,43.6,5230.0,4455.0,mixed,bear,,,,,KOSPI,4710,997,114574,0.7,제약
7460,에이프로젠,1506.0,1501.0,1180.0,,,,-889.0,-868.0,-956.0,,,,-21.39,,,,-21.39,-10.14,,,,-10.14,1년치 존재,1,,1.59,-44.3,,,,,,,,,,,,KOSPI,293,965,0,,제약
23000,삼원강재,3591.0,3436.0,3593.0,,,,165.0,118.0,99.0,,,,4.57,,,,4.57,-16.1,,,,-16.1,1년치 존재,1,7.38,0.5,4.2,55580.0,up,66.1,2495.0,2255.0,mixed,bull,,,,,KOSPI,2440,976,34250,0.6,자동차부품
11150,CJ씨푸드,1483.0,1937.0,1921.0,,,,41.0,44.0,-9.0,,,,-0.83,,,,-0.83,-120.45,,,,-120.45,1년치 존재,1,23.95,1.36,3.29,142897.0,down,49.3,3020.0,2555.0,mixed,bear,,,,,KOSPI,2715,976,137410,1.0,식품
1260,남광토건,5477.0,5042.0,3574.0,,,,43.0,73.0,114.0,,,,-29.12,,,,-29.12,56.16,,,,56.16,1년치 존재,1,12.58,0.67,4.48,92989.0,down,55.5,10750.0,7690.0,up,bear,,,,,KOSPI,9880,971,18282,0.2,건설
14440,영보화학,903.0,1176.0,1201.0,,,,70.0,194.0,193.0,,,,2.13,,,,2.13,-0.52,,,,-0.52,1년치 존재,1,12.62,0.45,9.0,69268.0,down,57.2,5000.0,4485.0,mixed,bull,,,,,KOSPI,4775,955,50572,0.7,화학
96775,SK이노베이션우,772885.0,742696.0,802961.0,994446.0,,,19039.0,3557.0,4487.0,43079.0,,,8.11,23.85,,,23.85,26.15,860.08,,,860.08,2년치 존재,2,53.47,0.61,-14.42,6108.0,up,63.3,79900.0,67300.0,up,bull,,,,,KOSPI,77700,970,9247,1.5,석유와가스
2210,동성제약,886.0,884.0,872.0,,,,7.0,-57.0,-101.0,,,,-1.36,,,,-1.36,-77.19,,,,-77.19,1년치 존재,1,,1.83,-76.44,,,,,,,,,,,,KOSPI,973,940,0,,제약
4890,동일산업,4412.0,4158.0,3479.0,,,,-42.0,-42.0,-28.0,,,,-16.33,,,,-16.33,33.33,,,,33.33,1년치 존재,1,,0.25,-3.11,2827.0,up,64.9,40550.0,37100.0,mixed,bull,,,,,KOSPI,39750,964,790,0.3,철강
10960,삼호개발,3619.0,4018.0,4097.0,,,,105.0,12.0,145.0,,,,1.97,,,,1.97,1108.33,,,,1108.33,1년치 존재,1,5.62,0.33,8.08,57353.0,down,50.9,4250.0,3695.0,mixed,bear,,,,,KOSPI,3995,964,23572,0.4,건설
55490,테이팩스,1458.0,1360.0,1411.0,,,,66.0,14.0,25.0,,,,3.75,,,,3.75,78.57,,,,78.57,1년치 존재,1,16.89,0.9,1.3,47981.0,up,67.2,20950.0,13520.0,up,bull,,,,,KOSPI,20000,954,54054,1.1,전자장비와기기
105,유한양행우,18590.0,20678.0,21866.0,23742.0,,,570.0,549.0,1044.0,1462.0,,,5.75,8.58,,,8.58,90.16,40.04,,,90.16,2년치 존재,2,41.11,2.51,8.81,3690.0,down,27.6,97700.0,76600.0,down,bear,,,,,KOSPI,76600,905,11047,3.0,제약
31820,아이티센씨티에스,8926.0,9953.0,10952.0,,,,155.0,210.0,236.0,,,,10.04,,,,10.04,12.38,,,,12.38,1년치 존재,1,23.39,0.59,25.89,,,,,,,,,,,,KOSPI,753,912,0,,IT서비스
590,CS홀딩스,1720.0,1420.0,1349.0,,,,191.0,223.0,202.0,,,,-5.0,,,,-5.0,-9.42,,,,-9.42,1년치 존재,1,4.31,1.0,5.36,503.0,up,58.2,90800.0,74000.0,mixed,bull,,,,,KOSPI,80400,928,707,1.4,철강
5750,대림바스,2663.0,2811.0,3006.0,,,,41.0,101.0,186.0,,,,6.94,,,,6.94,84.16,,,,84.16,1년치 존재,1,,0.4,8.3,67082.0,down,49.6,6190.0,4590.0,up,bear,,,,,KOSPI,5640,940,52967,0.8,건축제품
13870,지엠비코리아,6909.0,7267.0,7873.0,,,,206.0,227.0,242.0,,,,8.34,,,,8.34,6.61,,,,6.61,1년치 존재,1,7.88,0.35,5.16,79712.0,up,44.5,5900.0,4780.0,down,bull,,,,,KOSPI,4905,935,32738,0.4,자동차부품
4720,팜젠사이언스,1668.0,1713.0,1731.0,,,,91.0,106.0,60.0,,,,1.05,,,,1.05,-43.4,,,,-43.4,1년치 존재,1,16.61,0.48,-58.21,99435.0,up,70.0,4210.0,3500.0,mixed,bull,,,,,KOSPI,4195,921,214554,2.2,제약
100220,비상교육,2524.0,2465.0,2688.0,,,,-58.0,102.0,216.0,,,,9.05,,,,9.05,111.76,,,,111.76,1년치 존재,1,,0.37,11.28,77192.0,up,66.3,7270.0,4850.0,up,bull,,,,,KOSPI,7030,914,44901,0.6,교육서비스
1560,제일연마,852.0,820.0,789.0,,,,79.0,58.0,42.0,,,,-3.78,,,,-3.78,-27.59,,,,-27.59,1년치 존재,1,7.97,0.62,13.12,8078.0,up,65.0,12180.0,9310.0,up,bull,,,,,KOSPI,12070,917,10791,1.3,비철금속
68290,삼성출판사,418.0,406.0,403.0,,,,-13.0,-2.0,-8.0,,,,-0.74,,,,-0.74,-300.0,,,,-300.0,1년치 존재,1,22.79,1.2,2.38,14317.0,down,48.7,10780.0,8640.0,mixed,bull,,,,,KOSPI,9130,913,19039,1.3,출판
7280,한국특강,8304.0,7688.0,7671.0,,,,473.0,106.0,117.0,,,,-0.22,,,,-0.22,10.38,,,,10.38,1년치 존재,1,3.87,0.48,1.37,,,,,,,,,,,,KOSPI,1524,927,0,,철강
214330,금호에이치티,3643.0,4449.0,3854.0,,,,108.0,119.0,62.0,,,,-13.37,,,,-13.37,-47.9,,,,-47.9,1년치 존재,1,,0.02,-7.94,,,,,,,,,,,,KOSPI,398,868,0,,자동차부품
111380,동인기연,2161.0,2267.0,2441.0,,,,283.0,211.0,226.0,,,,7.68,,,,7.68,7.11,,,,7.11,1년치 존재,1,5.37,0.99,7.66,6519.0,down,54.5,16780.0,13570.0,mixed,bull,,,,,KOSPI,14500,889,7418,1.1,"섬유,의류,신발,호화품"
2600,조흥,4059.0,4282.0,4882.0,,,,156.0,208.0,186.0,,,,14.01,,,,14.01,-10.58,,,,-10.58,1년치 존재,1,291.86,0.69,5.41,349.0,up,54.3,161900.0,141800.0,mixed,bull,,,,,KOSPI,147000,882,40,0.1,식품
109070,주성코퍼레이션,239.0,688.0,854.0,,,,-13.0,38.0,32.0,,,,24.13,,,,24.13,-15.79,,,,-15.79,1년치 존재,1,,2.81,7.31,3014032.0,down,54.8,2330.0,712.0,up,bear,,,,,KOSPI,1685,890,413830,0.1,해운사
18500,동원금속,5386.0,5682.0,6262.0,,,,356.0,357.0,420.0,,,,10.21,,,,10.21,17.65,,,,17.65,1년치 존재,1,2.43,0.49,27.83,335738.0,up,69.8,1864.0,1400.0,up,bull,,,,,KOSPI,1864,872,286695,0.9,자동차부품
71090,하이스틸,2567.0,2463.0,2566.0,,,,34.0,9.0,-33.0,,,,4.18,,,,4.18,-466.67,,,,-466.67,1년치 존재,1,50.75,0.44,-3.14,4970490.0,up,57.4,5240.0,3165.0,up,bull,,,,,KOSPI,4620,933,1286043,0.3,철강
85310,엔케이,915.0,1109.0,1301.0,,,,-11.0,-48.0,-6.0,,,,17.31,,,,17.31,87.5,,,,87.5,1년치 존재,1,1.35,0.46,-2.46,710813.0,up,55.4,1200.0,918.0,,bear,,,,,KOSPI,1169,922,0,,조선
6880,신송홀딩스,1934.0,1646.0,1878.0,,,,84.0,84.0,103.0,,,,14.09,,,,14.09,22.62,,,,22.62,1년치 존재,1,8.17,0.64,3.41,122717.0,up,57.3,7490.0,6490.0,mixed,bear,,,,,KOSPI,7310,865,208114,1.7,식품과기본식료품소매
23810,인팩,5429.0,5639.0,5864.0,,,,235.0,200.0,198.0,,,,3.99,,,,3.99,-1.0,,,,-1.0,1년치 존재,1,8.18,0.76,9.32,89076.0,up,61.7,9370.0,7200.0,up,bull,,,,,KOSPI,9120,912,127825,1.4,자동차부품
9180,한솔로지스틱스,7265.0,6870.0,6746.0,8060.0,8710.0,,263.0,168.0,207.0,290.0,320.0,,-1.8,19.48,8.06,,19.48,23.21,40.1,10.34,,40.1,3년치 존재,3,3.65,0.58,11.59,161749.0,down,54.3,3320.0,2720.0,up,bear,,,,,KOSPI,3175,894,87904,0.5,항공화물운송과물류
120115,코오롱인더우,47349.0,48430.0,48734.0,51241.0,,,1997.0,1587.0,1089.0,2038.0,,,0.63,5.14,,,5.14,-31.38,87.14,,,87.14,2년치 존재,2,31.52,0.48,1.01,19764.0,up,55.3,32700.0,25750.0,up,bull,,,,,KOSPI,30350,840,31802,1.6,화학
850,화천기공,2257.0,2222.0,2218.0,,,,46.0,-7.0,42.0,,,,-0.18,,,,-0.18,700.0,,,,700.0,1년치 존재,1,6.59,0.2,3.36,8206.0,up,59.0,44300.0,35000.0,mixed,bull,,,,,KOSPI,38750,852,5547,0.7,기계
1470,삼부토건,5750.0,4442.0,1110.0,,,,-782.0,-1425.0,-266.0,,,,-75.01,,,,-75.01,81.33,,,,81.33,1년치 존재,1,,4.46,73.64,,,,,,,,,,,,KOSPI,347,797,0,,건설
9200,무림페이퍼,13219.0,13844.0,12649.0,,,,678.0,894.0,60.0,,,,-8.63,,,,-8.63,-93.29,,,,-93.29,1년치 존재,1,27.44,0.23,-3.48,2376247.0,down,47.0,2560.0,1909.0,mixed,bear,,,,,KOSPI,2045,851,219220,0.1,종이와목재
3010,혜인,2761.0,2488.0,2417.0,,,,91.0,142.0,176.0,,,,-2.85,,,,-2.85,23.94,,,,23.94,1년치 존재,1,9.75,0.53,11.49,1502687.0,up,63.9,8030.0,4890.0,up,bull,,,,,KOSPI,7130,906,394684,0.3,기계
13700,까뮤이앤씨,2788.0,2604.0,2975.0,,,,67.0,-181.0,238.0,,,,14.25,,,,14.25,231.49,,,,231.49,1년치 존재,1,28.92,0.88,19.39,141556.0,down,61.6,1547.0,1164.0,up,bear,,,,,KOSPI,1384,827,126465,0.9,건설
1550,조비,1147.0,1024.0,997.0,,,,-56.0,48.0,38.0,,,,-2.64,,,,-2.64,-20.83,,,,-20.83,1년치 존재,1,,1.39,3.67,457920.0,up,55.7,17450.0,10730.0,mixed,bear,,,,,KOSPI,15930,827,3231826,7.1,화학
7590,동방아그로,1643.0,1702.0,1790.0,,,,136.0,146.0,127.0,,,,5.17,,,,5.17,-13.01,,,,-13.01,1년치 존재,1,7.14,0.5,5.75,7290.0,up,61.4,6080.0,5760.0,up,bull,,,,,KOSPI,6060,825,8743,1.2,화학
101140,인바이오젠,62.0,70.0,63.0,,,,-62.0,-61.0,-43.0,,,,-10.0,,,,-10.0,29.51,,,,29.51,1년치 존재,1,12.95,0.82,-0.89,19284.0,up,49.2,11620.0,7800.0,mixed,bull,,,,,KOSPI,8790,883,15797,0.8,전자장비와기기
10040,한국내화,4118.0,4160.0,4063.0,,,,-75.0,86.0,28.0,,,,-2.33,,,,-2.33,-67.44,,,,-67.44,1년치 존재,1,,0.52,-12.26,33313.0,down,53.8,2125.0,1847.0,mixed,bull,,,,,KOSPI,1999,821,16164,0.5,비철금속
69730,DSR제강,2130.0,2156.0,2266.0,,,,235.0,195.0,280.0,,,,5.1,,,,5.1,43.59,,,,43.59,1년치 존재,1,4.65,0.31,13.97,74424.0,down,65.0,5720.0,3760.0,up,bear_cross,,,,,KOSPI,5640,812,41330,0.6,철강
12690,모나리자,1298.0,1263.0,1240.0,,,,65.0,10.0,3.0,,,,-1.82,,,,-1.82,-70.0,,,,-70.0,1년치 존재,1,10.5,1.18,1.78,566554.0,down,58.9,2465.0,1960.0,up,bull,,,,,KOSPI,2365,865,338275,0.6,가정용품
11000,진원생명과학,402.0,357.0,230.0,,,,-484.0,-430.0,-440.0,,,,-35.57,,,,-35.57,-2.33,,,,-2.33,1년치 존재,1,,1.99,-81.98,7288851.0,up,43.7,2045.0,699.0,,bull,,,,,KOSPI,865,786,2666858,0.4,생물공학
480370,씨케이솔루션,2153.0,2958.0,2910.0,,,,177.0,165.0,-366.0,,,,-1.62,,,,-1.62,-321.82,,,,-321.82,1년치 존재,1,,1.12,-49.18,378777.0,up,45.1,11880.0,1902.0,mixed,bull,,,,,KOSPI,2475,804,324239,0.9,기계
25560,미래산업,217.0,270.0,508.0,,,,-160.0,121.0,91.0,,,,88.15,,,,88.15,-24.79,,,,-24.79,1년치 존재,1,,1.01,8.85,55853.0,up,58.9,16700.0,12070.0,up,bull,,,,,KOSPI,15450,787,76830,1.4,반도체와반도체장비
11390,부산산업,1405.0,1241.0,1075.0,,,,72.0,34.0,-28.0,,,,-13.38,,,,-13.38,-182.35,,,,-182.35,1년치 존재,1,19.02,0.51,-2.69,5698.0,down,45.4,85900.0,69500.0,down,bear_cross,,,,,KOSPI,74100,782,3604,0.6,건축자재
6090,사조오양,3915.0,4007.0,4174.0,,,,163.0,209.0,135.0,,,,4.17,,,,4.17,-35.41,,,,-35.41,1년치 존재,1,3.99,0.37,4.44,7278.0,down,56.3,9010.0,8000.0,mixed,bull,,,,,KOSPI,8430,794,1960,0.3,식품
725,현대건설우,296514.0,326703.0,310629.0,271441.0,,,7854.0,-12634.0,6530.0,8264.0,,,-4.92,-12.62,,,-4.92,151.69,26.55,,,151.69,2년치 존재,2,7.32,0.48,4.58,19335.0,up,49.4,82400.0,59500.0,up,bear,,,,,KOSPI,74300,784,14240,0.7,건설
16090,대현,2953.0,2593.0,2405.0,,,,213.0,144.0,71.0,,,,-7.25,,,,-7.25,-50.69,,,,-50.69,1년치 존재,1,3.82,0.34,4.02,142109.0,up,57.8,1795.0,1615.0,up,bull,,,,,KOSPI,1765,782,100202,0.7,"섬유,의류,신발,호화품"
9770,삼정펄프,1783.0,1639.0,1486.0,,,,65.0,49.0,-14.0,,,,-9.33,,,,-9.33,-128.57,,,,-128.57,1년치 존재,1,4.76,0.28,11.51,1493.0,down,39.1,36450.0,31100.0,down,bear,,,,,KOSPI,31100,777,943,0.6,가정용품
4830,덕성,1079.0,1255.0,1465.0,,,,51.0,89.0,62.0,,,,16.73,,,,16.73,-30.34,,,,-30.34,1년치 존재,1,23.82,1.39,5.78,256433.0,down,60.0,5180.0,4230.0,up,bull,,,,,KOSPI,4955,777,104539,0.4,"섬유,의류,신발,호화품"
58730,다스코,3781.0,3120.0,2732.0,,,,225.0,-18.0,21.0,,,,-12.44,,,,-12.44,216.67,,,,216.67,1년치 존재,1,5.81,0.52,-3.41,481219.0,up,56.2,4630.0,2920.0,mixed,bear,,,,,KOSPI,3855,769,235763,0.5,건축자재
2795,아모레퍼시픽홀딩스우,40213.0,42599.0,46232.0,,,,1520.0,2493.0,3680.0,,,,8.53,,,,8.53,47.61,,,,47.61,1년치 존재,1,23.54,0.79,3.64,13941.0,up,51.7,13650.0,11280.0,mixed,bull,,,,,KOSPI,12040,768,7249,0.5,화장품
3780,진양산업,869.0,882.0,907.0,,,,76.0,82.0,84.0,,,,2.83,,,,2.83,2.44,,,,2.44,1년치 존재,1,10.53,1.57,10.57,94565.0,down,54.5,6700.0,5280.0,mixed,bull,,,,,KOSPI,5820,757,53636,0.6,화학
3925,남양유업우,9968.0,9528.0,9141.0,,,,-715.0,-98.0,52.0,,,,-4.06,,,,-4.06,153.06,,,,153.06,1년치 존재,1,,0.8,0.9,7294.0,down,48.5,46150.0,31900.0,up,bull,,,,,KOSPI,38150,763,6775,0.9,식품
9835,한화솔루션우,130785.0,123940.0,133331.0,176652.0,,,5792.0,-3002.0,-3648.0,8246.0,,,7.58,32.49,,,32.49,-21.52,326.04,,,326.04,2년치 존재,2,,0.84,-7.01,31659.0,up,65.0,33100.0,20250.0,mixed,bull,,,,,KOSPI,29350,756,99430,3.1,에너지장비및서비스
129260,인터지스,6116.0,7012.0,7090.0,,,,230.0,239.0,198.0,,,,1.11,,,,1.11,-17.15,,,,-17.15,1년치 존재,1,5.26,0.26,3.4,71753.0,up,56.7,2630.0,2355.0,mixed,bull,,,,,KOSPI,2525,751,64277,0.9,해운사
111110,호전실업,4415.0,4640.0,5209.0,,,,351.0,295.0,250.0,,,,12.26,,,,12.26,-15.25,,,,-15.25,1년치 존재,1,4.48,0.49,6.92,26766.0,up,62.7,8230.0,7150.0,mixed,bull,,,,,KOSPI,7870,738,21753,0.8,"섬유,의류,신발,호화품"
4540,깨끗한나라,5149.0,5370.0,5082.0,,,,-189.0,-9.0,-226.0,,,,-5.36,,,,-5.36,-2411.11,,,,-2411.11,1년치 존재,1,,0.43,-26.34,172953.0,down,47.4,2120.0,1802.0,mixed,bear,,,,,KOSPI,2005,747,90232,0.5,종이와목재
21050,서원,2332.0,12295.0,17136.0,,,,5.0,276.0,533.0,,,,39.37,,,,39.37,93.12,,,,93.12,1년치 존재,1,,0.76,-3.78,2177379.0,up,67.1,1550.0,1175.0,up,bull,,,,,KOSPI,1550,736,2100206,1.0,비철금속
6980,우성,6348.0,6062.0,6130.0,,,,57.0,86.0,194.0,,,,1.12,,,,1.12,125.58,,,,125.58,1년치 존재,1,5.54,0.28,6.27,8560.0,down,56.8,24300.0,16760.0,up,bear_cross,,,,,KOSPI,23400,723,6449,0.8,식품
1465,BYC우,1684.0,1652.0,1632.0,,,,275.0,238.0,266.0,,,,-1.21,,,,-1.21,11.76,,,,11.76,1년치 존재,1,15.13,0.67,3.52,2529.0,up,75.5,34200.0,23600.0,up,bull,,,,,KOSPI,34000,732,849,0.3,"섬유,의류,신발,호화품"
24900,디와이덕양,18759.0,18833.0,17381.0,,,,277.0,82.0,32.0,,,,-7.71,,,,-7.71,-60.98,,,,-60.98,1년치 존재,1,15.52,2.02,1.1,161674.0,up,64.5,2405.0,1885.0,up,bull,,,,,KOSPI,2365,770,105132,0.7,자동차부품
155660,DSR,2911.0,2998.0,3024.0,,,,243.0,153.0,193.0,,,,0.87,,,,0.87,26.14,,,,26.14,1년치 존재,1,3.95,0.32,6.29,41159.0,down,59.4,4600.0,3770.0,up,bear_cross,,,,,KOSPI,4505,721,26121,0.6,비철금속
220,유유제약,1372.0,1331.0,1409.0,,,,4.0,117.0,110.0,,,,5.86,,,,5.86,-5.98,,,,-5.98,1년치 존재,1,,0.88,6.4,43859.0,down,48.1,4740.0,4055.0,mixed,bull,,,,,KOSPI,4245,723,32164,0.7,제약
2140,고려산업,3191.0,3077.0,2973.0,,,,80.0,143.0,137.0,,,,-3.38,,,,-3.38,-4.2,,,,-4.2,1년치 존재,1,23.13,0.72,8.43,422553.0,up,55.4,2870.0,2365.0,up,bear,,,,,KOSPI,2830,706,666295,1.6,식품
372910,한컴라이프케어,1128.0,1048.0,921.0,1394.0,,,18.0,75.0,-7.0,83.0,,,-12.12,51.36,,,51.36,-109.33,1285.71,,,1285.71,2년치 존재,2,152.18,0.98,-5.9,704199.0,up,55.5,3005.0,2300.0,mixed,bull,,,,,KOSPI,2590,717,115203,0.2,건강관리장비와용품
1620,케이비아이동국실업,6494.0,6684.0,8080.0,,,,45.0,-63.0,186.0,,,,20.89,,,,20.89,395.24,,,,395.24,1년치 존재,1,8.42,0.34,13.01,600892.0,down,49.2,887.0,521.0,,bull,,,,,KOSPI,642,714,0,,자동차부품
92440,기신정기,1444.0,1379.0,1313.0,,,,64.0,25.0,10.0,,,,-4.79,,,,-4.79,-60.0,,,,-60.0,1년치 존재,1,23.47,0.41,-0.19,50994.0,up,61.5,2380.0,2160.0,mixed,bull,,,,,KOSPI,2380,695,79339,1.6,기계
910,유니온,2246.0,2182.0,2024.0,,,,-20.0,-115.0,55.0,,,,-7.24,,,,-7.24,147.83,,,,147.83,1년치 존재,1,11.82,0.67,24.64,121782.0,up,54.4,4610.0,3885.0,up,bull,,,,,KOSPI,4520,706,120094,1.0,건축자재
47400,유니온머티리얼,1165.0,1084.0,1019.0,,,,-47.0,-165.0,54.0,,,,-6.0,,,,-6.0,132.73,,,,132.73,1년치 존재,1,,1.91,14.04,961391.0,up,55.6,1854.0,1300.0,up,bull,,,,,KOSPI,1778,747,634187,0.7,자동차부품
6490,인스코비,998.0,1005.0,1056.0,,,,4.0,-38.0,41.0,,,,5.07,,,,5.07,207.89,,,,207.89,1년치 존재,1,,3.67,-132.83,5369410.0,up,52.9,643.0,228.0,up,bull,,,,,KOSPI,465,678,1326323,0.2,무선통신서비스
2760,보락,468.0,476.0,501.0,,,,5.0,-18.0,22.0,,,,5.25,,,,5.25,222.22,,,,222.22,1년치 존재,1,91.41,1.61,4.91,497364.0,up,47.0,1323.0,1074.0,mixed,bull,,,,,KOSPI,1147,687,646483,1.3,식품
378850,화승알앤에이,6807.0,7071.0,7146.0,,,,318.0,313.0,271.0,,,,1.06,,,,1.06,-13.42,,,,-13.42,1년치 존재,1,3.25,0.7,11.49,39918.0,up,57.7,3920.0,3235.0,mixed,bull,,,,,KOSPI,3515,668,96097,2.4,자동차부품
92780,DYP,4217.0,4310.0,4593.0,,,,133.0,97.0,167.0,,,,6.57,,,,6.57,72.16,,,,72.16,1년치 존재,1,8.38,0.5,5.54,63673.0,down,60.3,5910.0,4200.0,mixed,bull,,,,,KOSPI,5070,668,57530,0.9,자동차부품
9190,대양금속,2010.0,2156.0,2235.0,,,,-25.0,19.0,56.0,,,,3.66,,,,3.66,194.74,,,,194.74,1년치 존재,1,,0.58,-14.97,351046.0,up,64.4,1550.0,1105.0,up,bull,,,,,KOSPI,1536,663,357406,1.0,철강
72130,유엔젤,366.0,530.0,616.0,,,,-18.0,8.0,34.0,,,,16.23,,,,16.23,325.0,,,,325.0,1년치 존재,1,33.13,0.79,7.07,309203.0,down,43.4,6220.0,4355.0,mixed,bear,,,,,KOSPI,5230,664,145108,0.5,IT서비스
7815,코리아써우,13322.0,14070.0,15097.0,17781.0,,,-321.0,-332.0,538.0,1353.0,,,7.3,17.78,,,17.78,262.05,151.49,,,262.05,2년치 존재,2,,1.27,11.54,3548.0,up,66.5,21700.0,13990.0,up,bull,,,,,KOSPI,21600,640,2188,0.6,전자장비와기기
2630,오리엔트바이오,288.0,280.0,294.0,,,,15.0,-6.0,-31.0,,,,5.0,,,,5.0,-416.67,,,,-416.67,1년치 존재,1,,1.02,-11.38,576166.0,down,42.4,705.0,524.0,down,bear,,,,,KOSPI,537,637,666081,1.2,생물공학
133820,화인베스틸,1322.0,1192.0,1862.0,,,,-198.0,-191.0,-17.0,,,,56.21,,,,56.21,91.1,,,,91.1,1년치 존재,1,,0.62,-12.26,306569.0,up,65.8,1753.0,1183.0,up,bull,,,,,KOSPI,1700,631,232450,0.8,철강
4450,삼화왕관,1579.0,1671.0,1629.0,,,,69.0,106.0,68.0,,,,-2.51,,,,-2.51,-35.85,,,,-35.85,1년치 존재,1,,0.55,3.73,1067.0,up,63.8,30950.0,27200.0,mixed,bull,,,,,KOSPI,29050,626,480,0.4,포장재
5305,롯데칠성우,32247.0,40245.0,39711.0,41023.0,,,2107.0,1849.0,1672.0,2048.0,,,-1.33,3.3,,,3.3,-9.57,22.49,,,22.49,2년치 존재,2,8.89,1.01,3.13,1161.0,down,44.8,93000.0,77600.0,mixed,bull,,,,,KOSPI,80300,623,668,0.6,음료
4410,서울식품,648.0,586.0,686.0,,,,6.0,-22.0,-5.0,,,,17.06,,,,17.06,77.27,,,,77.27,1년치 존재,1,,2.71,-6.44,12006769.0,down,38.7,268.0,141.0,,bear,,,,,KOSPI,158,623,0,,식품
4910,조광페인트,2528.0,2480.0,2027.0,,,,37.0,24.0,-195.0,,,,-18.27,,,,-18.27,-912.5,,,,-912.5,1년치 존재,1,16.89,0.3,-5.15,31611.0,down,47.2,5510.0,4630.0,mixed,bear,,,,,KOSPI,4870,623,60368,1.9,건축자재
6370,대구백화점,676.0,599.0,531.0,,,,-151.0,-150.0,-150.0,,,,-11.35,,,,-11.35,0.0,,,,0.0,1년치 존재,1,,0.38,-21.44,100778.0,down,49.4,6570.0,4230.0,mixed,bear,,,,,KOSPI,5700,617,26109,0.3,백화점과일반상점
123700,SJM,1989.0,2019.0,2014.0,,,,132.0,142.0,113.0,,,,-0.25,,,,-0.25,-20.42,,,,-20.42,1년치 존재,1,3.22,0.3,5.39,33077.0,up,60.8,3920.0,3405.0,up,bull,,,,,KOSPI,3835,598,17980,0.5,자동차부품
10770,평화홀딩스,7971.0,8352.0,8837.0,,,,168.0,288.0,349.0,,,,5.81,,,,5.81,21.18,,,,21.18,1년치 존재,1,5.76,0.46,31.18,43833.0,up,66.5,4190.0,3625.0,mixed,bull,,,,,KOSPI,4135,605,117740,2.7,자동차부품
41650,상신브레이크,5755.0,5786.0,5423.0,,,,275.0,206.0,-14.0,,,,-6.27,,,,-6.27,-106.8,,,,-106.8,1년치 존재,1,5.57,0.34,-5.45,54733.0,down,57.3,2890.0,2455.0,up,bull,,,,,KOSPI,2800,601,34077,0.6,자동차부품
8420,문배철강,1636.0,1402.0,1379.0,,,,-34.0,-21.0,-10.0,,,,-1.64,,,,-1.64,52.38,,,,52.38,1년치 존재,1,3.45,0.33,3.06,2245272.0,down,67.1,3185.0,2010.0,up,bull,,,,,KOSPI,2900,595,2716325,1.2,철강
4770,써니전자,128.0,128.0,124.0,,,,9.0,26.0,22.0,,,,-3.12,,,,-3.12,-15.38,,,,-15.38,1년치 존재,1,21.4,1.07,4.32,594315.0,up,65.6,1837.0,1418.0,up,bull,,,,,KOSPI,1828,649,375436,0.6,전자장비와기기
3465,유화증권우,323.0,377.0,360.0,,,,-4.0,122.0,59.0,,,,-4.51,,,,-4.51,-51.64,,,,-51.64,1년치 존재,1,24.01,0.28,2.68,2631.0,up,52.5,3745.0,2655.0,up,bull,,,,,KOSPI,3390,592,686,0.3,증권
75180,새론오토모티브,1403.0,1420.0,1387.0,,,,-76.0,-58.0,-7.0,,,,-2.32,,,,-2.32,87.93,,,,87.93,1년치 존재,1,23.64,0.34,-0.21,6038.0,down,46.6,3230.0,3010.0,mixed,bull,,,,,KOSPI,3040,584,1354,0.2,자동차부품
4920,씨아이테크,567.0,338.0,414.0,,,,-70.0,-13.0,20.0,,,,22.49,,,,22.49,253.85,,,,253.85,1년치 존재,1,,1.34,22.84,279246.0,up,56.7,1304.0,981.0,up,bull,,,,,KOSPI,1217,635,268548,1.0,컴퓨터와주변기기
93240,형지엘리트,945.0,1327.0,1667.0,,,,25.0,70.0,66.0,,,,25.62,,,,25.62,-5.71,,,,-5.71,1년치 존재,1,22.77,0.64,5.18,2879726.0,down,39.9,1412.0,943.0,down,bull,,,,,KOSPI,950,583,780477,0.3,"섬유,의류,신발,호화품"
890,보해양조,931.0,876.0,899.0,,,,-28.0,23.0,38.0,,,,2.63,,,,2.63,65.22,,,,65.22,1년치 존재,1,,0.94,3.94,632190.0,down,43.1,515.0,405.0,,bull,,,,,KOSPI,422,583,0,,음료
1210,금호전기,534.0,532.0,443.0,,,,-82.0,-50.0,-12.0,,,,-16.73,,,,-16.73,76.0,,,,76.0,1년치 존재,1,,1.45,-14.57,1983953.0,up,58.3,1010.0,770.0,up,bull,,,,,KOSPI,941,582,2063987,1.0,디스플레이장비및부품
3475,유안타증권우,28550.0,27127.0,34613.0,,,,1291.0,948.0,994.0,,,,27.6,,,,27.6,4.85,,,,4.85,1년치 존재,1,8.41,0.33,5.4,26651.0,up,52.8,5220.0,4090.0,mixed,bull,,,,,KOSPI,4455,575,34618,1.3,증권
17180,명문제약,1696.0,1864.0,1952.0,,,,10.0,19.0,68.0,,,,4.72,,,,4.72,257.89,,,,257.89,1년치 존재,1,,0.92,1.94,85415.0,down,47.4,1933.0,1687.0,down,bear,,,,,KOSPI,1788,607,84006,1.0,제약
23350,한국종합기술,3769.0,3989.0,4129.0,,,,40.0,9.0,60.0,,,,3.51,,,,3.51,566.67,,,,566.67,1년치 존재,1,4.77,0.39,2.32,148838.0,down,60.8,5460.0,4220.0,up,bear_cross,,,,,KOSPI,5280,578,44565,0.3,건설
26940,부국철강,1914.0,1818.0,1799.0,,,,24.0,1.0,3.0,,,,-1.05,,,,-1.05,200.0,,,,200.0,1년치 존재,1,23.45,0.64,1.64,5817212.0,up,59.9,3350.0,1890.0,up,bull,,,,,KOSPI,2900,580,4763841,0.8,철강
950,전방,948.0,572.0,408.0,,,,-325.0,-85.0,-73.0,,,,-28.67,,,,-28.67,14.12,,,,14.12,1년치 존재,1,,0.14,13.99,2243.0,up,48.4,44550.0,33000.0,mixed,bull,,,,,KOSPI,34150,574,1315,0.6,"섬유,의류,신발,호화품"
25530,SJM홀딩스,2028.0,2062.0,2058.0,,,,147.0,137.0,106.0,,,,-0.19,,,,-0.19,-22.63,,,,-22.63,1년치 존재,1,5.79,0.32,4.96,15527.0,up,67.8,3905.0,3465.0,up,bull,,,,,KOSPI,3850,575,16887,1.1,자동차부품
12280,영화금속,2923.0,3017.0,3514.0,,,,94.0,99.0,152.0,,,,16.47,,,,16.47,53.54,,,,53.54,1년치 존재,1,6.28,0.68,15.74,355228.0,up,56.7,1136.0,940.0,up,bull,,,,,KOSPI,1102,569,393327,1.1,자동차부품
14990,인디에프,1265.0,1147.0,1046.0,,,,-27.0,-8.0,12.0,,,,-8.81,,,,-8.81,250.0,,,,250.0,1년치 존재,1,,1.51,-0.28,134603.0,down,45.5,915.0,725.0,down,bear,,,,,KOSPI,759,570,96870,0.7,"섬유,의류,신발,호화품"
11330,유니켐,1083.0,682.0,1062.0,,,,47.0,-63.0,-6.0,,,,55.72,,,,55.72,90.48,,,,90.48,1년치 존재,1,,1.4,-5.44,863882.0,down,32.5,1305.0,607.0,down,bull,,,,,KOSPI,623,562,431052,0.5,"섬유,의류,신발,호화품"
7120,미래아이앤지,130.0,117.0,141.0,,,,32.0,20.0,38.0,,,,20.51,,,,20.51,90.0,,,,90.0,1년치 존재,1,,0.64,-5.22,231968.0,up,50.1,2405.0,1057.0,up,bear,,,,,KOSPI,1936,559,130177,0.6,IT서비스
90080,평화산업,5640.0,5884.0,6261.0,,,,99.0,141.0,133.0,,,,6.41,,,,6.41,-5.67,,,,-5.67,1년치 존재,1,20.06,1.68,29.03,305306.0,down,61.6,1030.0,840.0,up,bear,,,,,KOSPI,1014,557,209751,0.7,자동차부품
2410,범양건영,1208.0,1014.0,718.0,,,,-104.0,-382.0,-513.0,,,,-29.19,,,,-29.19,-34.29,,,,-34.29,1년치 존재,1,,0.84,344.13,,,,,,,,,,,,KOSPI,1935,532,0,,건설
12160,영흥,4975.0,4803.0,4335.0,,,,12.0,31.0,-132.0,,,,-9.74,,,,-9.74,-525.81,,,,-525.81,1년치 존재,1,,0.2,-32.52,295259.0,up,50.0,725.0,452.0,mixed,bull,,,,,KOSPI,536,543,187898,0.6,철강
49800,우진플라임,2121.0,2096.0,2116.0,,,,91.0,14.0,29.0,,,,0.95,,,,0.95,107.14,,,,107.14,1년치 존재,1,10.03,0.57,2.11,443535.0,up,48.9,3460.0,2010.0,up,bear,,,,,KOSPI,2735,547,122311,0.3,기계
20760,일진디스플,543.0,666.0,578.0,,,,-80.0,-14.0,-49.0,,,,-13.21,,,,-13.21,-250.0,,,,-250.0,1년치 존재,1,,2.75,-19.68,,,,,,,,,,,,KOSPI,902,510,0,,디스플레이패널
9320,아진전자부품,1134.0,1435.0,1518.0,,,,20.0,59.0,63.0,,,,5.78,,,,5.78,6.78,,,,6.78,1년치 존재,1,282.51,2.37,13.98,169171.0,up,62.4,1179.0,931.0,mixed,bull,,,,,KOSPI,1100,542,543185,3.2,자동차부품
3060,에이프로젠바이오로직스,874.0,674.0,732.0,,,,-575.0,-528.0,-604.0,,,,8.61,,,,8.61,-14.39,,,,-14.39,1년치 존재,1,,0.3,-58.11,,,,,,,,,,,,KOSPI,251,498,0,,제약
6125,SK디스커버리우,89392.0,90396.0,101640.0,,,,2567.0,1726.0,3614.0,,,,12.44,,,,12.44,109.39,,,,109.39,1년치 존재,1,4.19,0.26,4.49,3356.0,down,63.0,42900.0,35800.0,up,bull,,,,,KOSPI,42400,522,2015,0.6,석유와가스
27740,마니커,3396.0,3328.0,3689.0,,,,22.0,-91.0,20.0,,,,10.85,,,,10.85,121.98,,,,121.98,1년치 존재,1,,1.59,-0.1,247141.0,up,51.9,899.0,768.0,,bull,,,,,KOSPI,821,521,0,,식품
215,DL우,50178.0,56154.0,53267.0,54364.0,,,1507.0,4125.0,2985.0,5138.0,,,-5.14,2.06,,,2.06,-27.64,72.13,,,72.13,2년치 존재,2,,0.3,-2.17,9806.0,up,58.2,32000.0,22550.0,up,bull,,,,,KOSPI,30300,511,9461,1.0,화학
1380,SG글로벌,966.0,994.0,935.0,,,,66.0,62.0,50.0,,,,-5.94,,,,-5.94,-19.35,,,,-19.35,1년치 존재,1,3.45,0.49,1.86,,,,,,,,,,,,KOSPI,1098,494,0,,자동차부품
11420,갤럭시아에스엠,330.0,325.0,403.0,,,,46.0,32.0,40.0,,,,24.0,,,,24.0,25.0,,,,25.0,1년치 존재,1,27.15,0.97,5.5,71477.0,up,51.5,1998.0,1602.0,mixed,bull,,,,,KOSPI,1840,507,96045,1.3,레저용장비와제품
23960,에쓰씨엔지니어링,1360.0,1799.0,1723.0,,,,10.0,66.0,-50.0,,,,-4.22,,,,-4.22,-175.76,,,,-175.76,1년치 존재,1,,1.44,-10.21,156069.0,down,39.2,1891.0,1301.0,down,bear,,,,,KOSPI,1340,510,222114,1.4,건설
2920,유성기업,3115.0,3246.0,3046.0,,,,80.0,-5.0,-300.0,,,,-6.16,,,,-6.16,-5900.0,,,,-5900.0,1년치 존재,1,7.63,0.25,-10.33,89644.0,up,48.3,2320.0,1801.0,mixed,bull,,,,,KOSPI,1914,497,33454,0.4,자동차부품
5030,부산주공,2417.0,2130.0,1954.0,,,,4.0,73.0,6.0,,,,-8.26,,,,-8.26,-91.78,,,,-91.78,1년치 존재,1,,2.63,9.75,,,,,,,,,,,,KOSPI,486,451,0,,자동차부품
11300,우성머티리얼스,338.0,255.0,247.0,,,,-93.0,-101.0,-23.0,,,,-3.14,,,,-3.14,77.23,,,,77.23,1년치 존재,1,,4.49,-24.61,962676.0,up,97.7,3175.0,301.0,,bull,,,,,KOSPI,3175,503,303399,0.3,"섬유,의류,신발,호화품"
69460,대호에이엘,1816.0,1685.0,2156.0,,,,84.0,58.0,35.0,,,,27.95,,,,27.95,-39.66,,,,-39.66,1년치 존재,1,21.84,0.9,-36.09,,,,,,,,,,,,KOSPI,532,463,0,,비철금속
3080,SB성보,626.0,598.0,643.0,,,,2.0,-29.0,-81.0,,,,7.53,,,,7.53,-179.31,,,,-179.31,1년치 존재,1,45.92,0.43,24.66,12638.0,down,58.4,2765.0,2605.0,mixed,bull,,,,,KOSPI,2695,540,9313,0.7,화학
74610,이엔플러스,449.0,202.0,295.0,,,,-239.0,-173.0,-28.0,,,,46.04,,,,46.04,83.82,,,,83.82,1년치 존재,1,,3.45,6.04,,,,,,,,,,,,KOSPI,5110,448,0,,기계
11230,삼화전자,419.0,334.0,296.0,,,,-50.0,-73.0,-78.0,,,,-11.38,,,,-11.38,-6.85,,,,-6.85,1년치 존재,1,,2.96,-45.33,90008.0,down,45.2,2880.0,2210.0,down,bear,,,,,KOSPI,2515,482,67124,0.7,전자장비와기기
25750,한솔홈데코,2966.0,3273.0,2798.0,,,,36.0,114.0,23.0,,,,-14.51,,,,-14.51,-79.82,,,,-79.82,1년치 존재,1,,0.5,-20.01,,,,2745.0,2745.0,,,,,,,KOSPI,2745,442,307788,,건축자재
84870,TBH글로벌,1971.0,1785.0,1824.0,,,,79.0,34.0,32.0,,,,2.18,,,,2.18,-5.88,,,,-5.88,1년치 존재,1,5.49,0.59,1.45,51073.0,up,57.0,2365.0,1199.0,up,bull_cross,,,,,KOSPI,2185,456,90399,1.8,"섬유,의류,신발,호화품"
51630,진양화학,283.0,245.0,186.0,,,,-21.0,-41.0,-7.0,,,,-24.08,,,,-24.08,82.93,,,,82.93,1년치 존재,1,,1.5,2.28,147339.0,down,48.5,2575.0,2000.0,down,bear,,,,,KOSPI,2200,466,95646,0.6,화학
308170,씨티알모빌리티,4442.0,4323.0,4615.0,,,,5.0,39.0,58.0,,,,6.75,,,,6.75,48.72,,,,48.72,1년치 존재,1,,1.24,-4.07,15217.0,down,50.6,6980.0,4865.0,mixed,bull,,,,,KOSPI,5390,464,15922,1.0,자동차부품
2880,디와이에이,5669.0,5649.0,6334.0,,,,361.0,375.0,302.0,,,,12.13,,,,12.13,-19.47,,,,-19.47,1년치 존재,1,,1.54,-1.4,590914.0,up,68.5,1050.0,888.0,mixed,bull,,,,,KOSPI,998,467,857469,1.5,자동차부품
8250,이건산업,3116.0,3270.0,2973.0,,,,91.0,138.0,-38.0,,,,-9.08,,,,-9.08,-127.54,,,,-127.54,1년치 존재,1,,0.35,-7.25,51758.0,down,51.8,4770.0,3590.0,mixed,bear_cross,,,,,KOSPI,4065,445,15710,0.3,건축자재
8870,금비,2510.0,2595.0,2524.0,,,,59.0,124.0,34.0,,,,-2.74,,,,-2.74,-72.58,,,,-72.58,1년치 존재,1,,0.83,-0.6,657.0,up,42.5,50400.0,44500.0,down,bull,,,,,KOSPI,44950,450,237,0.4,포장재
3535,한화투자증권우,19690.0,24958.0,30946.0,,,,315.0,40.0,1477.0,,,,23.99,,,,23.99,3592.5,,,,3592.5,1년치 존재,1,82.09,0.48,5.41,50641.0,up,50.5,12300.0,7610.0,up,bull,,,,,KOSPI,9200,442,23994,0.5,증권
19490,엑시큐어하이트론,55.0,66.0,53.0,,,,-66.0,-63.0,-60.0,,,,-19.7,,,,-19.7,4.76,,,,4.76,1년치 존재,1,,4.39,-144.87,,,,,,,,,,,,KOSPI,541,413,0,,통신장비
760,이화산업,472.0,495.0,463.0,,,,-18.0,8.0,-2.0,,,,-6.46,,,,-6.46,-125.0,,,,-125.0,1년치 존재,1,,0.31,-1.33,2230.0,down,51.0,17650.0,14120.0,up,bear,,,,,KOSPI,15790,442,308,0.1,화학
17040,광명전기,1612.0,1424.0,959.0,,,,-23.0,-88.0,-100.0,,,,-32.65,,,,-32.65,-13.64,,,,-13.64,1년치 존재,1,9.8,0.83,-173.6,,,,,,,,,,,,KOSPI,932,404,0,,전기장비
14910,성문전자,451.0,481.0,537.0,,,,5.0,11.0,17.0,,,,11.64,,,,11.64,54.55,,,,54.55,1년치 존재,1,,0.88,4.73,784983.0,up,57.2,2055.0,1505.0,mixed,bull,,,,,KOSPI,1878,410,1620713,2.1,전기제품
5320,온타이드,2244.0,2659.0,2315.0,,,,-36.0,-43.0,-19.0,,,,-12.94,,,,-12.94,55.81,,,,55.81,1년치 존재,1,,0.52,-9.71,389837.0,up,69.4,620.0,419.0,,bull,,,,,KOSPI,588,402,0,,"섬유,의류,신발,호화품"
5820,원림,844.0,824.0,897.0,,,,51.0,17.0,44.0,,,,8.86,,,,8.86,158.82,,,,158.82,1년치 존재,1,5.83,0.32,2.98,5821.0,up,71.4,17370.0,14360.0,up,bull,,,,,KOSPI,17370,399,5770,1.0,포장재
10640,진양폴리,545.0,540.0,466.0,,,,40.0,40.0,18.0,,,,-13.7,,,,-13.7,-55.0,,,,-55.0,1년치 존재,1,17.88,2.03,5.04,71785.0,down,50.4,2995.0,2160.0,mixed,bull,,,,,KOSPI,2400,401,27476,0.4,화학
2360,SH에너지화학,1340.0,1260.0,986.0,,,,-41.0,-97.0,-122.0,,,,-21.75,,,,-21.75,-25.77,,,,-25.77,1년치 존재,1,,0.78,-14.44,2442789.0,down,35.5,550.0,351.0,,bear,,,,,KOSPI,358,398,0,,화학
4365,세방우,11420.0,13734.0,12418.0,,,,287.0,245.0,273.0,,,,-9.58,,,,-9.58,11.43,,,,11.43,1년치 존재,1,4.03,0.25,5.61,5324.0,up,77.8,10310.0,9000.0,up,bull,,,,,KOSPI,10310,380,4907,0.9,항공화물운송과물류
19175,신풍제약우,2002.0,2211.0,2347.0,,,,-474.0,-205.0,143.0,,,,6.15,,,,6.15,169.76,,,,169.76,1년치 존재,1,,2.57,3.35,31547.0,down,51.7,24450.0,15000.0,up,bear,,,,,KOSPI,19000,378,4479,0.1,제약
2870,신풍,269.0,228.0,242.0,,,,-40.0,-44.0,-23.0,,,,6.14,,,,6.14,47.73,,,,47.73,1년치 존재,1,,0.32,2.75,203811.0,down,44.6,1337.0,1030.0,down,bear,,,,,KOSPI,1128,394,166316,0.8,포장재
134790,시디즈,2001.0,2084.0,1957.0,,,,-19.0,-34.0,-67.0,,,,-6.09,,,,-6.09,-97.06,,,,-97.06,1년치 존재,1,23.65,0.75,-3.53,1046.0,up,45.4,21550.0,18770.0,down,bull,,,,,KOSPI,19330,387,597,0.6,가구
24070,WISCOM,1123.0,985.0,1033.0,,,,-29.0,-89.0,-7.0,,,,4.87,,,,4.87,92.13,,,,92.13,1년치 존재,1,,0.36,1.53,89969.0,up,75.6,2515.0,1769.0,up,bull,,,,,KOSPI,2480,380,85854,1.0,화학
24890,대원화성,1212.0,1259.0,1264.0,,,,-59.0,-61.0,9.0,,,,0.4,,,,0.4,114.75,,,,114.75,1년치 존재,1,,1.53,8.11,242247.0,up,71.2,910.0,734.0,,bull,,,,,KOSPI,906,374,0,,"섬유,의류,신발,호화품"
40,KR모터스,133.0,160.0,138.0,,,,-62.0,-49.0,-29.0,,,,-13.75,,,,-13.75,40.82,,,,40.82,1년치 존재,1,,1.85,-4.97,558683.0,down,48.0,475.0,352.0,up,bear,,,,,KOSPI,431,372,210955,0.4,자동차
6200,한국전자홀딩스,2668.0,2943.0,2759.0,,,,-247.0,-41.0,-141.0,,,,-6.25,,,,-6.25,-243.9,,,,-243.9,1년치 존재,1,,0.3,-0.9,1548799.0,up,48.1,1048.0,650.0,,bear,,,,,KOSPI,801,375,0,,반도체와반도체장비
9140,경인전자,211.0,229.0,361.0,,,,2.0,-13.0,10.0,,,,57.64,,,,57.64,176.92,,,,176.92,1년치 존재,1,5.78,0.39,4.88,3548.0,up,50.4,23700.0,20150.0,up,bear,,,,,KOSPI,22800,358,3525,1.0,전자제품
90370,메타랩스,216.0,384.0,813.0,,,,-39.0,-32.0,-72.0,,,,111.72,,,,111.72,-125.0,,,,-125.0,1년치 존재,1,,0.77,-11.87,45254.0,down,50.8,1770.0,1379.0,mixed,bull,,,,,KOSPI,1461,364,41921,0.9,상업서비스와공급품
2025,코오롱우,58784.0,59200.0,58861.0,65783.0,,,993.0,-920.0,605.0,3038.0,,,-0.57,11.76,,,11.76,165.76,402.15,,,402.15,2년치 존재,2,27.83,0.22,-8.92,5345.0,up,65.2,31400.0,24700.0,up,bull,,,,,KOSPI,31250,363,2731,0.5,복합기업
13000,세우글로벌,361.0,359.0,327.0,,,,24.0,25.0,24.0,,,,-8.91,,,,-8.91,-4.0,,,,-4.0,1년치 존재,1,15.15,0.8,6.99,208593.0,up,54.3,1478.0,1031.0,mixed,bear,,,,,KOSPI,1254,360,181546,0.9,화학
9810,플레이그램,2144.0,2683.0,2509.0,,,,-26.0,-51.0,-44.0,,,,-6.49,,,,-6.49,13.73,,,,13.73,1년치 존재,1,,1.3,-3.44,77557.0,up,61.6,1350.0,1005.0,,bull,,,,,KOSPI,1178,358,0,,판매업체
118000,메타케어,173.0,202.0,328.0,,,,10.0,15.0,13.0,,,,62.38,,,,62.38,-13.33,,,,-13.33,1년치 존재,1,,0.58,0.42,1404230.0,up,30.9,361.0,208.0,,bull,,,,,KOSPI,208,357,0,,제약
1070,대한방직,1494.0,1339.0,1583.0,,,,-18.0,24.0,7.0,,,,18.22,,,,18.22,-70.83,,,,-70.83,1년치 존재,1,,0.09,-0.42,15072.0,up,59.3,8800.0,6300.0,mixed,bull,,,,,KOSPI,7000,371,42461,2.8,"섬유,의류,신발,호화품"
6740,블루산업개발,826.0,881.0,933.0,,,,-30.0,-139.0,-158.0,,,,5.9,,,,5.9,-13.67,,,,-13.67,1년치 존재,1,,1.03,-26.05,444096.0,up,51.0,824.0,519.0,mixed,bull,,,,,KOSPI,610,348,210649,0.5,종이와목재
2690,동일제강,1808.0,1511.0,1473.0,,,,-29.0,-58.0,-35.0,,,,-2.51,,,,-2.51,39.66,,,,39.66,1년치 존재,1,,0.24,0.87,728952.0,up,57.5,1780.0,1446.0,up,bull,,,,,KOSPI,1729,351,177998,0.2,철강
88790,진도,564.0,442.0,476.0,,,,38.0,11.0,40.0,,,,7.69,,,,7.69,263.64,,,,263.64,1년치 존재,1,5.78,0.24,3.74,40528.0,down,58.0,2820.0,1955.0,mixed,bear,,,,,KOSPI,2715,338,44043,1.1,"섬유,의류,신발,호화품"
446070,유니드비티플러스,1688.0,1949.0,1575.0,,,,-41.0,31.0,-92.0,,,,-19.19,,,,-19.19,-396.77,,,,-396.77,1년치 존재,1,87.43,0.39,-2.05,35325.0,up,55.3,3305.0,2860.0,up,bull,,,,,KOSPI,3155,335,17315,0.5,건축자재
33250,체시스,490.0,903.0,938.0,,,,46.0,47.0,75.0,,,,3.88,,,,3.88,59.57,,,,59.57,1년치 존재,1,18.81,1.87,15.0,,,,,,,,,,,,KOSPI,999,320,0,,자동차부품
23150,MH에탄올,1055.0,1004.0,947.0,,,,189.0,107.0,95.0,,,,-5.68,,,,-5.68,-11.21,,,,-11.21,1년치 존재,1,10.79,0.64,-3.83,661361.0,down,45.7,5280.0,3990.0,mixed,bear,,,,,KOSPI,4500,332,108409,0.2,음료
14130,한익스프레스,6684.0,7123.0,6298.0,,,,87.0,34.0,-36.0,,,,-11.58,,,,-11.58,-205.88,,,,-205.88,1년치 존재,1,,0.96,-15.35,28944.0,down,56.8,2995.0,2580.0,mixed,bull,,,,,KOSPI,2785,334,5894,0.2,항공화물운송과물류
5360,모나미,1415.0,1331.0,1310.0,,,,-23.0,-38.0,-59.0,,,,-1.58,,,,-1.58,-55.26,,,,-55.26,1년치 존재,1,,0.6,-12.24,46449.0,down,49.3,1910.0,1627.0,mixed,bull,,,,,KOSPI,1728,327,57992,1.2,문구류
9460,한창제지,2760.0,2943.0,2670.0,,,,-115.0,11.0,-52.0,,,,-9.28,,,,-9.28,-572.73,,,,-572.73,1년치 존재,1,,0.61,-14.77,2384280.0,down,50.0,660.0,479.0,,bear,,,,,KOSPI,544,325,0,,포장재
30720,동원수산,1419.0,1837.0,1726.0,,,,-194.0,53.0,88.0,,,,-6.04,,,,-6.04,66.04,,,,66.04,1년치 존재,1,,0.78,14.73,62294.0,up,67.6,7110.0,5550.0,up,bull,,,,,KOSPI,7000,326,40442,0.6,식품
2420,세기상사,303.0,320.0,292.0,,,,-7.0,-20.0,-6.0,,,,-8.75,,,,-8.75,70.0,,,,70.0,1년치 존재,1,,1.27,-6.53,58818.0,down,45.6,6460.0,4970.0,mixed,bear,,,,,KOSPI,5430,324,22379,0.4,전문소매
15260,에이엔피,1409.0,1135.0,1175.0,,,,-18.0,-60.0,-73.0,,,,3.52,,,,3.52,-21.67,,,,-21.67,1년치 존재,1,,1.89,-60.92,2606295.0,down,57.2,837.0,363.0,up,bull,,,,,KOSPI,755,356,1095681,0.4,전자장비와기기
3680,한성기업,3206.0,3325.0,3184.0,,,,82.0,110.0,58.0,,,,-4.24,,,,-4.24,-47.27,,,,-47.27,1년치 존재,1,22.35,0.5,0.25,18243.0,down,54.1,5410.0,4895.0,up,bull,,,,,KOSPI,5160,320,18806,1.0,식품
10400,우진아이엔에스,1002.0,1376.0,1645.0,,,,-33.0,-179.0,50.0,,,,19.55,,,,19.55,127.93,,,,127.93,1년치 존재,1,20.16,0.36,9.88,36277.0,down,55.8,4495.0,3495.0,up,bull,,,,,KOSPI,4105,313,14581,0.4,건설
4870,티웨이홀딩스,78.0,52.0,50.0,,,,-30.0,-52.0,-36.0,,,,-3.85,,,,-3.85,30.77,,,,30.77,1년치 존재,1,11.37,0.31,-45.84,763856.0,down,32.8,480.0,266.0,down,bear,,,,,KOSPI,276,312,483600,0.6,건축자재
2820,SUN&L,4411.0,3393.0,2724.0,,,,-302.0,-59.0,-179.0,,,,-19.72,,,,-19.72,-203.39,,,,-203.39,1년치 존재,1,,0.13,-1.06,70745.0,down,47.3,2865.0,2140.0,mixed,bear,,,,,KOSPI,2370,299,23414,0.3,종이와목재
465770,STX그린로지스,283.0,705.0,1914.0,,,,18.0,72.0,-125.0,,,,171.49,,,,171.49,-273.61,,,,-273.61,1년치 존재,1,20.56,2.89,-75.41,567371.0,down,26.0,8350.0,4320.0,down,bear,,,,,KOSPI,4320,310,430611,0.8,해운사
6570,대림통상,1457.0,1370.0,1262.0,,,,-49.0,-34.0,-96.0,,,,-7.88,,,,-7.88,-182.35,,,,-182.35,1년치 존재,1,,0.63,-35.21,10046.0,down,44.9,2170.0,1914.0,mixed,bull,,,,,KOSPI,2010,306,7547,0.8,건축제품
8775,호텔신라우,35685.0,39476.0,40683.0,40923.0,,,912.0,-52.0,135.0,1696.0,,,3.06,0.59,,,3.06,359.62,1156.3,,,1156.3,2년치 존재,2,30.43,4.07,-14.46,5586.0,up,69.8,41950.0,32200.0,up,bull,,,,,KOSPI,41000,308,3780,0.7,백화점과일반상점
69640,한세엠케이,3168.0,2451.0,2489.0,,,,-42.0,-176.0,-121.0,,,,1.55,,,,1.55,31.25,,,,31.25,1년치 존재,1,,0.68,-117.07,41412.0,up,67.5,666.0,550.0,,bull,,,,,KOSPI,666,298,0,,"섬유,의류,신발,호화품"
4270,남성,697.0,746.0,775.0,,,,-61.0,-18.0,2.0,,,,3.89,,,,3.89,111.11,,,,111.11,1년치 존재,1,,0.65,-3.5,,,,,,,,,,,,KOSPI,753,273,0,,전자장비와기기
5110,한창,225.0,31.0,80.0,,,,-84.0,-94.0,-78.0,,,,158.06,,,,158.06,17.02,,,,17.02,1년치 존재,1,,3.61,1866.08,,,,,,,,,,,,KOSPI,1254,265,0,,부동산
143210,핸즈코퍼레이션,7370.0,7644.0,7848.0,,,,-173.0,-465.0,-387.0,,,,2.67,,,,2.67,16.77,,,,16.77,1년치 존재,1,,0.24,-67.41,,,,,,,,,,,,KOSPI,1199,262,0,,자동차부품
2355,넥센타이어1우B,27017.0,28479.0,31896.0,33574.0,,,1870.0,1721.0,1703.0,2038.0,,,12.0,5.26,,,12.0,-1.05,19.67,,,19.67,2년치 존재,2,8.15,0.49,7.71,11316.0,up,52.6,4680.0,3725.0,up,bull,,,,,KOSPI,4330,281,6739,0.6,자동차부품
44380,주연테크,435.0,531.0,626.0,,,,-47.0,-29.0,-17.0,,,,17.89,,,,17.89,41.38,,,,41.38,1년치 존재,1,,0.88,-4.59,2319097.0,up,57.6,478.0,306.0,,bull,,,,,KOSPI,430,277,0,,컴퓨터와주변기기
3495,대한항공우,161118.0,178707.0,252255.0,271261.0,,,17901.0,21102.0,11136.0,7361.0,,,41.16,7.53,,,41.16,-47.23,-33.9,,,-33.9,2년치 존재,2,8.32,0.93,7.28,4839.0,down,50.2,25450.0,22400.0,mixed,bull,,,,,KOSPI,23550,262,4828,1.0,항공사
6345,대원전선우,5154.0,5528.0,6245.0,,,,131.0,143.0,94.0,,,,12.97,,,,12.97,-34.27,,,,-34.27,1년치 존재,1,8.98,0.86,7.45,1290507.0,up,89.8,9940.0,3495.0,up,bull,,,,,KOSPI,9940,261,3324185,2.6,전기장비
12170,아센디오,54.0,135.0,59.0,,,,-105.0,-41.0,-43.0,,,,-56.3,,,,-56.3,-4.88,,,,-4.88,1년치 존재,1,,3.03,-102.16,95537.0,down,46.1,1804.0,1217.0,down,bear,,,,,KOSPI,1341,260,21344,0.2,방송과엔터테인먼트
9310,참엔지니어링,763.0,649.0,598.0,,,,-281.0,-358.0,-75.0,,,,-7.86,,,,-7.86,79.05,,,,79.05,1년치 존재,1,,0.53,-22.85,,,,,,,,,,,,KOSPI,1065,233,0,,디스플레이장비및부품
1515,SK증권우,11445.0,11017.0,14047.0,,,,131.0,-1079.0,78.0,,,,27.5,,,,27.5,107.23,,,,107.23,1년치 존재,1,119.72,0.42,5.0,2399147.0,up,72.3,15170.0,2515.0,,bull,,,,,KOSPI,13110,256,530,0.0,증권
11090,에넥스,2306.0,2641.0,2152.0,,,,-70.0,51.0,5.0,,,,-18.52,,,,-18.52,-90.2,,,,-90.2,1년치 존재,1,,0.87,-3.16,219715.0,up,47.0,522.0,401.0,,bull,,,,,KOSPI,428,257,0,,가구
1420,태원물산,92.0,116.0,149.0,,,,-8.0,-9.0,-10.0,,,,28.45,,,,28.45,-11.11,,,,-11.11,1년치 존재,1,,1.25,-5.38,7704.0,up,55.3,3240.0,2640.0,up,bull,,,,,KOSPI,3050,232,2543,0.3,자동차부품
1685,대상우,41075.0,42551.0,44013.0,,,,1237.0,1769.0,1693.0,,,,3.44,,,,3.44,-4.3,,,,-4.3,1년치 존재,1,11.14,,-24.41,5478.0,up,59.1,17890.0,16000.0,mixed,bull,,,,,KOSPI,16890,231,6307,1.2,식품
25890,한국주강,538.0,473.0,399.0,,,,24.0,11.0,-2.0,,,,-15.64,,,,-15.64,-118.18,,,,-118.18,1년치 존재,1,13.76,1.03,-0.86,124750.0,up,54.3,2245.0,1521.0,up,bear,,,,,KOSPI,2060,233,58497,0.5,철강
15020,이스타코,133.0,115.0,164.0,,,,-17.0,-33.0,-4.0,,,,42.61,,,,42.61,87.88,,,,87.88,1년치 존재,1,,0.67,-3.68,,,,,,,,,,,,KOSPI,464,199,0,,부동산
19685,대교우B,6562.0,6635.0,6500.0,,,,-278.0,-16.0,-34.0,,,,-2.03,,,,-2.03,-112.5,,,,-112.5,1년치 존재,1,,0.69,-12.33,26124.0,up,57.6,1160.0,1006.0,mixed,bull,,,,,KOSPI,1056,205,720,0.0,교육서비스
1770,SHD,1063.0,1066.0,1004.0,,,,7.0,-40.0,27.0,,,,-5.82,,,,-5.82,167.5,,,,167.5,1년치 존재,1,232.95,0.5,3.61,2391.0,down,47.9,18120.0,16100.0,mixed,bull,,,,,KOSPI,16790,204,1643,0.7,철강
9440,KC그린홀딩스,6421.0,4295.0,860.0,,,,-239.0,-653.0,-16.0,,,,-79.98,,,,-79.98,97.55,,,,97.55,1년치 존재,1,,0.3,-29.91,,,,,,,,,,,,KOSPI,756,176,0,,상업서비스와공급품
8600,윌비스,2161.0,2174.0,1883.0,,,,-42.0,-125.0,-210.0,,,,-13.39,,,,-13.39,-68.0,,,,-68.0,1년치 존재,1,,0.32,-52.44,,,,,,,,,,,,KOSPI,2620,176,0,,"섬유,의류,신발,호화품"
5257,녹십자홀딩스2우,20579.0,22049.0,24515.0,,,,-164.0,-107.0,362.0,,,,11.18,,,,11.18,438.32,,,,438.32,1년치 존재,1,,0.76,-7.34,1583.0,down,43.7,25250.0,22400.0,down,bear,,,,,KOSPI,22950,194,128,0.1,제약
71950,코아스,737.0,780.0,622.0,,,,-30.0,-72.0,-57.0,,,,-20.26,,,,-20.26,20.83,,,,20.83,1년치 존재,1,,1.9,-171.5,135438.0,down,32.8,4815.0,1446.0,mixed,bull,,,,,KOSPI,1446,180,273403,2.0,가구
108675,LX하우시스우,35258.0,35720.0,31787.0,,,,1098.0,975.0,131.0,,,,-11.01,,,,-11.01,-86.56,,,,-86.56,1년치 존재,1,7.06,0.52,-5.15,3316.0,up,72.3,17400.0,15190.0,mixed,bull,,,,,KOSPI,16940,175,12826,3.9,건축자재
2070,비비안,2173.0,2217.0,2224.0,,,,49.0,6.0,-50.0,,,,0.32,,,,0.32,-933.33,,,,-933.33,1년치 존재,1,,0.42,-18.08,,,,,,,,,,,,KOSPI,355,160,0,,"섬유,의류,신발,호화품"
5725,넥센우,30361.0,32143.0,35865.0,,,,2210.0,2097.0,2042.0,,,,11.58,,,,11.58,-2.62,,,,-2.62,1년치 존재,1,5.72,0.19,6.86,2354.0,up,61.1,5400.0,4230.0,mixed,bull,,,,,KOSPI,4710,170,500,0.2,자동차부품
87,하이트진로2우B,25202.0,25992.0,24986.0,25364.0,,,1239.0,2081.0,1723.0,2006.0,,,-3.87,1.51,,,1.51,-17.2,16.42,,,16.42,2년치 존재,2,44.98,1.43,3.69,1576.0,down,50.3,14500.0,13770.0,mixed,bull,,,,,KOSPI,14050,159,308,0.2,음료
1795,대한제당우,13323.0,13738.0,13563.0,,,,472.0,370.0,566.0,,,,-1.27,,,,-1.27,52.97,,,,52.97,1년치 존재,1,9.39,0.55,-11.61,38304.0,down,49.7,2550.0,2290.0,mixed,bear,,,,,KOSPI,2475,160,14469,0.4,식품
1755,한양증권우,9990.0,8333.0,9090.0,,,,463.0,544.0,753.0,,,,9.08,,,,9.08,38.42,,,,38.42,1년치 존재,1,3.5,0.25,10.29,2570.0,up,65.8,30800.0,18450.0,up,bull,,,,,KOSPI,29600,155,2368,0.9,증권
8500,일정실업,322.0,435.0,366.0,,,,-7.0,33.0,15.0,,,,-15.86,,,,-15.86,-54.55,,,,-54.55,1년치 존재,1,,5.83,129.88,35380.0,down,42.4,3280.0,2400.0,,bear,,,,,KOSPI,2625,158,19729,0.6,자동차부품
4105,태양금속우,6172.0,6200.0,6202.0,,,,222.0,161.0,224.0,,,,0.03,,,,0.03,39.13,,,,39.13,1년치 존재,1,2087.84,1.26,2.53,117984.0,down,45.2,4550.0,3325.0,up,bear,,,,,KOSPI,4005,132,89908,0.8,자동차부품
84695,대상홀딩스우,52594.0,53579.0,56288.0,,,,1146.0,1840.0,1998.0,,,,5.06,,,,5.06,8.59,,,,8.59,1년치 존재,1,23.46,0.67,-15.42,7549.0,down,46.3,15540.0,12640.0,up,bear,,,,,KOSPI,14400,132,12216,1.6,식품
145995,삼양사우,26514.0,26718.0,25625.0,,,,1132.0,1335.0,1117.0,,,,-4.09,,,,-4.09,-16.33,,,,-16.33,1년치 존재,1,4.46,0.3,-18.8,1098.0,down,53.7,38000.0,32000.0,mixed,bull,,,,,KOSPI,33950,126,208,0.2,식품
4255,NPC우,5087.0,4583.0,4503.0,,,,296.0,105.0,236.0,,,,-1.75,,,,-1.75,124.76,,,,124.76,1년치 존재,1,8.75,0.63,2.92,8260.0,down,50.7,2500.0,2310.0,down,bear,,,,,KOSPI,2400,127,11216,1.4,포장재
3075,코오롱글로벌우,26450.0,29120.0,26844.0,30256.0,,,76.0,-567.0,37.0,1128.0,,,-7.82,12.71,,,12.71,106.53,2948.65,,,2948.65,2년치 존재,2,801.71,0.4,-29.22,3323.0,down,46.3,16860.0,14100.0,mixed,bear,,,,,KOSPI,15790,117,2069,0.6,건설
1067,JW중외제약2우B,7485.0,7194.0,7753.0,,,,1003.0,825.0,945.0,,,,7.77,,,,7.77,14.55,,,,14.55,1년치 존재,1,23.92,3.3,17.6,71.0,down,49.1,60000.0,54000.0,down,bull,,,,,KOSPI,55300,116,2,0.0,제약
145210,다이나믹디자인,570.0,626.0,802.0,,,,-80.0,-25.0,-6.0,,,,28.12,,,,28.12,76.0,,,,76.0,1년치 존재,1,,0.3,-19.12,,,,,,,,,,,,KOSPI,224,95,0,,자동차부품
4835,덕성우,1079.0,1255.0,1465.0,,,,51.0,89.0,62.0,,,,16.73,,,,16.73,-30.34,,,,-30.34,1년치 존재,1,23.82,1.39,5.78,25418.0,up,60.3,7390.0,5680.0,up,bull,,,,,KOSPI,6860,95,28007,1.1,"섬유,의류,신발,호화품"
225,유유제약1우,1372.0,1331.0,1409.0,,,,4.0,117.0,110.0,,,,5.86,,,,5.86,-5.98,,,,-5.98,1년치 존재,1,,0.88,6.4,10341.0,up,53.0,4885.0,4240.0,mixed,bull,,,,,KOSPI,4450,101,2760,0.3,제약
1065,JW중외제약우,7485.0,7194.0,7753.0,,,,1003.0,825.0,945.0,,,,7.77,,,,7.77,14.55,,,,14.55,1년치 존재,1,23.92,3.3,17.6,226.0,down,44.9,29500.0,26000.0,mixed,bull,,,,,KOSPI,26300,90,68,0.3,제약
4985,성신양회우,11133.0,11626.0,12163.0,,,,733.0,532.0,437.0,,,,4.62,,,,4.62,-17.86,,,,-17.86,1년치 존재,1,3.22,0.4,4.49,75898.0,up,51.0,13740.0,10250.0,up,bear_cross,,,,,KOSPI,11650,86,6365,0.1,건축자재
12205,계양전기우,3816.0,3691.0,3898.0,,,,-39.0,-153.0,-271.0,,,,5.61,,,,5.61,-77.12,,,,-77.12,1년치 존재,1,,0.44,-96.61,898151.0,up,52.4,11730.0,5080.0,mixed,bear,,,,,KOSPI,8430,99,119501,0.1,자동차부품
9415,태영건설우,33529.0,26862.0,21745.0,,,,-4045.0,206.0,528.0,,,,-19.05,,,,-19.05,156.31,,,,156.31,1년치 존재,1,,0.96,11.28,177792.0,up,60.5,12980.0,5190.0,,bull,,,,,KOSPI,11200,73,52257,0.3,건설
325,노루홀딩스우,12145.0,12479.0,12393.0,,,,678.0,726.0,645.0,,,,-0.69,,,,-0.69,-11.16,,,,-11.16,1년치 존재,1,6.09,0.29,6.66,366.0,down,52.4,34000.0,27700.0,up,bear_cross,,,,,KOSPI,31550,77,74,0.2,건축자재
7575,일양약품우,2667.0,2687.0,2724.0,,,,164.0,96.0,50.0,,,,1.38,,,,1.38,-47.92,,,,-47.92,1년치 존재,1,,1.27,2.92,1113.0,down,30.9,13460.0,10560.0,,,,,,,KOSPI,11040,49,529,0.5,제약
90355,노루페인트우,7804.0,7938.0,7711.0,,,,423.0,437.0,302.0,,,,-2.86,,,,-2.86,-30.89,,,,-30.89,1년치 존재,1,6.79,0.51,4.0,672.0,up,61.0,13860.0,12070.0,up,bull,,,,,KOSPI,13720,64,795,1.2,건축자재
2785,진흥기업우B,7594.0,7262.0,5764.0,,,,517.0,-47.0,-230.0,,,,-20.63,,,,-20.63,-389.36,,,,-389.36,1년치 존재,1,3.73,0.63,-11.14,7957.0,up,52.4,3810.0,3285.0,mixed,bull,,,,,KOSPI,3495,30,3077,0.4,건설
145,하이트진로홀딩스우,25069.0,25851.0,24845.0,,,,1381.0,2218.0,1833.0,,,,-3.89,,,,-3.89,-17.36,,,,-17.36,1년치 존재,1,230.21,0.36,-0.46,192.0,down,58.2,12250.0,11100.0,up,bull,,,,,KOSPI,12000,56,22,0.1,음료
2787,진흥기업2우B,7594.0,7262.0,5764.0,,,,517.0,-47.0,-230.0,,,,-20.63,,,,-20.63,-389.36,,,,-389.36,1년치 존재,1,3.73,0.63,-11.14,1441.0,up,59.8,8790.0,7680.0,mixed,bull,,,,,KOSPI,8490,25,554,0.4,건설
1525,동양우,8663.0,7504.0,6306.0,,,,265.0,-9.0,-207.0,,,,-15.96,,,,-15.96,-2200.0,,,,-2200.0,1년치 존재,1,13.16,0.24,2.8,2353.0,up,47.1,4940.0,4255.0,mixed,bull,,,,,KOSPI,4410,27,4851,2.1,건축자재
545,흥국화재우,33237.0,33740.0,35328.0,,,,3810.0,1488.0,1875.0,,,,4.71,,,,4.71,26.01,,,,26.01,1년치 존재,1,0.68,0.15,18.85,2802.0,down,51.3,9510.0,6600.0,mixed,bull,,,,,KOSPI,7020,54,3061,1.1,손해보험
2995,금호건설우,22176.0,19142.0,20185.0,20848.0,,,218.0,-1818.0,471.0,704.0,,,5.45,3.28,,,5.45,125.91,49.47,,,125.91,2년치 존재,2,174.44,0.4,26.79,13699.0,down,50.9,18640.0,13200.0,mixed,bear,,,,,KOSPI,15390,45,2659,0.2,건설
5965,동부건설우,19000.0,16884.0,17586.0,,,,302.0,-969.0,426.0,,,,4.16,,,,4.16,143.96,,,,143.96,1년치 존재,1,,0.23,10.28,7533.0,up,48.7,24150.0,17840.0,mixed,bear,,,,,KOSPI,20000,45,2637,0.4,건설
14825,동원시스템즈우,12767.0,13343.0,13729.0,,,,809.0,919.0,662.0,,,,2.89,,,,2.89,-27.97,,,,-27.97,1년치 존재,1,15.72,1.31,6.33,628.0,up,58.6,17650.0,15900.0,mixed,bull,,,,,KOSPI,16670,44,45,0.1,포장재
5745,크라운해태홀딩스우,10355.0,10469.0,10699.0,,,,710.0,676.0,573.0,,,,2.2,,,,2.2,-15.24,,,,-15.24,1년치 존재,1,4.3,0.27,5.34,622.0,down,45.9,7960.0,7040.0,mixed,bull,,,,,KOSPI,7390,44,1882,3.0,식품
4545,깨끗한나라우,5149.0,5370.0,5082.0,,,,-189.0,-9.0,-226.0,,,,-5.36,,,,-5.36,-2411.11,,,,-2411.11,1년치 존재,1,,0.43,-26.34,752.0,down,51.2,11450.0,9990.0,mixed,bull,,,,,KOSPI,10600,39,686,0.9,종이와목재
14285,금강공업우,8569.0,8014.0,8022.0,,,,666.0,330.0,105.0,,,,0.1,,,,0.1,-68.18,,,,-68.18,1년치 존재,1,4.43,0.4,-11.82,3494.0,down,52.7,8500.0,6460.0,mixed,bull,,,,,KOSPI,7170,42,1740,0.5,건축제품
8355,남선알미우,3105.0,2895.0,2589.0,,,,64.0,48.0,-33.0,,,,-10.57,,,,-10.57,-168.75,,,,-168.75,1년치 존재,1,,1.01,1.25,17514.0,up,48.5,16650.0,12310.0,mixed,bear,,,,,KOSPI,13980,43,1008,0.1,비철금속
11155,CJ씨푸드1우,1483.0,1937.0,1921.0,,,,41.0,44.0,-9.0,,,,-0.83,,,,-0.83,-120.45,,,,-120.45,1년치 존재,1,23.95,1.36,3.29,406.0,up,49.1,15680.0,12380.0,mixed,bull,,,,,KOSPI,13260,27,210,0.5,식품
227,유유제약2우B,1372.0,1331.0,1409.0,,,,4.0,117.0,110.0,,,,5.86,,,,5.86,-5.98,,,,-5.98,1년치 존재,1,,0.88,6.4,506.0,down,53.7,10870.0,10130.0,up,bear_cross,,,,,KOSPI,10810,35,54,0.1,제약
14915,성문전자우,451.0,481.0,537.0,,,,5.0,11.0,17.0,,,,11.64,,,,11.64,54.55,,,,54.55,1년치 존재,1,,0.88,4.73,2709.0,up,50.2,4740.0,4065.0,mixed,bull,,,,,KOSPI,4420,27,3353,1.2,전기제품
1527,동양2우B,8663.0,7504.0,6306.0,,,,265.0,-9.0,-207.0,,,,-15.96,,,,-15.96,-2200.0,,,,-2200.0,1년치 존재,1,13.16,0.24,2.8,2916.0,up,51.2,9270.0,6660.0,mixed,bull,,,,,KOSPI,7490,23,179,0.1,건축자재
4415,서울식품우,648.0,586.0,686.0,,,,6.0,-22.0,-5.0,,,,17.06,,,,17.06,77.27,,,,77.27,1년치 존재,1,,2.71,-6.44,6111.0,down,49.5,1361.0,1124.0,,bull,,,,,KOSPI,1193,27,0,,식품
247540,에코프로비엠,69009.0,27668.0,25316.0,30483.0,,,1560.0,-341.0,1433.0,1112.0,,,-8.5,20.41,,,20.41,520.23,-22.4,,,520.23,2년치 존재,2,,20.51,2.29,505502.0,down,50.1,222500.0,165600.0,up,bull,,,,,KOSDAQ,206000,201531,496622,1.0,전기제품
36930,주성엔지니어링,2847.0,4094.0,3107.0,3622.0,,,289.0,972.0,313.0,666.0,,,-24.11,16.58,,,16.58,-67.8,112.78,,,112.78,2년치 존재,2,48.53,3.14,6.17,2551184.0,up,76.5,130500.0,40850.0,up,bull,,,,,KOSDAQ,126000,58566,1848,0.0,반도체와반도체장비
86520,에코프로,72602.0,31279.0,34130.0,,,,2982.0,-2930.0,2138.0,,,,9.11,,,,9.11,172.97,,,,172.97,1년치 존재,1,336.78,10.21,-8.39,1222505.0,up,49.1,185000.0,133800.0,mixed,bull,,,,,KOSDAQ,152900,207602,135,0.0,화학
250,삼천당제약,1927.0,2109.0,2318.0,,,,96.0,26.0,85.0,,,,9.91,,,,9.91,226.92,,,,226.92,1년치 존재,1,,7.98,1.94,501193.0,down,37.1,1184000.0,380000.0,down,bear,,,,,KOSDAQ,415500,97466,161654,0.3,제약
39030,이오테크닉스,3163.0,3209.0,3809.0,4800.0,,,309.0,312.0,808.0,1302.0,,,18.7,26.02,,,26.02,158.97,61.14,,,158.97,2년치 존재,2,51.43,3.33,8.9,88874.0,up,51.8,516000.0,354500.0,up,bull,,,,,KOSDAQ,468000,57655,106701,1.2,반도체와반도체장비
298380,에이비엘바이오,655.0,334.0,793.0,817.0,,,-26.0,-594.0,-404.0,-334.0,,,137.43,3.03,,,137.43,31.99,17.33,,,31.99,2년치 존재,2,,15.9,-23.48,575580.0,down,36.2,201500.0,134800.0,down,bear,,,,,KOSDAQ,134800,75471,663414,1.2,생물공학
240810,원익IPS,6903.0,7482.0,9098.0,12972.0,,,-181.0,106.0,738.0,1846.0,,,21.6,42.58,,,42.58,596.23,150.14,,,596.23,2년치 존재,2,,1.91,9.05,489855.0,down,48.0,137800.0,101800.0,up,bear_cross,,,,,KOSDAQ,117100,57477,1015,0.0,반도체와반도체장비
108490,로보티즈,291.0,300.0,389.0,641.0,,,-53.0,-30.0,33.0,93.0,,,29.67,64.78,,,64.78,210.0,181.82,,,210.0,2년치 존재,2,,3.99,2.49,285306.0,up,59.9,348000.0,207500.0,up,bull,,,,,KOSDAQ,316500,46389,63,0.0,기계
440110,파두,225.0,435.0,924.0,,,,-586.0,-950.0,-655.0,,,,112.41,,,,112.41,31.05,,,,31.05,1년치 존재,1,,6.15,-131.08,1083250.0,up,69.3,81600.0,27600.0,,bull,,,,,KOSDAQ,78200,39159,2049000,1.9,반도체와반도체장비
263750,펄어비스,3335.0,3424.0,3656.0,8681.0,,,-164.0,-123.0,-148.0,3160.0,,,6.78,137.45,,,137.45,-20.33,2235.14,,,2235.14,2년치 존재,2,163.71,3.28,-1.05,1000677.0,up,52.2,72000.0,40700.0,up,bull,,,,,KOSDAQ,58900,37842,776820,0.8,게임엔터테인먼트
196170,알테오젠,965.0,1029.0,2159.0,5252.0,10448.0,,-97.0,254.0,1069.0,3252.0,5430.0,,109.82,143.26,98.93,,143.26,320.87,204.21,66.97,,320.87,3년치 존재,3,,35.24,39.42,273008.0,down,50.4,411500.0,330500.0,mixed,bull,,,,,KOSDAQ,368500,197272,263102,1.0,생물공학
58470,리노공업,2556.0,2782.0,3725.0,4422.0,,,1144.0,1242.0,1770.0,2153.0,,,33.9,18.71,,,33.9,42.51,21.64,,,42.51,2년치 존재,2,27.83,5.52,22.45,1015009.0,up,56.3,127000.0,94400.0,up,bear,,,,,KOSDAQ,119300,90921,2627349,2.6,반도체와반도체장비
277810,레인보우로보틱스,153.0,193.0,341.0,,,,-446.0,-30.0,-25.0,,,,76.68,,,,76.68,16.67,,,,16.67,1년치 존재,1,,26.13,1.07,118681.0,up,59.2,880000.0,521000.0,mixed,bull,,,,,KOSDAQ,664000,128815,6,0.0,기계
28300,HLB,429.0,681.0,842.0,,,,-1250.0,-1185.0,-1042.0,,,,23.64,,,,23.64,12.07,,,,12.07,1년치 존재,1,,11.97,-44.32,784761.0,up,55.5,68200.0,45700.0,up,bear,,,,,KOSDAQ,60800,80962,418522,0.5,건강관리장비와용품
32820,우리기술,632.0,713.0,871.0,,,,67.0,6.0,-55.0,,,,22.16,,,,22.16,-1016.67,,,,-1016.67,1년치 존재,1,38.81,1.91,0.67,13435547.0,up,48.6,29300.0,8770.0,up,bear,,,,,KOSDAQ,21600,36957,26409,0.0,우주항공과국방
950160,코오롱티슈진,37.0,51.0,52.0,60.0,,,-205.0,-220.0,-223.0,-250.0,,,1.96,15.38,,,15.38,-1.36,-12.11,,,-1.36,2년치 존재,2,,5.7,-184.16,366309.0,up,48.7,127000.0,89500.0,up,bull,,,,,KOSDAQ,102000,86431,407,0.0,생물공학
87010,펩트론,33.0,32.0,56.0,,,,-159.0,-165.0,-213.0,,,,75.0,,,,75.0,-29.09,,,,-29.09,1년치 존재,1,,22.19,-9.41,119174.0,down,43.5,346000.0,220000.0,mixed,bull,,,,,KOSDAQ,260500,60742,115725,1.0,생물공학
214150,클래시스,1801.0,2429.0,3368.0,4792.0,,,896.0,1224.0,1706.0,2343.0,,,38.66,42.28,,,42.28,39.38,37.34,,,39.38,2년치 존재,2,32.94,8.52,26.21,214327.0,up,47.4,74600.0,49250.0,mixed,bull,,,,,KOSDAQ,55600,36271,182217,0.9,건강관리장비와용품
141080,리가켐바이오,341.0,1259.0,1416.0,2325.0,2295.0,4430.0,-808.0,-209.0,-1065.0,-14.0,-127.0,2360.0,12.47,64.19,-1.29,93.03,93.03,-409.57,98.69,-807.14,1958.27,1958.27,4년치 존재,4,,12.4,-13.22,380754.0,down,44.6,213500.0,161900.0,mixed,bear_cross,,,,,KOSDAQ,183400,67894,292336,0.8,제약
214370,케어젠,792.0,826.0,728.0,,,,404.0,342.0,204.0,,,,-11.86,,,,-11.86,-40.35,,,,-40.35,1년치 존재,1,36.99,5.94,9.23,158914.0,down,53.5,150100.0,82000.0,mixed,bull,,,,,KOSDAQ,105500,56669,149583,0.9,건강관리업체및서비스
357780,솔브레인,8440.0,8634.0,9234.0,10722.0,,,1335.0,1679.0,1336.0,2023.0,,,6.95,16.11,,,16.11,-20.43,51.42,,,51.42,2년치 존재,2,18.14,2.64,7.66,42738.0,up,56.0,501000.0,364000.0,up,bull,,,,,KOSDAQ,458000,35626,32300,0.8,반도체와반도체장비
403870,HPSP,1791.0,1814.0,1730.0,2391.0,,,952.0,939.0,899.0,1289.0,,,-4.63,38.21,,,38.21,-4.26,43.38,,,43.38,2년치 존재,2,44.33,13.09,24.79,2980921.0,up,62.4,54800.0,37950.0,up,bull,,,,,KOSDAQ,52600,43290,1661297,0.6,반도체와반도체장비
95340,ISC,1402.0,1745.0,2202.0,3124.0,4097.0,5079.0,107.0,448.0,601.0,990.0,1391.0,1779.0,26.19,41.87,31.15,23.97,41.87,34.15,64.73,40.51,27.89,64.73,4년치 존재,4,111.45,3.47,10.6,427051.0,up,54.9,271000.0,137200.0,up,bear,,,,,KOSDAQ,242500,51403,197894,0.5,반도체와반도체장비
310210,보로노이,,,75.0,340.0,650.0,510.0,,,-544.0,-440.0,-370.0,-670.0,,353.33,91.18,-21.54,353.33,,19.12,15.91,-81.08,19.12,4년치 존재,4,,49.78,-50.18,97973.0,down,45.0,363500.0,204500.0,up,bear,,,,,KOSDAQ,284000,52262,110939,1.1,제약
178320,서진시스템,7787.0,12138.0,10663.0,17876.0,,,490.0,1087.0,11.0,2032.0,,,-12.15,67.65,,,67.65,-98.99,18372.73,,,18372.73,2년치 존재,2,,1.35,-12.63,2901049.0,up,67.6,59500.0,33750.0,up,bull,,,,,KOSDAQ,59500,35422,3633119,1.3,전기장비
319400,현대무벡스,2678.0,3414.0,3939.0,,,,41.0,246.0,182.0,,,,15.38,,,,15.38,-26.02,,,,-26.02,1년치 존재,1,94.17,2.48,6.79,1984643.0,down,55.8,35550.0,23850.0,up,bull,,,,,KOSDAQ,31350,34916,1989859,1.0,기계
226950,올릭스,171.0,57.0,147.0,80.0,,,-182.0,-309.0,-300.0,-310.0,,,157.89,-45.58,,,157.89,2.91,-3.33,,,2.91,2년치 존재,2,,4.94,-18.83,278783.0,up,48.8,207000.0,122400.0,up,bull,,,,,KOSDAQ,172500,35018,288160,1.0,생명과학도구및서비스
214450,파마리서치,2610.0,3501.0,5363.0,6686.0,,,923.0,1261.0,2144.0,2695.0,,,53.18,24.67,,,53.18,70.02,25.7,,,70.02,2년치 존재,2,14.64,2.58,26.88,68329.0,up,49.6,450000.0,282500.0,mixed,bull,,,,,KOSDAQ,313500,32572,85872,1.3,건강관리장비와용품
64760,티씨케이,2267.0,2757.0,3013.0,3873.0,,,667.0,807.0,839.0,1234.0,,,9.29,28.54,,,28.54,3.97,47.08,,,47.08,2년치 존재,2,21.22,2.84,13.5,87054.0,up,58.4,316000.0,199500.0,up,bull,,,,,KOSDAQ,294000,32867,63537,0.7,반도체와반도체장비
145020,휴젤,3197.0,3730.0,4251.0,5086.0,,,1178.0,1662.0,2009.0,2123.0,,,13.97,19.64,,,19.64,20.88,5.67,,,20.88,2년치 존재,2,19.88,2.18,16.06,38142.0,down,45.7,286000.0,234000.0,up,bear_cross,,,,,KOSDAQ,252500,31068,53478,1.4,생물공학
5290,동진쎄미켐,13099.0,11128.0,11941.0,,,,1762.0,1754.0,1724.0,,,,7.31,,,,7.31,-1.71,,,,-1.71,1년치 존재,1,15.63,2.47,9.52,1395291.0,up,54.5,63200.0,44000.0,up,bull,,,,,KOSDAQ,56600,29101,115,0.0,반도체와반도체장비
84370,유진테크,2765.0,3381.0,3503.0,5169.0,,,243.0,612.0,517.0,1189.0,,,3.61,47.56,,,47.56,-15.52,129.98,,,129.98,2년치 존재,2,38.26,2.63,9.81,177800.0,down,50.3,148000.0,96500.0,up,bull,,,,,KOSDAQ,130000,29791,415743,2.3,반도체와반도체장비
237690,에스티팜,2850.0,2738.0,3317.0,4121.0,,,335.0,277.0,549.0,743.0,,,21.15,24.24,,,24.24,98.19,35.34,,,98.19,2년치 존재,2,65.13,3.32,10.03,150168.0,up,51.8,168700.0,131500.0,mixed,bull,,,,,KOSDAQ,152500,31787,230448,1.5,제약
347850,디앤디파마텍,187.0,114.0,43.0,120.0,,,-135.0,-250.0,-340.0,-260.0,,,-62.28,179.07,,,179.07,-36.0,23.53,,,23.53,2년치 존재,2,,40.64,-31.49,493286.0,down,44.6,92400.0,66300.0,mixed,bull,,,,,KOSDAQ,74200,32503,378678,0.8,생물공학
58610,에스피지,3938.0,3885.0,3417.0,3493.0,,,160.0,123.0,179.0,215.0,,,-12.05,2.22,,,2.22,45.53,20.11,,,45.53,2년치 존재,2,72.61,3.65,3.57,283824.0,up,57.8,156300.0,103500.0,mixed,bull,,,,,KOSDAQ,127600,28298,135,0.0,전기제품
43260,성호전자,2081.0,2073.0,2316.0,,,,259.0,63.0,76.0,,,,11.72,,,,11.72,20.63,,,,20.63,1년치 존재,1,4.22,0.67,46.27,1666536.0,down,44.2,53200.0,16840.0,mixed,bear,,,,,KOSDAQ,40900,29007,1115094,0.7,전기제품
222800,심텍,10419.0,12314.0,14106.0,17868.0,,,-881.0,-470.0,119.0,1410.0,,,14.55,26.67,,,26.67,125.32,1084.87,,,1084.87,2년치 존재,2,,2.62,-32.1,894846.0,up,68.4,89300.0,43150.0,up,bull,,,,,KOSDAQ,87000,32488,552297,0.6,전자장비와기기
83650,비에이치아이,3674.0,4047.0,7741.0,10752.0,,,151.0,219.0,755.0,1068.0,,,91.28,38.9,,,91.28,244.75,41.46,,,244.75,2년치 존재,2,30.38,3.41,44.36,345554.0,up,52.3,109500.0,69600.0,up,bull,,,,,KOSDAQ,97500,30171,29,0.0,에너지장비및서비스
67310,하나마이크론,9680.0,12507.0,15344.0,20619.0,,,579.0,1068.0,1277.0,2516.0,,,22.68,34.38,,,34.38,19.57,97.02,,,97.02,2년치 존재,2,,4.57,9.89,2111450.0,up,61.8,40700.0,27800.0,up,bull,,,,,KOSDAQ,39700,26386,1525,0.0,반도체와반도체장비
31980,피에스케이홀딩스,947.0,2155.0,2078.0,2462.0,,,270.0,885.0,734.0,946.0,,,-3.57,18.48,,,18.48,-17.06,28.88,,,28.88,2년치 존재,2,13.61,1.7,19.55,218235.0,up,59.4,132800.0,68000.0,up,bull,,,,,KOSDAQ,124300,26802,137941,0.6,반도체와반도체장비
100790,미래에셋벤처투자,2170.0,2339.0,2398.0,,,,319.0,157.0,351.0,,,,2.52,,,,2.52,123.57,,,,123.57,1년치 존재,1,12.65,0.89,8.47,5990311.0,up,63.8,62400.0,17000.0,up,bull,,,,,KOSDAQ,52400,27837,4284,0.0,창업투자
98460,고영,2256.0,2025.0,2326.0,3014.0,,,204.0,33.0,173.0,422.0,,,14.86,29.58,,,29.58,424.24,143.93,,,424.24,2년치 존재,2,51.82,3.56,4.48,5202840.0,up,65.1,43500.0,24450.0,up,bull,,,,,KOSDAQ,40250,27634,6594,0.0,전자장비와기기
140410,메지온,317.0,86.0,79.0,,,,-145.0,-143.0,-168.0,,,,-8.14,,,,-8.14,-17.48,,,,-17.48,1년치 존재,1,,18.79,-110.43,163600.0,up,42.1,157900.0,80400.0,mixed,bull,,,,,KOSDAQ,87700,26654,587730,3.6,식품
30530,원익홀딩스,7495.0,6455.0,6230.0,,,,458.0,306.0,-4.0,,,,-3.49,,,,-3.49,-101.31,,,,-101.31,1년치 존재,1,,0.25,2.78,1407842.0,up,53.7,41850.0,25900.0,mixed,bull,,,,,KOSDAQ,32800,25334,1920,0.0,반도체와반도체장비
257720,실리콘투,3429.0,6915.0,11163.0,14866.0,,,478.0,1376.0,2054.0,2696.0,,,61.43,33.17,,,61.43,49.27,31.26,,,49.27,2년치 존재,2,12.23,,46.89,765394.0,down,48.8,52000.0,35200.0,up,bear,,,,,KOSDAQ,44000,26916,499934,0.7,인터넷과카탈로그소매
82920,비츠로셀,1762.0,2108.0,2431.0,3035.0,,,377.0,519.0,693.0,911.0,,,15.32,24.85,,,24.85,33.53,31.46,,,33.53,2년치 존재,2,9.94,1.57,18.56,934412.0,down,67.7,57800.0,19200.0,up,bear,,,,,KOSDAQ,57000,25844,591157,0.6,전기제품
319660,피에스케이,3519.0,3981.0,4572.0,5841.0,,,541.0,839.0,885.0,1303.0,,,14.85,27.76,,,27.76,5.48,47.23,,,47.23,2년치 존재,2,11.61,1.55,15.54,343894.0,up,56.2,93500.0,53700.0,up,bull,,,,,KOSDAQ,88700,25693,277039,0.8,반도체와반도체장비
131970,두산테스나,3387.0,3731.0,3039.0,3624.0,,,608.0,379.0,-9.0,652.0,,,-18.55,19.25,,,19.25,-102.37,7344.44,,,7344.44,2년치 존재,2,20.64,2.79,0.34,436057.0,up,73.2,131900.0,54300.0,up,bull,,,,,KOSDAQ,130700,25261,232,0.0,반도체와반도체장비
218410,RFHIC,1114.0,1149.0,1858.0,2604.0,,,3.0,15.0,309.0,520.0,,,61.71,40.15,,,61.71,1960.0,68.28,,,1960.0,2년치 존재,2,27.69,1.63,8.84,561861.0,up,54.3,105500.0,46050.0,up,bear,,,,,KOSDAQ,94300,25040,423540,0.8,통신장비
68760,셀트리온제약,3888.0,4778.0,5364.0,,,,361.0,372.0,561.0,,,,12.26,,,,12.26,50.81,,,,50.81,1년치 존재,1,180.37,10.15,9.3,67840.0,down,42.0,75700.0,54500.0,mixed,bull,,,,,KOSDAQ,56100,24910,97332,1.4,제약
78600,대주전자재료,1850.0,2193.0,2546.0,3207.0,,,62.0,294.0,207.0,349.0,,,16.1,25.96,,,25.96,-29.59,68.6,,,68.6,2년치 존재,2,1924.29,8.22,8.6,420523.0,up,60.1,182800.0,71500.0,up,bull,,,,,KOSDAQ,158500,24612,251487,0.6,전자장비와기기
41510,에스엠,9611.0,9897.0,11749.0,12793.0,,,1135.0,873.0,1830.0,2030.0,,,18.71,8.89,,,18.71,109.62,10.93,,,109.62,2년치 존재,2,25.14,2.99,41.65,88611.0,up,57.3,120400.0,83000.0,mixed,bull,,,,,KOSDAQ,96600,22116,146749,1.7,방송과엔터테인먼트
10170,대한광통신,1803.0,1527.0,1394.0,2280.0,,,-232.0,-297.0,-214.0,23.0,,,-8.71,63.56,,,63.56,27.95,110.75,,,110.75,2년치 존재,2,,1.26,-52.05,43114290.0,down,56.0,20150.0,3125.0,mixed,bear,,,,,KOSDAQ,15150,23556,23300,0.0,통신장비
323280,태성,333.0,592.0,379.0,,,,-7.0,60.0,-25.0,,,,-35.98,,,,-35.98,-141.67,,,,-141.67,1년치 존재,1,,3.11,-3.0,444311.0,up,61.7,89700.0,50600.0,mixed,bull,,,,,KOSDAQ,79500,24278,84,0.0,전자장비와기기
417200,LS머트리얼즈,1369.0,1421.0,1536.0,,,,136.0,62.0,-1.0,,,,8.09,,,,8.09,-101.61,,,,-101.61,1년치 존재,1,207.43,16.62,0.24,4387454.0,up,70.8,31250.0,13150.0,up,bull,,,,,KOSDAQ,30050,20330,4251689,1.0,전기제품
89030,테크윙,1336.0,1855.0,1591.0,3718.0,,,32.0,234.0,158.0,985.0,,,-14.23,133.69,,,133.69,-32.48,523.42,,,523.42,2년치 존재,2,,1.89,4.63,1413142.0,up,53.1,71100.0,42100.0,up,bull,,,,,KOSDAQ,57300,21232,996121,0.7,반도체와반도체장비
347700,스피어,17.0,854.0,956.0,2358.0,,,-91.0,152.0,91.0,243.0,,,11.94,146.65,,,146.65,-40.13,167.03,,,167.03,2년치 존재,2,,3.95,0.43,1196657.0,up,47.9,53100.0,27200.0,down,bear,,,,,KOSDAQ,42200,21138,1447648,1.2,우주항공과국방
140860,파크시스템스,1448.0,1751.0,2056.0,2497.0,,,276.0,385.0,422.0,596.0,,,17.42,21.45,,,21.45,9.61,41.23,,,41.23,2년치 존재,2,49.15,8.37,16.69,39616.0,up,61.4,289000.0,229000.0,mixed,bull,,,,,KOSDAQ,289000,20223,30590,0.8,전자장비와기기
38500,삼표시멘트,8237.0,7908.0,6769.0,,,,847.0,1039.0,766.0,,,,-14.4,,,,-14.4,-26.28,,,,-26.28,1년치 존재,1,9.99,0.48,5.29,4467092.0,up,56.1,20200.0,10920.0,,bull,,,,,KOSDAQ,16930,18270,7210,0.0,건축자재
131290,티에스이,2491.0,3481.0,4289.0,5274.0,,,-24.0,399.0,492.0,894.0,,,23.21,22.97,,,23.21,23.31,81.71,,,81.71,2년치 존재,2,4523.94,1.8,10.42,91405.0,up,69.0,174800.0,77500.0,up,bull,,,,,KOSDAQ,168800,18672,80011,0.9,반도체와반도체장비
35900,JYP Ent.,5665.0,6018.0,8219.0,8568.0,,,1694.0,1283.0,1552.0,1690.0,,,36.57,4.25,,,36.57,20.97,8.89,,,20.97,2년치 존재,2,34.1,8.51,29.21,163928.0,down,50.2,72200.0,58100.0,mixed,bull,,,,,KOSDAQ,62900,22350,208472,1.3,방송과엔터테인먼트
60370,LS마린솔루션,708.0,1303.0,2442.0,2864.0,,,131.0,124.0,70.0,121.0,,,87.41,17.28,,,87.41,-43.55,72.86,,,72.86,2년치 존재,2,24.62,2.23,2.0,475881.0,up,65.0,39150.0,25100.0,up,bull,,,,,KOSDAQ,38150,19929,643335,1.4,건설
101490,에스앤에스텍,1503.0,1760.0,2437.0,,,,250.0,295.0,504.0,,,,38.47,,,,38.47,70.85,,,,70.85,1년치 존재,1,37.58,4.31,21.24,285415.0,down,55.8,105100.0,75900.0,up,bear_cross,,,,,KOSDAQ,100700,21484,192436,0.7,반도체와반도체장비
475830,오름테라퓨틱,1354.0,209.0,,,,,956.0,-83.0,-518.0,,,,,,,,,-524.1,,,,-524.1,1년치 존재,1,,14.31,-33.22,193154.0,up,46.9,139500.0,76100.0,mixed,bull,,,,,KOSDAQ,88200,18975,152494,0.8,제약
39200,오스코텍,50.0,340.0,998.0,840.0,,,-327.0,-27.0,521.0,340.0,,,193.53,-15.83,,,193.53,2029.63,-34.74,,,2029.63,2년치 존재,2,,8.9,33.87,229075.0,down,48.4,59300.0,46500.0,mixed,bear_cross,,,,,KOSDAQ,52000,19894,215930,0.9,제약
99320,쎄트렉아이,1254.0,1713.0,2069.0,2498.0,,,-44.0,-31.0,102.0,174.0,,,20.78,20.73,,,20.78,429.03,70.59,,,429.03,2년치 존재,2,6.47,1.56,6.31,172468.0,down,45.2,214000.0,150800.0,mixed,bull,,,,,KOSDAQ,166000,18179,223579,1.3,우주항공과국방
27360,아주IB투자,738.0,656.0,507.0,,,,177.0,84.0,119.0,,,,-22.71,,,,-22.71,41.67,,,,41.67,1년치 존재,1,20.01,1.26,3.15,16980387.0,up,60.6,18720.0,4295.0,up,bull,,,,,KOSDAQ,15000,18172,17006,0.0,창업투자
458870,씨어스,19.0,81.0,482.0,1211.0,,,-98.0,-87.0,163.0,459.0,,,495.06,151.24,,,495.06,287.36,181.6,,,287.36,2년치 존재,2,,45.76,-51.35,339163.0,up,35.7,189000.0,41450.0,mixed,bull,,,,,KOSDAQ,47650,18135,206742,0.6,건강관리기술
476830,알지노믹스,1.0,,79.0,,,,-155.0,,-146.0,,,,,,,,,,,,,,1년치 존재,1,,41.63,604.61,443589.0,down,42.9,236000.0,116300.0,mixed,bear,,,,,KOSDAQ,175900,24510,217273,0.5,생물공학
80220,제주반도체,1459.0,1623.0,3022.0,,,,178.0,96.0,359.0,,,,86.2,,,,86.2,273.96,,,,273.96,1년치 존재,1,28.21,2.9,19.21,3407377.0,up,61.6,58400.0,35100.0,up,bull,,,,,KOSDAQ,52400,18048,11767,0.0,반도체와반도체장비
491000,리브스메드,173.0,271.0,512.0,1213.0,,,-239.0,-265.0,-226.0,-57.0,,,88.93,136.91,,,136.91,14.72,74.78,,,74.78,2년치 존재,2,,9.72,-2.29,416024.0,up,56.1,91300.0,55600.0,mixed,bull,,,,,KOSDAQ,71200,17767,126,0.0,건강관리장비와용품
232140,와이씨,2552.0,2112.0,2726.0,3515.0,,,86.0,106.0,170.0,489.0,,,29.07,28.94,,,29.07,60.38,187.65,,,187.65,2년치 존재,2,30.23,1.29,5.56,1036499.0,up,57.6,23450.0,16810.0,up,bull,,,,,KOSDAQ,21850,17927,2737,0.0,반도체와반도체장비
445680,큐리옥스바이오시스템즈,68.0,46.0,52.0,,,,-106.0,-134.0,-123.0,,,,13.04,,,,13.04,8.21,,,,8.21,1년치 존재,1,,7.63,-53.58,129485.0,up,57.7,139600.0,74300.0,mixed,bull,,,,,KOSDAQ,102100,17565,113817,0.9,생명과학도구및서비스
437730,삼현,998.0,1004.0,950.0,,,,98.0,55.0,8.0,,,,-5.38,,,,-5.38,-85.45,,,,-85.45,1년치 존재,1,33.56,12.84,8.46,213808.0,down,52.4,63300.0,42800.0,mixed,bull,,,,,KOSDAQ,53500,16964,273694,1.3,자동차부품
95610,테스,1469.0,2401.0,3511.0,4331.0,,,-59.0,385.0,578.0,889.0,,,46.23,23.36,,,46.23,50.13,53.81,,,53.81,2년치 존재,2,253.73,1.18,15.76,393831.0,down,55.7,93300.0,55400.0,up,bear,,,,,KOSDAQ,84000,16262,163,0.0,반도체와반도체장비
281740,레이크머티리얼즈,1178.0,1387.0,1412.0,1600.0,,,295.0,222.0,133.0,240.0,,,1.8,13.31,,,13.31,-40.09,80.45,,,80.45,2년치 존재,2,47.26,10.39,5.8,1194203.0,up,53.1,27550.0,18000.0,up,bull,,,,,KOSDAQ,23000,15118,4236,0.0,화학
65350,신성델타테크,8337.0,8820.0,9454.0,,,,299.0,265.0,277.0,,,,7.19,,,,7.19,4.53,,,,4.53,1년치 존재,1,90.27,5.4,9.51,108469.0,down,45.6,78500.0,53400.0,mixed,bull,,,,,KOSDAQ,58000,15941,108690,1.0,가정용기기와용품
290650,엘앤씨바이오,659.0,720.0,855.0,1403.0,,,81.0,39.0,44.0,247.0,,,18.75,64.09,,,64.09,12.82,461.36,,,461.36,2년치 존재,2,13.6,4.48,-57.68,216729.0,down,37.2,118300.0,63200.0,mixed,bull,,,,,KOSDAQ,63200,15703,536105,2.5,건강관리장비와용품
36830,솔브레인홀딩스,6616.0,4337.0,5566.0,,,,1210.0,318.0,89.0,,,,28.34,,,,28.34,-72.01,,,,-72.01,1년치 존재,1,10.21,0.74,32.06,132089.0,up,64.3,79600.0,43900.0,up,bull,,,,,KOSDAQ,73000,14968,129803,1.0,전기제품
90710,휴림로봇,827.0,1331.0,1683.0,,,,-19.0,-49.0,-173.0,,,,26.45,,,,26.45,-253.06,,,,-253.06,1년치 존재,1,,3.78,-13.42,8757799.0,up,54.6,15240.0,10300.0,mixed,bull,,,,,KOSDAQ,12620,15075,9997438,1.1,기계
166090,하나머티리얼즈,2336.0,2516.0,2735.0,3524.0,,,413.0,434.0,501.0,912.0,,,8.7,28.85,,,28.85,15.44,82.04,,,82.04,2년치 존재,2,29.0,2.45,9.39,212703.0,up,62.0,79600.0,53900.0,up,bull,,,,,KOSDAQ,75500,14932,123,0.0,반도체와반도체장비
183300,코미코,3073.0,5071.0,6041.0,7260.0,,,330.0,1125.0,1110.0,1420.0,,,19.13,20.18,,,20.18,-1.33,27.93,,,27.93,2년치 존재,2,21.01,3.19,18.52,130011.0,down,57.3,154900.0,89500.0,up,bear,,,,,KOSDAQ,141600,14812,88848,0.7,반도체와반도체장비
195940,HK이노엔,8289.0,8971.0,10632.0,11121.0,,,659.0,882.0,1109.0,1303.0,,,18.52,4.6,,,18.52,25.74,17.49,,,25.74,2년치 존재,2,26.75,1.05,5.87,143892.0,up,53.1,57600.0,45550.0,mixed,bull,,,,,KOSDAQ,52400,14845,130750,0.9,제약
490470,세미파이브,708.0,1118.0,1210.0,,,,-428.0,-229.0,-534.0,,,,8.23,,,,8.23,-133.19,,,,-133.19,1년치 존재,1,,6.52,-31.2,3113123.0,up,67.5,42450.0,20500.0,up,bull,,,,,KOSDAQ,42450,14373,3270804,1.1,반도체와반도체장비
3380,하림지주,120624.0,122730.0,132149.0,,,,5675.0,7655.0,8874.0,,,,7.67,,,,7.67,15.92,,,,15.92,1년치 존재,1,23.49,0.27,7.29,916015.0,down,43.5,19610.0,13040.0,down,bull,,,,,KOSDAQ,13120,14695,668653,0.7,식품
85660,차바이오텍,9540.0,10450.0,12683.0,,,,-96.0,-597.0,-488.0,,,,21.37,,,,21.37,18.26,,,,18.26,1년치 존재,1,,3.94,-37.19,296658.0,down,41.2,22100.0,17090.0,down,bull,,,,,KOSDAQ,17090,15889,296711,1.0,건강관리업체및서비스
52020,에스티큐브,58.0,113.0,70.0,,,,-260.0,-226.0,-235.0,,,,-38.05,,,,-38.05,-3.98,,,,-3.98,1년치 존재,1,,16.44,-26.2,500464.0,up,70.2,22100.0,7600.0,up,bull,,,,,KOSDAQ,21100,14344,299,0.0,판매업체
189300,인텔리안테크,3050.0,2578.0,3196.0,4112.0,,,107.0,-194.0,120.0,402.0,,,23.97,28.66,,,28.66,161.86,235.0,,,235.0,2년치 존재,2,131.8,2.77,2.81,149686.0,down,53.2,143400.0,95600.0,up,bull,,,,,KOSDAQ,132700,14249,146429,1.0,통신장비
456160,지투지바이오,7.0,8.0,4.0,,,,-131.0,-108.0,-122.0,,,,-50.0,,,,-50.0,-12.96,,,,-12.96,1년치 존재,1,,24.09,39.5,275754.0,up,59.5,118800.0,65500.0,mixed,bull,,,,,KOSDAQ,85600,14163,739237,2.7,제약
115180,큐리언트,90.0,92.0,70.0,,,,-232.0,-275.0,-298.0,,,,-23.91,,,,-23.91,-8.36,,,,-8.36,1년치 존재,1,,3.0,-71.44,184926.0,up,47.1,50900.0,26600.0,mixed,bull,,,,,KOSDAQ,37300,13915,190469,1.0,제약
397030,에이프릴바이오,,275.0,22.0,113.0,,,,169.0,-73.0,20.0,,,-92.0,413.64,,,413.64,-143.2,127.4,,,127.4,2년치 존재,2,,2.68,-10.39,210286.0,up,49.5,73000.0,49300.0,mixed,bull,,,,,KOSDAQ,59300,13884,217455,1.0,제약
36540,SFA반도체,4167.0,4005.0,3674.0,5147.0,,,-133.0,-0.0,-196.0,224.0,,,-8.26,40.09,,,40.09,,214.29,,,214.29,2년치 존재,2,,2.2,-3.93,6988581.0,up,56.9,9960.0,5990.0,up,bull,,,,,KOSDAQ,8300,13650,5097915,0.7,반도체와반도체장비
127120,제이에스링크,219.0,159.0,193.0,,,,-43.0,-91.0,-125.0,,,,21.38,,,,21.38,-37.36,,,,-37.36,1년치 존재,1,,2.07,-35.13,186546.0,down,48.1,48900.0,22250.0,mixed,bear,,,,,KOSDAQ,40800,14106,131763,0.7,생명과학도구및서비스
222080,씨아이에스,3102.0,5085.0,4072.0,,,,389.0,593.0,335.0,,,,-19.92,,,,-19.92,-43.51,,,,-43.51,1년치 존재,1,25.34,2.94,5.83,8217308.0,up,64.7,18650.0,11180.0,up,bull,,,,,KOSDAQ,17170,13355,11144,0.0,전기제품
388210,씨엠티엑스,708.0,1087.0,1606.0,2140.0,,,46.0,236.0,518.0,711.0,,,47.75,33.25,,,47.75,119.49,37.26,,,119.49,2년치 존재,2,,7.33,36.68,128940.0,down,49.0,164400.0,115200.0,mixed,bull,,,,,KOSDAQ,140700,13458,95880,0.7,반도체와반도체장비
160190,하이젠알앤엠,772.0,759.0,735.0,,,,43.0,-4.0,-89.0,,,,-3.16,,,,-3.16,-2125.0,,,,-2125.0,1년치 존재,1,,11.86,-8.13,135073.0,up,51.4,75100.0,33450.0,mixed,bull,,,,,KOSDAQ,43600,13467,129427,1.0,기계
137400,피엔티,5454.0,10350.0,7449.0,9238.0,,,769.0,1640.0,956.0,1260.0,,,-28.03,24.02,,,24.02,-41.71,31.8,,,31.8,2년치 존재,2,17.95,2.79,11.37,249270.0,up,56.5,60900.0,41550.0,up,bull,,,,,KOSDAQ,56000,13267,192375,0.8,전기제품
420770,기가비스,914.0,261.0,524.0,616.0,,,350.0,-18.0,121.0,175.0,,,100.77,17.56,,,100.77,772.22,44.63,,,772.22,2년치 존재,2,26.88,4.4,1.68,163757.0,up,67.5,109100.0,51100.0,up,bull,,,,,KOSDAQ,103900,13170,97472,0.6,반도체와반도체장비
89970,브이엠,260.0,703.0,1444.0,2856.0,,,-110.0,-86.0,247.0,838.0,,,105.41,97.78,,,105.41,387.21,239.27,,,387.21,2년치 존재,2,,2.7,17.34,454707.0,down,59.0,57400.0,27150.0,up,bull,,,,,KOSDAQ,53400,13036,363540,0.8,반도체와반도체장비
48410,현대바이오,95.0,151.0,35.0,,,,-98.0,8.0,-182.0,,,,-76.82,,,,-76.82,-2375.0,,,,-2375.0,1년치 존재,1,,22.98,-29.47,1955148.0,up,45.7,20000.0,9480.0,mixed,bull,,,,,KOSDAQ,13400,12932,12151,0.0,화장품
96530,씨젠,3674.0,4143.0,4742.0,5290.0,,,-301.0,-165.0,346.0,523.0,,,14.46,11.56,,,14.46,309.7,51.16,,,309.7,2년치 존재,2,1787.67,1.03,4.81,312528.0,down,51.9,28450.0,21850.0,mixed,bull,,,,,KOSDAQ,24550,12821,206224,0.7,생명과학도구및서비스
126340,비나텍,550.0,596.0,822.0,1682.0,,,30.0,-81.0,18.0,188.0,,,37.92,104.62,,,104.62,122.22,944.44,,,944.44,2년치 존재,2,142.34,4.28,-7.08,204381.0,up,69.1,183400.0,96400.0,up,bull,,,,,KOSDAQ,175600,12544,310002,1.5,전기장비
124500,아이티센글로벌,28151.0,49618.0,88708.0,70610.0,,,305.0,586.0,2799.0,3980.0,,,78.78,-20.4,,,78.78,377.65,42.19,,,377.65,2년치 존재,2,234.43,2.45,45.89,256767.0,down,54.3,71900.0,43750.0,mixed,bull,,,,,KOSDAQ,54100,12554,217757,0.8,IT서비스
466100,클로봇,242.0,334.0,414.0,,,,-58.0,-75.0,-32.0,,,,23.95,,,,23.95,57.33,,,,57.33,1년치 존재,1,,20.68,-3.45,514249.0,down,49.3,74200.0,40850.0,mixed,bull,,,,,KOSDAQ,49950,12717,438587,0.9,기계
213420,덕산네오룩스,1637.0,2123.0,3443.0,4346.0,,,329.0,525.0,607.0,872.0,,,62.18,26.23,,,62.18,15.62,43.66,,,43.66,2년치 존재,2,30.86,3.1,12.5,231348.0,down,50.5,55800.0,34000.0,up,bear,,,,,KOSDAQ,50500,12540,189251,0.8,디스플레이장비및부품
32500,케이엠더블유,1001.0,874.0,975.0,1710.0,,,-629.0,-455.0,-238.0,113.0,,,11.56,75.38,,,75.38,47.69,147.48,,,147.48,2년치 존재,2,,2.82,-19.66,649688.0,down,53.4,34100.0,15260.0,up,bear,,,,,KOSDAQ,29750,12541,374417,0.6,통신장비
388720,유일로보틱스,295.0,352.0,369.0,,,,-64.0,4.0,-126.0,,,,4.83,,,,4.83,-3250.0,,,,-3250.0,1년치 존재,1,,6.82,-26.71,57601.0,up,59.9,132900.0,81600.0,mixed,bull,,,,,KOSDAQ,105100,12382,130332,2.3,기계
7390,네이처셀,194.0,323.0,207.0,,,,-103.0,6.0,-36.0,,,,-35.91,,,,-35.91,-700.0,,,,-700.0,1년치 존재,1,,8.35,-4.45,328003.0,down,44.9,24500.0,16900.0,mixed,bear_cross,,,,,KOSDAQ,19150,12339,337532,1.0,생물공학
14620,성광벤드,2547.0,2277.0,2457.0,2761.0,,,448.0,420.0,420.0,556.0,,,7.91,12.37,,,12.37,0.0,32.38,,,32.38,2년치 존재,2,8.88,0.67,6.45,426695.0,up,67.1,48300.0,30000.0,up,bull,,,,,KOSDAQ,46400,12323,289970,0.7,기계
328130,루닛,251.0,542.0,831.0,1139.0,,,-422.0,-679.0,-831.0,-165.0,,,53.32,37.06,,,53.32,-22.39,80.14,,,80.14,2년치 존재,2,,20.02,-31.49,161113.0,up,65.7,43300.0,31800.0,mixed,bull,,,,,KOSDAQ,41450,12138,106,0.0,건강관리기술
376900,로킷헬스케어,124.0,131.0,262.0,,,,-74.0,-56.0,5.0,,,,100.0,,,,100.0,108.93,,,,108.93,1년치 존재,1,,103.35,8.69,393093.0,down,34.1,147900.0,52300.0,mixed,bear,,,,,KOSDAQ,76500,12040,256370,0.7,건강관리장비와용품
35760,CJ ENM,43684.0,52314.0,51345.0,53764.0,,,-146.0,1045.0,1329.0,1919.0,,,-1.85,4.71,,,4.71,27.18,44.39,,,44.39,2년치 존재,2,,0.46,1.06,51070.0,down,39.8,80000.0,52000.0,mixed,bull,,,,,KOSDAQ,54100,11864,71361,1.4,방송과엔터테인먼트
33100,제룡전기,1839.0,2627.0,2240.0,,,,702.0,978.0,670.0,,,,-14.73,,,,-14.73,-31.49,,,,-31.49,1년치 존재,1,5.71,2.58,26.93,331979.0,up,80.5,70400.0,43000.0,up,bull,,,,,KOSDAQ,70400,11308,428,0.0,전기장비
23160,태광,3121.0,2668.0,2970.0,3391.0,,,577.0,399.0,387.0,602.0,,,11.32,14.18,,,14.18,-3.01,55.56,,,55.56,2년치 존재,2,7.09,0.72,10.73,527559.0,up,62.3,48500.0,23500.0,up,bear,,,,,KOSDAQ,46050,11912,246559,0.5,기계
161580,필옵틱스,3000.0,4109.0,1034.0,,,,103.0,138.0,-349.0,,,,-74.84,,,,-74.84,-352.9,,,,-352.9,1년치 존재,1,,1.97,-14.67,358085.0,up,55.2,55300.0,36100.0,mixed,bull,,,,,KOSDAQ,47800,11205,233503,0.7,전자장비와기기
86450,동국제약,7310.0,8122.0,9269.0,10379.0,,,669.0,804.0,966.0,1103.0,,,14.12,11.98,,,14.12,20.15,14.18,,,20.15,2년치 존재,2,15.49,1.33,10.42,810573.0,down,47.0,29900.0,17450.0,mixed,bear,,,,,KOSDAQ,23900,10810,603722,0.7,제약
204270,제이앤티씨,3234.0,2732.0,1857.0,4011.0,,,285.0,-461.0,-780.0,689.0,,,-32.03,115.99,,,115.99,-69.2,188.33,,,188.33,2년치 존재,2,39.18,1.93,-31.32,208155.0,up,54.6,24400.0,14600.0,mixed,bull,,,,,KOSDAQ,19340,11188,176149,0.8,핸드셋
78160,메디포스트,686.0,707.0,737.0,,,,-251.0,-485.0,-680.0,,,,4.24,,,,4.24,-40.21,,,,-40.21,1년치 존재,1,37.98,0.99,-34.14,252906.0,up,66.3,28000.0,18500.0,up,bull,,,,,KOSDAQ,27900,10938,50,0.0,생물공학
293490,카카오게임즈,7258.0,6272.0,4650.0,4931.0,,,754.0,191.0,-396.0,-176.0,,,-25.86,6.04,,,6.04,-307.33,55.56,,,55.56,2년치 존재,2,,1.51,-7.93,194223.0,up,39.8,16310.0,11510.0,mixed,bull,,,,,KOSDAQ,12020,10792,258660,1.3,게임엔터테인먼트
44490,태웅,4438.0,3863.0,3497.0,4025.0,,,395.0,228.0,50.0,295.0,,,-9.47,15.1,,,15.1,-78.07,490.0,,,490.0,2년치 존재,2,9.95,0.66,0.89,390478.0,up,58.0,57300.0,27150.0,up,bull,,,,,KOSDAQ,53000,10604,195784,0.5,에너지장비및서비스
295310,에이치브이엠,415.0,451.0,665.0,1029.0,,,37.0,-68.0,58.0,169.0,,,47.45,54.74,,,54.74,185.29,191.38,,,191.38,2년치 존재,2,,11.75,16.14,220370.0,down,49.7,112100.0,64800.0,mixed,bull,,,,,KOSDAQ,89000,10704,168623,0.8,비철금속
94170,동운아나텍,1115.0,1383.0,1276.0,1430.0,,,251.0,175.0,24.0,83.0,,,-7.74,12.07,,,12.07,-86.29,245.83,,,245.83,2년치 존재,2,14.8,6.55,1.45,229798.0,up,83.0,51400.0,24850.0,up,bull,,,,,KOSDAQ,51400,10748,407725,1.8,반도체와반도체장비
253450,스튜디오드래곤,7531.0,5501.0,5307.0,6303.0,,,559.0,364.0,304.0,543.0,,,-3.53,18.77,,,18.77,-16.48,78.62,,,78.62,2년치 존재,2,51.46,2.19,1.34,63962.0,down,40.9,50000.0,33400.0,mixed,bull,,,,,KOSDAQ,34850,10475,63427,1.0,방송과엔터테인먼트
56190,에스에프에이,18604.0,20454.0,16310.0,16832.0,19260.0,,889.0,-484.0,859.0,1462.0,1790.0,,-20.26,3.2,14.42,,14.42,277.48,70.2,22.44,,277.48,3년치 존재,3,27.31,0.96,6.11,95409.0,down,57.3,35650.0,26000.0,mixed,bull,,,,,KOSDAQ,31400,11275,193856,2.0,기계
33790,피노,70.0,307.0,2648.0,,,,-21.0,0.0,88.0,,,,762.54,,,,762.54,,,,,,1년치 존재,1,,1.16,-7.58,4381925.0,up,72.2,14400.0,4525.0,up,bull,,,,,KOSDAQ,13580,11181,1723,0.0,전기제품
82270,젬백스,722.0,627.0,815.0,,,,-79.0,-383.0,38.0,,,,29.98,,,,29.98,109.92,,,,109.92,1년치 존재,1,,4.85,-26.29,345850.0,down,33.6,46700.0,23250.0,down,bull,,,,,KOSDAQ,23800,10536,194205,0.6,반도체와반도체장비
50890,쏠리드,3214.0,3311.0,2948.0,3109.0,,,363.0,351.0,333.0,352.0,,,-10.96,5.46,,,5.46,-5.13,5.71,,,5.71,2년치 존재,2,9.08,1.35,10.79,10611313.0,up,59.3,18160.0,7000.0,up,bear,,,,,KOSDAQ,17110,10395,11719,0.0,통신장비
358570,지아이이노베이션,53.0,,58.0,,,,-533.0,-483.0,-407.0,,,,,,,,,15.73,,,,15.73,1년치 존재,1,,7.3,-48.28,658814.0,up,60.0,16550.0,11610.0,up,bull,,,,,KOSDAQ,16250,10439,65,0.0,생물공학
171090,선익시스템,624.0,1129.0,5158.0,5016.0,,,-41.0,79.0,1115.0,1099.0,,,356.86,-2.75,,,356.86,1311.39,-1.43,,,1311.39,2년치 존재,2,,3.58,101.48,236459.0,up,52.2,131000.0,58600.0,mixed,bull,,,,,KOSDAQ,102500,10355,111330,0.5,디스플레이장비및부품
122870,와이지엔터테인먼트,5692.0,3649.0,5454.0,5901.0,,,869.0,-206.0,713.0,808.0,,,49.47,8.2,,,49.47,446.12,13.32,,,446.12,2년치 존재,2,15.49,2.02,7.41,106061.0,down,45.8,76500.0,49900.0,mixed,bull,,,,,KOSDAQ,54000,10093,129601,1.2,방송과엔터테인먼트
121600,나노신소재,832.0,878.0,1117.0,,,,119.0,30.0,47.0,,,,27.22,,,,27.22,56.67,,,,56.67,1년치 존재,1,88.0,6.04,0.66,197261.0,up,58.9,88800.0,53400.0,up,bull,,,,,KOSDAQ,82800,10146,152921,0.8,화학
365340,성일하이텍,2474.0,1362.0,1946.0,3130.0,,,-83.0,-714.0,-545.0,14.0,,,42.88,60.84,,,60.84,23.67,102.57,,,102.57,2년치 존재,2,52.77,4.25,-46.96,122146.0,up,69.1,84500.0,48350.0,up,bull,,,,,KOSDAQ,82200,10088,119762,1.0,전기제품
6730,서부T&D,1692.0,1809.0,2483.0,2880.0,,,372.0,480.0,703.0,864.0,,,37.26,15.99,,,37.26,46.46,22.9,,,46.46,2년치 존재,2,3.51,0.54,7.68,607330.0,up,57.4,18580.0,12830.0,mixed,bull,,,,,KOSDAQ,14970,9720,612,0.0,"호텔,레스토랑,레저"
56080,유진로봇,193.0,242.0,282.0,,,,-53.0,-27.0,-50.0,,,,16.53,,,,16.53,-85.19,,,,-85.19,1년치 존재,1,,10.85,-21.68,569066.0,up,51.8,45700.0,23500.0,mixed,bull,,,,,KOSDAQ,26650,9997,875547,1.5,기계
174900,앱클론,29.0,23.0,47.0,,,,-116.0,-156.0,-176.0,,,,104.35,,,,104.35,-12.82,,,,-12.82,1년치 존재,1,,9.15,-40.14,360746.0,down,41.2,89100.0,48100.0,down,bull,,,,,KOSDAQ,49150,9793,150,0.0,생물공학
74600,원익QnC,8059.0,8915.0,9436.0,10754.0,,,830.0,906.0,596.0,1050.0,,,5.84,13.97,,,13.97,-34.22,76.17,,,76.17,2년치 존재,2,19.78,1.85,4.73,372542.0,up,61.7,39000.0,26600.0,up,bull,,,,,KOSDAQ,37850,9950,257303,0.7,반도체와반도체장비
348370,엔켐,4247.0,3657.0,3128.0,,,,51.0,-504.0,-784.0,,,,-14.47,,,,-14.47,-55.56,,,,-55.56,1년치 존재,1,,5.12,-14.37,494813.0,up,46.8,84400.0,29950.0,mixed,bull,,,,,KOSDAQ,44300,9707,320058,0.6,전기제품
46890,서울반도체,10324.0,10905.0,10135.0,10560.0,,,-494.0,-108.0,-315.0,161.0,,,-7.06,4.19,,,4.19,-191.67,151.11,,,151.11,2년치 존재,2,,0.85,-7.95,2480714.0,up,79.0,16510.0,7120.0,up,bull,,,,,KOSDAQ,16510,9626,14239347,5.7,디스플레이장비및부품
36810,에프에스티,1976.0,2374.0,2803.0,3070.0,,,-108.0,23.0,-5.0,231.0,,,18.07,9.53,,,18.07,-121.74,4720.0,,,4720.0,2년치 존재,2,,2.03,-5.05,204796.0,up,50.5,45850.0,31100.0,up,bull,,,,,KOSDAQ,42500,9201,155682,0.8,반도체와반도체장비
83450,GST,2792.0,3334.0,3472.0,4200.0,,,425.0,586.0,592.0,728.0,,,4.14,20.97,,,20.97,1.02,22.97,,,22.97,2년치 존재,2,7.2,1.12,16.15,503686.0,up,75.4,49600.0,24800.0,up,bull,,,,,KOSDAQ,48500,8939,371748,0.7,반도체와반도체장비
476060,온코닉테라퓨틱스,211.0,148.0,534.0,,,,22.0,-48.0,126.0,,,,260.81,,,,260.81,362.5,,,,362.5,1년치 존재,1,,13.12,24.65,454932.0,down,46.0,26300.0,16560.0,up,bear,,,,,KOSDAQ,21250,9539,985,0.0,제약
241710,코스메카코리아,4707.0,5243.0,6409.0,7476.0,,,492.0,604.0,835.0,1029.0,,,22.24,16.65,,,22.24,38.25,23.23,,,38.25,2년치 존재,2,17.37,2.29,19.29,74520.0,down,46.1,103000.0,70500.0,mixed,bull,,,,,KOSDAQ,81000,8651,94921,1.3,화장품
32190,다우데이타,103340.0,121361.0,180520.0,,,,6679.0,12059.0,15999.0,,,,48.75,,,,48.75,32.67,,,,32.67,1년치 존재,1,8.3,0.45,14.75,95455.0,down,44.2,30600.0,21200.0,mixed,bear_cross,,,,,KOSDAQ,23050,8828,124825,1.3,증권
53610,프로텍,1561.0,1703.0,2305.0,2788.0,,,174.0,134.0,463.0,685.0,,,35.35,20.95,,,35.35,245.52,47.95,,,245.52,2년치 존재,2,24.36,1.44,14.59,72268.0,up,77.4,82200.0,46000.0,up,bull,,,,,KOSDAQ,82200,9042,85324,1.2,반도체와반도체장비
252990,샘씨엔에스,309.0,533.0,780.0,1092.0,,,-29.0,52.0,147.0,298.0,,,46.34,40.0,,,46.34,182.69,102.72,,,182.69,2년치 존재,2,,2.66,9.7,962467.0,up,74.5,14260.0,8760.0,up,bull,,,,,KOSDAQ,14260,8587,991,0.0,반도체와반도체장비
356860,티엘비,1713.0,1800.0,2585.0,3445.0,,,30.0,34.0,260.0,462.0,,,43.61,33.27,,,43.61,664.71,77.69,,,664.71,2년치 존재,2,119.45,2.71,15.99,357324.0,up,62.9,87500.0,47050.0,up,bull,,,,,KOSDAQ,87500,8604,269410,0.8,반도체와반도체장비
372320,큐로셀,,,,,,,,,,,,,,,,,,,,,,,0년치 존재,0,,166.87,-268.6,195997.0,down,51.1,65000.0,46300.0,up,bull,,,,,KOSDAQ,58100,8825,706287,3.6,생물공학
33500,동성화인텍,5338.0,5974.0,7422.0,8391.0,,,400.0,540.0,726.0,965.0,,,24.24,13.06,,,24.24,34.44,32.92,,,34.44,2년치 존재,2,12.27,2.07,24.23,223998.0,up,59.3,30850.0,21750.0,up,bull,,,,,KOSDAQ,29000,8697,138961,0.6,화학
77360,덕산하이메탈,1445.0,2359.0,2364.0,3229.0,,,-110.0,186.0,28.0,298.0,,,0.21,36.59,,,36.59,-84.95,964.29,,,964.29,2년치 존재,2,57.48,1.12,-40.79,2720606.0,up,70.2,18360.0,8970.0,up,bull,,,,,KOSDAQ,18360,8342,2476632,0.9,반도체와반도체장비
425420,티에프이,803.0,736.0,1117.0,1518.0,,,92.0,44.0,191.0,336.0,,,51.77,35.9,,,51.77,334.09,75.92,,,334.09,2년치 존재,2,36.88,5.75,19.3,209245.0,up,60.6,69000.0,34800.0,up,bull,,,,,KOSDAQ,67000,8273,329673,1.6,반도체와반도체장비
112040,위메이드,6053.0,7119.0,6140.0,7140.0,,,-1104.0,71.0,107.0,730.0,,,-13.75,16.29,,,16.29,50.7,582.24,,,582.24,2년치 존재,2,,8.21,-4.45,246381.0,up,60.1,29900.0,19400.0,mixed,bull,,,,,KOSDAQ,24950,8470,418233,1.7,게임엔터테인먼트
253590,네오셈,1009.0,1052.0,639.0,,,,81.0,165.0,41.0,,,,-39.26,,,,-39.26,-75.15,,,,-75.15,1년치 존재,1,37.87,3.74,4.54,1299365.0,up,58.2,20300.0,13550.0,mixed,bull,,,,,KOSDAQ,18670,8190,2956,0.0,반도체와반도체장비
9520,포스코엠텍,3414.0,3466.0,3574.0,,,,45.0,14.0,10.0,,,,3.12,,,,3.12,-28.57,,,,-28.57,1년치 존재,1,251.48,10.57,1.25,480372.0,up,54.9,21450.0,15420.0,up,bull,,,,,KOSDAQ,19920,8295,484516,1.0,철강
102710,이엔에프테크놀로지,5311.0,5824.0,6709.0,7402.0,,,239.0,593.0,781.0,844.0,,,15.2,10.33,,,15.2,31.7,8.07,,,31.7,2년치 존재,2,,0.98,12.29,117348.0,up,54.9,62700.0,45500.0,mixed,bull,,,,,KOSDAQ,57900,8273,101058,0.9,반도체와반도체장비
399720,가온칩스,636.0,965.0,685.0,,,,44.0,35.0,-167.0,,,,-29.02,,,,-29.02,-577.14,,,,-577.14,1년치 존재,1,103.58,10.6,-23.17,172303.0,up,55.7,79900.0,52800.0,up,bull,,,,,KOSDAQ,70400,8167,185641,1.1,반도체와반도체장비
389470,인벤티지랩,7.0,18.0,29.0,,,,-160.0,-190.0,-284.0,,,,61.11,,,,61.11,-49.47,,,,-49.47,1년치 존재,1,,34.67,-17.44,92555.0,up,43.1,99500.0,59000.0,mixed,bull,,,,,KOSDAQ,61500,8166,62036,0.7,제약
84110,휴온스글로벌,7584.0,8135.0,8475.0,,,,1140.0,970.0,906.0,,,,4.18,,,,4.18,-6.6,,,,-6.6,1년치 존재,1,7.78,0.58,5.41,68167.0,down,52.9,75300.0,50200.0,mixed,bull,,,,,KOSDAQ,63100,7988,46636,0.7,제약
348340,뉴로메카,137.0,253.0,190.0,,,,-148.0,-190.0,-149.0,,,,-24.9,,,,-24.9,21.58,,,,21.58,1년치 존재,1,,16.26,-177.44,389672.0,down,48.3,98000.0,56400.0,mixed,bull,,,,,KOSDAQ,64800,8011,318,0.0,기계
60250,NHN KCP,9720.0,11053.0,12349.0,13908.0,,,420.0,438.0,547.0,626.0,,,11.73,12.62,,,12.62,24.89,14.44,,,24.89,2년치 존재,2,11.7,1.78,16.35,994424.0,down,53.2,23800.0,15280.0,mixed,bull,,,,,KOSDAQ,19650,7892,325988,0.3,IT서비스
327260,RF머트리얼즈,479.0,445.0,641.0,966.0,,,-0.0,-15.0,74.0,150.0,,,44.04,50.7,,,50.7,593.33,102.7,,,593.33,2년치 존재,2,,2.02,15.05,426344.0,down,56.9,107300.0,33200.0,up,bear,,,,,KOSDAQ,93300,7926,559,0.0,우주항공과국방
52400,코나아이,2802.0,2363.0,3092.0,,,,337.0,334.0,889.0,,,,30.85,,,,30.85,166.17,,,,166.17,1년치 존재,1,9.2,1.37,32.62,126629.0,down,41.3,71100.0,51900.0,down,bear,,,,,KOSDAQ,54400,7922,101818,0.8,IT서비스
225570,넥슨게임즈,1933.0,2561.0,1793.0,,,,120.0,387.0,-602.0,,,,-29.99,,,,-29.99,-255.56,,,,-255.56,1년치 존재,1,87.24,3.64,-21.79,133214.0,down,51.3,12750.0,10440.0,up,bear_cross,,,,,KOSDAQ,11860,7811,145377,1.1,게임엔터테인먼트
89890,코세스,957.0,692.0,824.0,1842.0,,,80.0,-56.0,174.0,471.0,,,19.08,123.54,,,123.54,410.71,170.69,,,410.71,2년치 존재,2,25.67,2.69,19.58,299356.0,up,81.2,47400.0,18870.0,up,bull,,,,,KOSDAQ,47400,7861,179,0.0,반도체와반도체장비
368770,파이버프로,194.0,329.0,435.0,,,,26.0,72.0,101.0,,,,32.22,,,,32.22,40.28,,,,40.28,1년치 존재,1,38.54,3.4,22.06,1774378.0,down,54.2,26500.0,12020.0,up,bear,,,,,KOSDAQ,23550,7737,1460,0.0,전자장비와기기
102940,코오롱생명과학,1246.0,1614.0,2090.0,,,,-241.0,-221.0,176.0,,,,29.49,,,,29.49,179.64,,,,179.64,1년치 존재,1,,2.13,6.81,27597.0,up,51.1,70800.0,50500.0,mixed,bull,,,,,KOSDAQ,58600,7671,26400,1.0,제약
86900,메디톡스,2211.0,2286.0,2473.0,2851.0,,,173.0,203.0,170.0,302.0,,,8.18,15.29,,,15.29,-16.26,77.65,,,77.65,2년치 존재,2,189.7,3.68,3.61,33110.0,down,47.4,134300.0,97400.0,mixed,bull,,,,,KOSDAQ,105500,7700,30718,0.9,생물공학
214430,아이쓰리시스템,1215.0,1207.0,1243.0,1445.0,,,122.0,148.0,165.0,188.0,,,2.98,16.25,,,16.25,11.49,13.94,,,13.94,2년치 존재,2,17.96,2.45,14.81,78587.0,up,50.9,129900.0,89400.0,mixed,bull,,,,,KOSDAQ,104000,7600,50928,0.6,우주항공과국방
24850,HLB이노베이션,206.0,254.0,323.0,350.0,,,-9.0,-119.0,-376.0,-350.0,,,27.17,8.36,,,27.17,-215.97,6.91,,,6.91,2년치 존재,2,,0.73,-14.64,,,,,,,,,,,,KOSDAQ,4620,7271,0,,반도체와반도체장비
376300,디어유,757.0,749.0,838.0,1029.0,,,286.0,254.0,314.0,478.0,,,11.88,22.79,,,22.79,23.62,52.23,,,52.23,2년치 존재,2,29.04,4.49,9.18,106205.0,down,47.9,43350.0,28850.0,mixed,bull,,,,,KOSDAQ,32250,7656,157081,1.5,양방향미디어와서비스
348210,넥스틴,879.0,1137.0,669.0,1114.0,,,362.0,470.0,-12.0,269.0,,,-41.16,66.52,,,66.52,-102.55,2341.67,,,2341.67,2년치 존재,2,22.69,5.57,-1.6,87733.0,down,40.7,87600.0,62500.0,mixed,bear_cross,,,,,KOSDAQ,69700,7302,126514,1.4,반도체와반도체장비
475960,토모큐브,37.0,59.0,113.0,232.0,,,-67.0,-88.0,-56.0,22.0,,,91.53,105.31,,,105.31,36.36,139.29,,,139.29,2년치 존재,2,,19.16,-11.91,74277.0,down,52.6,66300.0,48000.0,mixed,bull,,,,,KOSDAQ,55800,7468,99456,1.3,생명과학도구및서비스
199800,툴젠,11.0,9.0,13.0,,,,-171.0,-218.0,-233.0,,,,44.44,,,,44.44,-6.88,,,,-6.88,1년치 존재,1,,18.47,-64.34,60041.0,down,55.5,99900.0,42200.0,up,bear_cross,,,,,KOSDAQ,83500,7510,47676,0.8,생물공학
486990,노타,36.0,84.0,131.0,257.0,,,-113.0,-120.0,-153.0,-46.0,,,55.95,96.18,,,96.18,-27.5,69.93,,,69.93,2년치 존재,2,,27.53,-22.36,225741.0,down,49.4,46650.0,29200.0,mixed,bull,,,,,KOSDAQ,35450,7567,323974,1.4,IT서비스
493280,아이엠바이오로직스,,276.0,116.0,,,,-86.0,140.0,3.0,,,,-57.97,,,,-57.97,-97.86,,,,-97.86,1년치 존재,1,,8.42,-47.26,165284.0,up,42.1,104000.0,43600.0,down,bull,,,,,KOSDAQ,48600,7195,129,0.0,제약
33640,네패스,4690.0,4643.0,5214.0,5722.0,,,101.0,34.0,238.0,406.0,,,12.3,9.74,,,12.3,600.0,70.59,,,600.0,2년치 존재,2,,3.02,18.57,548078.0,up,70.0,34650.0,14670.0,up,bull,,,,,KOSDAQ,32000,7379,288212,0.5,반도체와반도체장비
41960,코미팜,426.0,588.0,525.0,,,,-63.0,62.0,20.0,,,,-10.71,,,,-10.71,-67.74,,,,-67.74,1년치 존재,1,,5.22,-10.94,450217.0,down,57.8,10310.0,7090.0,up,bull,,,,,KOSDAQ,9720,7182,206518,0.5,제약
278280,천보,1827.0,1449.0,1338.0,1936.0,2574.0,,-80.0,-228.0,37.0,-134.0,199.0,,-7.66,44.69,32.95,,44.69,116.23,-462.16,248.51,,248.51,3년치 존재,3,,3.69,-14.64,199783.0,up,54.1,70000.0,40500.0,up,bear_cross,,,,,KOSDAQ,62600,7590,98497,0.5,전기제품
15750,성우하이텍,43220.0,42451.0,43827.0,,,,2567.0,2059.0,2427.0,,,,3.24,,,,3.24,17.87,,,,17.87,1년치 존재,1,4.46,0.57,10.52,731367.0,up,49.7,11310.0,6840.0,up,bull,,,,,KOSDAQ,8890,7112,875725,1.2,자동차부품
59090,미코,3817.0,5405.0,9770.0,,,,299.0,946.0,1010.0,,,,80.76,,,,80.76,6.77,,,,6.77,1년치 존재,1,,3.77,27.23,900714.0,up,69.4,24050.0,12510.0,up,bull,,,,,KOSDAQ,22650,7569,1918005,2.1,반도체와반도체장비
31330,에스에이엠티,21451.0,28895.0,37566.0,,,,535.0,674.0,1139.0,,,,30.01,,,,30.01,68.99,,,,68.99,1년치 존재,1,8.33,0.71,16.55,722025.0,down,66.9,7400.0,4455.0,up,bull,,,,,KOSDAQ,7070,7070,373625,0.5,전자장비와기기
90360,로보스타,1027.0,891.0,757.0,,,,11.0,1.0,-57.0,,,,-15.04,,,,-15.04,-5800.0,,,,-5800.0,1년치 존재,1,418.94,3.23,-5.82,78247.0,up,65.1,86200.0,55500.0,mixed,bull,,,,,KOSDAQ,72900,7108,158548,2.0,기계
460930,현대힘스,1892.0,2232.0,2482.0,,,,145.0,215.0,288.0,,,,11.2,,,,11.2,33.95,,,,33.95,1년치 존재,1,28.24,2.79,8.8,429435.0,up,53.2,22400.0,15300.0,up,bull,,,,,KOSDAQ,19900,7067,259377,0.6,조선
272290,이녹스첨단소재,3870.0,4228.0,4396.0,5076.0,,,422.0,868.0,819.0,740.0,,,3.97,15.47,,,15.47,-5.65,-9.65,,,-5.65,2년치 존재,2,19.7,1.55,13.55,264026.0,down,52.3,42050.0,27850.0,mixed,bull,,,,,KOSDAQ,34300,6839,145,0.0,디스플레이장비및부품
25980,아난티,8973.0,2852.0,2581.0,,,,2670.0,8.0,83.0,,,,-9.5,,,,-9.5,937.5,,,,937.5,1년치 존재,1,5.8,0.93,-5.62,959101.0,down,45.7,8900.0,6650.0,down,bull,,,,,KOSDAQ,7060,6869,803999,0.8,"호텔,레스토랑,레저"
200710,에이디테크놀로지,1002.0,1065.0,1645.0,2711.0,,,-174.0,-170.0,29.0,210.0,,,54.46,64.8,,,64.8,117.06,624.14,,,624.14,2년치 존재,2,,2.86,2.71,370014.0,up,48.5,60500.0,35000.0,up,bear_cross,,,,,KOSDAQ,52300,7041,537223,1.5,반도체와반도체장비
53800,안랩,2392.0,2606.0,2677.0,,,,264.0,277.0,333.0,,,,2.72,,,,2.72,20.22,,,,20.22,1년치 존재,1,19.26,2.12,14.68,52458.0,down,48.4,69000.0,58000.0,up,bear_cross,,,,,KOSDAQ,63100,7021,38163,0.7,소프트웨어
60280,큐렉소,729.0,555.0,745.0,902.0,,,11.0,-58.0,24.0,66.0,,,34.23,21.07,,,34.23,141.38,175.0,,,175.0,2년치 존재,2,,7.59,2.92,836720.0,up,53.7,20350.0,13560.0,mixed,bull,,,,,KOSDAQ,16480,6800,1135668,1.4,건강관리장비와용품
383310,에코프로에이치엔,2289.0,2345.0,1411.0,,,,418.0,242.0,117.0,,,,-39.83,,,,-39.83,-51.65,,,,-51.65,1년치 존재,1,33.34,10.08,4.4,248789.0,up,50.3,39100.0,27900.0,mixed,bull,,,,,KOSDAQ,31900,6691,608,0.0,상업서비스와공급품
393890,더블유씨피,3050.0,3221.0,1108.0,2357.0,,,464.0,-709.0,-1276.0,-417.0,,,-65.6,112.73,,,112.73,-79.97,67.32,,,67.32,2년치 존재,2,27.96,1.5,-17.4,1968570.0,up,63.7,20650.0,7840.0,up,bull,,,,,KOSDAQ,19520,6606,1065553,0.5,전기제품
67160,SOOP,3440.0,4132.0,4666.0,4805.0,,,903.0,1135.0,1248.0,1196.0,,,12.92,2.98,,,12.92,9.96,-4.17,,,9.96,2년치 존재,2,13.19,3.15,24.08,35108.0,down,38.3,72000.0,57200.0,mixed,bull,,,,,KOSDAQ,58400,6713,49939,1.4,양방향미디어와서비스
125490,한라캐스트,1220.0,1444.0,1559.0,1792.0,,,148.0,123.0,103.0,145.0,,,7.96,14.95,,,14.95,-16.26,40.78,,,40.78,2년치 존재,2,165.42,5.92,6.52,1293818.0,up,58.2,22800.0,13060.0,mixed,bull,,,,,KOSDAQ,17130,6253,2098,0.0,자동차부품
336570,원텍,1156.0,1153.0,1568.0,1935.0,,,460.0,348.0,517.0,617.0,,,35.99,23.41,,,35.99,48.56,19.34,,,48.56,2년치 존재,2,21.17,8.29,24.8,447380.0,down,47.5,9300.0,6600.0,mixed,bull,,,,,KOSDAQ,7320,6557,352508,0.8,건강관리장비와용품
354320,알멕,2160.0,1569.0,1878.0,2323.0,,,159.0,-27.0,62.0,145.0,,,19.69,23.7,,,23.7,329.63,133.87,,,329.63,2년치 존재,2,,2.23,-0.9,209805.0,up,73.6,101400.0,42500.0,up,bull,,,,,KOSDAQ,100400,6417,101914,0.5,자동차부품
101930,인화정공,1040.0,928.0,1080.0,,,,49.0,103.0,155.0,,,,16.38,,,,16.38,50.49,,,,50.49,1년치 존재,1,43.53,0.63,8.5,14559.0,down,20.2,53000.0,13520.0,,bear,,,,,KOSDAQ,13520,6241,117544,8.1,조선
89010,켐트로닉스,5423.0,5752.0,6375.0,8004.0,,,191.0,373.0,232.0,404.0,,,10.83,25.55,,,25.55,-37.8,74.14,,,74.14,2년치 존재,2,,2.24,4.6,359755.0,up,61.5,40300.0,25000.0,up,bull,,,,,KOSDAQ,37400,6272,522402,1.5,전자장비와기기
448900,한국피아이엠,380.0,374.0,369.0,450.0,,,43.0,36.0,15.0,54.0,,,-1.34,21.95,,,21.95,-58.33,260.0,,,260.0,2년치 존재,2,42.23,1.36,-0.11,199767.0,up,54.4,169900.0,60500.0,mixed,bull,,,,,KOSDAQ,107700,6542,338101,1.7,자동차부품
104830,원익머트리얼즈,3917.0,3107.0,3225.0,3768.0,,,247.0,519.0,565.0,708.0,,,3.8,16.84,,,16.84,8.86,25.31,,,25.31,2년치 존재,2,27.37,0.85,9.68,98431.0,down,62.6,54900.0,37500.0,up,bull,,,,,KOSDAQ,52300,6594,70397,0.7,화학
187660,페니트리움바이오,138.0,97.0,93.0,,,,-19.0,-159.0,-74.0,,,,-4.12,,,,-4.12,53.46,,,,53.46,1년치 존재,1,,1.59,-104.62,3338532.0,down,42.8,18670.0,3000.0,,bear,,,,,KOSDAQ,11210,6218,4460,0.0,제약
42000,카페24,2711.0,3025.0,3148.0,,,,15.0,319.0,402.0,,,,4.07,,,,4.07,26.02,,,,26.02,1년치 존재,1,65.33,3.71,16.23,68083.0,down,34.3,40100.0,25100.0,down,bull,,,,,KOSDAQ,25100,6088,122726,1.8,IT서비스
33160,엠케이전자,11170.0,11706.0,14038.0,21444.0,,,465.0,561.0,142.0,1168.0,,,19.92,52.76,,,52.76,-74.69,722.54,,,722.54,2년치 존재,2,,0.69,0.37,1390720.0,up,65.2,30450.0,8210.0,up,bull,,,,,KOSDAQ,27900,6711,345,0.0,반도체와반도체장비
468530,프로티나,6.0,23.0,30.0,,,,-73.0,-91.0,-114.0,,,,30.43,,,,30.43,-25.27,,,,-25.27,1년치 존재,1,,21.74,-40.84,106656.0,down,37.5,90800.0,55300.0,mixed,bull,,,,,KOSDAQ,56400,6170,167574,1.6,생물공학
99190,아이센스,2651.0,2911.0,3154.0,3267.0,,,109.0,27.0,79.0,50.0,,,8.35,3.58,,,8.35,192.59,-36.71,,,192.59,2년치 존재,2,212.12,2.77,-1.61,115312.0,down,54.3,27000.0,17100.0,mixed,bull,,,,,KOSDAQ,21200,6085,80215,0.7,건강관리장비와용품
107640,한중엔시에스,1216.0,1773.0,1753.0,2676.0,,,-127.0,96.0,40.0,170.0,,,-1.13,52.65,,,52.65,-58.33,325.0,,,325.0,2년치 존재,2,,9.51,4.52,375946.0,up,62.1,72500.0,40350.0,up,bull,,,,,KOSDAQ,67100,6083,211,0.0,전기장비
6910,보성파워텍,785.0,771.0,1475.0,,,,33.0,48.0,268.0,,,,91.31,,,,91.31,458.33,,,,458.33,1년치 존재,1,36.86,1.88,20.26,5381953.0,up,61.2,12850.0,7390.0,up,bull,,,,,KOSDAQ,12080,5935,13083,0.0,전기장비
119850,지엔씨에너지,1664.0,2263.0,2626.0,,,,110.0,317.0,494.0,,,,16.04,,,,16.04,55.84,,,,55.84,1년치 존재,1,6.15,0.52,21.15,172387.0,up,59.8,40450.0,29650.0,mixed,bull,,,,,KOSDAQ,36650,6029,424310,2.5,전기장비
36620,감성코퍼레이션,1779.0,2204.0,2502.0,3055.0,,,322.0,361.0,446.0,579.0,,,13.52,22.1,,,22.1,23.55,29.82,,,29.82,2년치 존재,2,11.81,3.68,28.75,574884.0,up,61.7,7370.0,5160.0,mixed,bull,,,,,KOSDAQ,6530,5910,378991,0.7,"섬유,의류,신발,호화품"
18290,브이티,2955.0,4317.0,4372.0,4760.0,,,455.0,1109.0,829.0,681.0,,,1.27,8.87,,,8.87,-25.25,-17.85,,,-17.85,2년치 존재,2,21.04,4.99,25.66,261255.0,up,57.4,20950.0,14310.0,mixed,bull,,,,,KOSDAQ,16960,5926,282489,1.1,화장품
19210,와이지-원,5532.0,5750.0,6394.0,,,,547.0,558.0,665.0,,,,11.2,,,,11.2,19.18,,,,19.18,1년치 존재,1,8.39,0.56,6.14,1101410.0,up,59.8,16930.0,8000.0,up,bull,,,,,KOSDAQ,15800,5877,623661,0.6,기계
122640,예스티,798.0,1001.0,871.0,1472.0,,,-4.0,113.0,38.0,262.0,,,-12.99,69.0,,,69.0,-66.37,589.47,,,589.47,2년치 존재,2,,4.04,-0.45,323488.0,down,54.6,29700.0,18620.0,up,bull,,,,,KOSDAQ,27200,5807,235666,0.7,반도체와반도체장비
39440,에스티아이,3195.0,3340.0,3281.0,6571.0,,,239.0,273.0,197.0,1015.0,,,-1.77,100.27,,,100.27,-27.84,415.23,,,415.23,2년치 존재,2,19.43,1.83,5.63,279690.0,up,61.0,40800.0,28450.0,up,bull,,,,,KOSDAQ,37400,5800,330780,1.2,반도체와반도체장비
25900,동화기업,9632.0,8428.0,8296.0,8614.0,,,-166.0,75.0,-138.0,-9.0,,,-1.57,3.83,,,3.83,-284.0,93.48,,,93.48,2년치 존재,2,,1.27,-5.43,295535.0,up,53.4,12600.0,7960.0,up,bear_cross,,,,,KOSDAQ,11600,5865,225867,0.8,건축자재
45100,한양이엔지,10262.0,11863.0,11182.0,,,,851.0,862.0,537.0,,,,-5.74,,,,-5.74,-37.7,,,,-37.7,1년치 존재,1,3.61,0.49,6.81,166139.0,down,49.0,34950.0,27250.0,up,bear_cross,,,,,KOSDAQ,32150,5626,128118,0.8,반도체와반도체장비
47920,HLB제약,1360.0,1371.0,2056.0,,,,-195.0,15.0,11.0,,,,49.96,,,,49.96,-26.67,,,,-26.67,1년치 존재,1,,5.23,4.44,141138.0,down,50.7,19410.0,13880.0,mixed,bear,,,,,KOSDAQ,17300,5674,78467,0.6,제약
287840,인투셀,16.0,29.0,23.0,,,,-174.0,-98.0,-103.0,,,,-20.69,,,,-20.69,-5.1,,,,-5.1,1년치 존재,1,,22.52,-65.72,71997.0,down,37.9,52700.0,37150.0,down,bear,,,,,KOSDAQ,37150,5581,99703,1.4,제약
168360,펨트론,737.0,570.0,699.0,1539.0,,,81.0,-36.0,32.0,451.0,,,22.63,120.17,,,120.17,188.89,1309.38,,,1309.38,2년치 존재,2,26.79,5.89,-14.17,152002.0,up,63.6,31550.0,17250.0,up,bull,,,,,KOSDAQ,25800,5492,327208,2.2,전자장비와기기
64260,다날,2955.0,2609.0,2254.0,,,,35.0,14.0,23.0,,,,-13.61,,,,-13.61,64.29,,,,64.29,1년치 존재,1,,1.07,-21.22,9288667.0,down,46.0,9620.0,5870.0,down,bear,,,,,KOSDAQ,7330,5545,1606293,0.2,IT서비스
41190,우리기술투자,1707.0,1923.0,1629.0,,,,1539.0,1757.0,1381.0,,,,-15.29,,,,-15.29,-21.4,,,,-21.4,1년치 존재,1,4.43,0.96,15.32,857422.0,down,44.3,8460.0,6100.0,mixed,bull,,,,,KOSDAQ,6490,5452,6337,0.0,창업투자
25320,시노펙스,2622.0,2383.0,2615.0,,,,242.0,212.0,68.0,,,,9.74,,,,9.74,-67.92,,,,-67.92,1년치 존재,1,42.37,4.7,4.34,576082.0,up,44.3,7990.0,5400.0,mixed,bull,,,,,KOSDAQ,5940,5474,617983,1.1,핸드셋
394280,오픈엣지테크놀로지,196.0,153.0,161.0,312.0,,,-159.0,-246.0,-289.0,-10.0,,,5.23,93.79,,,93.79,-17.48,96.54,,,96.54,2년치 존재,2,,26.76,-77.48,405061.0,up,64.8,21400.0,11900.0,up,bull,,,,,KOSDAQ,20450,5388,456775,1.1,반도체와반도체장비
101160,월덱스,2881.0,3068.0,2918.0,,,,648.0,703.0,585.0,,,,-4.89,,,,-4.89,-16.79,,,,-16.79,1년치 존재,1,7.85,1.76,12.53,111731.0,up,55.8,34950.0,24700.0,up,bull,,,,,KOSDAQ,32750,5407,107657,1.0,반도체와반도체장비
98070,한텍,1786.0,1559.0,1719.0,1980.0,,,152.0,168.0,382.0,410.0,,,10.26,15.18,,,15.18,127.38,7.33,,,127.38,2년치 존재,2,10.71,3.24,22.45,187411.0,up,55.3,60200.0,30200.0,up,bull,,,,,KOSDAQ,47300,5260,116296,0.6,에너지장비및서비스
488900,비츠로넥스텍,455.0,304.0,368.0,,,,-79.0,-141.0,-74.0,,,,21.05,,,,21.05,47.52,,,,47.52,1년치 존재,1,,7.53,-13.92,219927.0,down,46.3,27750.0,14790.0,mixed,bull,,,,,KOSDAQ,18670,5410,139011,0.6,우주항공과국방
37460,삼지전자,25262.0,33597.0,42911.0,,,,783.0,1156.0,1624.0,,,,27.72,,,,27.72,40.48,,,,40.48,1년치 존재,1,4.38,0.38,16.89,247161.0,down,61.2,35050.0,19410.0,up,bear_cross,,,,,KOSDAQ,32700,5336,309,0.0,통신장비
211050,인카금융서비스,5568.0,8323.0,10218.0,12411.0,,,466.0,863.0,948.0,1267.0,,,22.77,21.46,,,22.77,9.85,33.65,,,33.65,2년치 존재,2,5.52,1.65,39.66,131366.0,down,35.1,15460.0,10820.0,down,bear,,,,,KOSDAQ,10820,5330,121370,0.9,손해보험
13030,하이록코리아,1888.0,1905.0,2146.0,2253.0,,,519.0,501.0,589.0,595.0,,,12.65,4.99,,,12.65,17.56,1.02,,,17.56,2년치 존재,2,7.29,0.83,11.35,115935.0,up,62.2,46000.0,32000.0,up,bull,,,,,KOSDAQ,44150,5196,91765,0.8,기계
290550,디케이티,2802.0,4033.0,4258.0,5122.0,,,147.0,231.0,216.0,233.0,,,5.58,20.29,,,20.29,-6.49,7.87,,,7.87,2년치 존재,2,34.0,1.19,12.05,554151.0,down,61.6,26700.0,9680.0,up,bull,,,,,KOSDAQ,25450,5090,390845,0.7,핸드셋
251970,펌텍코리아,2845.0,3375.0,3720.0,4221.0,,,353.0,484.0,565.0,655.0,,,10.22,13.47,,,13.47,16.74,15.93,,,16.74,2년치 존재,2,11.0,1.25,12.3,39129.0,down,31.4,63000.0,41400.0,down,bull,,,,,KOSDAQ,41400,5134,60714,1.6,포장재
117730,티로보틱스,667.0,607.0,438.0,,,,-82.0,-70.0,-119.0,,,,-27.84,,,,-27.84,-70.0,,,,-70.0,1년치 존재,1,,10.35,-103.92,195091.0,up,66.8,25600.0,16820.0,mixed,bull,,,,,KOSDAQ,22700,5121,601321,3.1,기계
67630,HLB생명과학,980.0,328.0,458.0,,,,-245.0,-238.0,-220.0,,,,39.63,,,,39.63,7.56,,,,7.56,1년치 존재,1,,5.21,-28.69,378727.0,down,48.7,4760.0,3340.0,up,bear,,,,,KOSDAQ,4175,5090,250656,0.7,건강관리장비와용품
79370,제우스,4029.0,4908.0,3833.0,,,,71.0,492.0,-45.0,,,,-21.9,,,,-21.9,-109.15,,,,-109.15,1년치 존재,1,48.79,1.59,-1.74,446000.0,up,48.0,19950.0,14460.0,mixed,bull,,,,,KOSDAQ,16110,4997,691,0.0,반도체와반도체장비
424870,이뮨온시아,1.0,7.0,1.0,,,,-118.0,-126.0,-280.0,,,,-85.71,,,,-85.71,-122.22,,,,-122.22,1년치 존재,1,,18.24,-114.39,239957.0,down,37.2,10540.0,6870.0,down,bull,,,,,KOSDAQ,6990,5198,199830,0.8,제약
93320,케이아이엔엑스,1227.0,1389.0,1592.0,,,,266.0,237.0,239.0,,,,14.61,,,,14.61,0.84,,,,0.84,1년치 존재,1,19.71,2.88,8.69,6589.0,down,43.7,135000.0,98700.0,down,bear,,,,,KOSDAQ,104300,5090,4363,0.7,IT서비스
101730,위메이드맥스,698.0,750.0,1488.0,,,,38.0,-81.0,-487.0,,,,98.4,,,,98.4,-501.23,,,,-501.23,1년치 존재,1,72.75,5.55,-7.42,230538.0,up,55.1,7050.0,4635.0,mixed,bull,,,,,KOSDAQ,5950,4986,284647,1.2,게임엔터테인먼트
484590,삼양컴텍,840.0,1416.0,1546.0,1799.0,,,59.0,181.0,266.0,325.0,,,9.18,16.36,,,16.36,46.96,22.18,,,46.96,2년치 존재,2,20.01,3.43,21.6,468650.0,up,54.4,15460.0,11170.0,mixed,bull,,,,,KOSDAQ,13040,5374,257536,0.5,우주항공과국방
69540,빛과전자,217.0,181.0,318.0,,,,-94.0,-103.0,-165.0,,,,75.69,,,,75.69,-60.19,,,,-60.19,1년치 존재,1,,1.25,-32.62,30038498.0,up,56.4,6520.0,891.0,,bear,,,,,KOSDAQ,5080,4973,5471471,0.2,통신장비
340570,티앤엘,1155.0,1749.0,1642.0,1993.0,,,308.0,570.0,464.0,577.0,,,-6.12,21.38,,,21.38,-18.6,24.35,,,24.35,2년치 존재,2,11.85,2.49,20.44,73555.0,down,57.7,65500.0,45550.0,up,bull,,,,,KOSDAQ,61200,4974,52484,0.7,건강관리장비와용품
230360,에코마케팅,3505.0,3572.0,4488.0,,,,551.0,470.0,454.0,,,,25.64,,,,25.64,-3.4,,,,-3.4,1년치 존재,1,8.29,1.48,6.99,41251.0,down,58.1,16040.0,15820.0,mixed,bear,,,,,KOSDAQ,16000,4960,53851,1.3,"섬유,의류,신발,호화품"
30520,한글과컴퓨터,2711.0,3048.0,3267.0,3859.0,,,342.0,404.0,364.0,546.0,,,7.19,18.12,,,18.12,-9.9,50.0,,,50.0,2년치 존재,2,23.54,1.02,9.61,137738.0,up,46.5,25450.0,18550.0,mixed,bull,,,,,KOSDAQ,20350,4921,88027,0.6,소프트웨어
78130,국일제지,531.0,564.0,678.0,,,,-16.0,-13.0,-5.0,,,,20.21,,,,20.21,61.54,,,,61.54,1년치 존재,1,,0.38,-1.53,21587358.0,up,63.0,473.0,274.0,,bull,,,,,KOSDAQ,436,4915,0,,종이와목재
317330,덕산테코피아,941.0,997.0,1121.0,2450.0,,,-62.0,-302.0,-430.0,54.0,,,12.44,118.55,,,118.55,-42.38,112.56,,,112.56,2년치 존재,2,,1.92,-48.94,428016.0,up,61.2,25650.0,14330.0,up,bull,,,,,KOSDAQ,24000,4914,281296,0.7,반도체와반도체장비
389650,넥스트바이오메디컬,49.0,95.0,165.0,230.0,,,-52.0,-36.0,-7.0,-63.0,,,73.68,39.39,,,73.68,80.56,-800.0,,,80.56,2년치 존재,2,106.08,10.15,-0.67,79004.0,down,39.2,80400.0,59400.0,down,bear,,,,,KOSDAQ,59500,4881,76071,1.0,건강관리장비와용품
215200,메가스터디교육,9352.0,9422.0,8849.0,8940.0,,,1274.0,1236.0,1210.0,1274.0,,,-6.08,1.03,,,1.03,-2.1,5.29,,,5.29,2년치 존재,2,7.58,1.47,18.03,28082.0,up,56.6,49450.0,42300.0,mixed,bull,,,,,KOSDAQ,47400,4913,27943,1.0,교육서비스
64820,케이프,5907.0,5165.0,5798.0,,,,410.0,390.0,500.0,,,,12.26,,,,12.26,28.21,,,,28.21,1년치 존재,1,5.46,0.58,23.12,448651.0,up,71.3,16900.0,9230.0,up,bull,,,,,KOSDAQ,15860,4894,219127,0.5,증권
114810,한솔아이원스,1239.0,1571.0,1988.0,2408.0,,,82.0,231.0,333.0,483.0,,,26.54,21.13,,,26.54,44.16,45.05,,,45.05,2년치 존재,2,136.31,1.8,14.49,605833.0,down,50.2,19670.0,12040.0,up,bear,,,,,KOSDAQ,16940,4844,459628,0.8,반도체와반도체장비
170920,엘티씨,1134.0,2770.0,3104.0,,,,-160.0,242.0,296.0,,,,12.06,,,,12.06,22.31,,,,22.31,1년치 존재,1,,1.59,4.05,322908.0,up,68.7,48000.0,19790.0,up,bull,,,,,KOSDAQ,45800,4838,238904,0.7,반도체와반도체장비
92870,엑시콘,823.0,316.0,660.0,1253.0,,,15.0,-159.0,1.0,136.0,,,108.86,89.85,,,108.86,100.63,13500.0,,,13500.0,2년치 존재,2,39.97,1.27,4.81,331835.0,up,67.5,37450.0,24500.0,up,bull,,,,,KOSDAQ,36700,4790,287911,0.9,반도체와반도체장비
215600,신라젠,39.0,39.0,92.0,,,,-213.0,-268.0,-256.0,,,,135.9,,,,135.9,4.48,,,,4.48,1년치 존재,1,,11.02,-20.0,1135890.0,down,39.1,4280.0,3070.0,mixed,bear,,,,,KOSDAQ,3495,4842,795290,0.7,제약
138080,오이솔루션,460.0,320.0,574.0,922.0,,,-311.0,-304.0,-160.0,49.0,,,79.38,60.63,,,79.38,47.37,130.62,,,130.62,2년치 존재,2,,1.21,-39.08,858067.0,down,47.9,47700.0,16040.0,mixed,bear,,,,,KOSDAQ,38700,4790,695675,0.8,통신장비
34950,한국기업평가,956.0,1041.0,1098.0,,,,258.0,327.0,343.0,,,,5.48,,,,5.48,4.89,,,,4.89,1년치 존재,1,17.02,3.2,20.08,2352.0,up,69.8,113900.0,96300.0,up,bull,,,,,KOSDAQ,106300,4827,3409,1.4,상업서비스와공급품
78350,한양디지텍,4788.0,5952.0,6511.0,,,,191.0,350.0,239.0,,,,9.39,,,,9.39,-31.71,,,,-31.71,1년치 존재,1,17.15,1.6,9.09,354505.0,up,55.2,34850.0,19970.0,up,bull,,,,,KOSDAQ,30950,4718,180065,0.5,반도체와반도체장비
110990,디아이티,1071.0,1167.0,1079.0,,,,86.0,241.0,231.0,,,,-7.54,,,,-7.54,-4.15,,,,-4.15,1년치 존재,1,26.42,1.81,13.5,167730.0,up,61.1,26650.0,18050.0,up,bull,,,,,KOSDAQ,24950,4716,167640,1.0,디스플레이장비및부품
95660,네오위즈,3656.0,3668.0,4327.0,4254.0,,,316.0,329.0,600.0,442.0,,,17.97,-1.69,,,17.97,82.37,-26.33,,,82.37,2년치 존재,2,12.06,1.11,9.81,47117.0,down,32.5,28750.0,22000.0,down,bear_cross,,,,,KOSDAQ,22000,4760,83518,1.8,게임엔터테인먼트
330860,네패스아크,1229.0,1193.0,1141.0,1301.0,,,7.0,-26.0,48.0,256.0,,,-4.36,14.02,,,14.02,284.62,433.33,,,433.33,2년치 존재,2,,1.47,2.04,646307.0,up,66.8,39000.0,15600.0,up,bull,,,,,KOSDAQ,37850,4612,652561,1.0,반도체와반도체장비
455900,엔젤로보틱스,51.0,42.0,46.0,,,,-65.0,-108.0,-103.0,,,,9.52,,,,9.52,4.63,,,,4.63,1년치 존재,1,,14.16,-26.63,59764.0,up,61.0,37200.0,24800.0,mixed,bull,,,,,KOSDAQ,30350,4628,169971,2.8,건강관리장비와용품
180400,DXVX,412.0,339.0,294.0,,,,-154.0,-216.0,-243.0,,,,-13.27,,,,-13.27,-12.5,,,,-12.5,1년치 존재,1,,7.32,-53.82,253021.0,down,47.2,5110.0,3710.0,mixed,bear,,,,,KOSDAQ,4625,4552,123675,0.5,건강관리업체및서비스
241520,DSC인베스트먼트,336.0,386.0,451.0,,,,175.0,150.0,223.0,,,,16.84,,,,16.84,48.67,,,,48.67,1년치 존재,1,5.98,0.81,14.58,1780759.0,up,61.3,18620.0,7970.0,up,bull,,,,,KOSDAQ,17060,4538,5982,0.0,창업투자
206650,유바이오로직스,694.0,960.0,1492.0,,,,77.0,343.0,607.0,,,,55.42,,,,55.42,76.97,,,,76.97,1년치 존재,1,,3.75,26.85,267757.0,down,40.1,16200.0,12500.0,down,bear_cross,,,,,KOSDAQ,12800,4701,298902,1.1,생물공학
80580,오킨스전자,569.0,667.0,944.0,1462.0,,,-3.0,19.0,111.0,274.0,,,41.53,54.87,,,54.87,484.21,146.85,,,484.21,2년치 존재,2,155.39,4.34,19.93,644329.0,down,54.2,25100.0,12810.0,up,bear,,,,,KOSDAQ,22050,4538,448217,0.7,반도체와반도체장비
234340,헥토파이낸셜,1531.0,1593.0,1874.0,2133.0,,,126.0,133.0,156.0,212.0,,,17.64,13.82,,,17.64,17.29,35.9,,,35.9,2년치 존재,2,22.37,1.69,5.89,1041406.0,down,56.8,40300.0,22550.0,mixed,bull,,,,,KOSDAQ,32150,4492,785,0.0,IT서비스
42370,비츠로테크,3529.0,4283.0,4323.0,,,,288.0,511.0,557.0,,,,0.93,,,,0.93,9.0,,,,9.0,1년치 존재,1,,0.96,2.68,1454772.0,up,63.9,17980.0,8640.0,up,bull,,,,,KOSDAQ,16950,4441,698785,0.5,전기제품
304360,에스바이오메딕스,131.0,137.0,165.0,170.0,,,-60.0,-54.0,-83.0,-80.0,,,20.44,3.03,,,20.44,-53.7,3.61,,,3.61,2년치 존재,2,,18.6,-79.08,79236.0,up,64.4,38500.0,24950.0,mixed,bull,,,,,KOSDAQ,36100,4471,119645,1.5,생물공학
78020,LS증권,13222.0,16537.0,22953.0,,,,332.0,218.0,222.0,,,,38.8,,,,38.8,1.83,,,,1.83,1년치 존재,1,9.84,0.28,2.62,197505.0,up,57.8,8600.0,5300.0,up,bull,,,,,KOSDAQ,7840,4350,382726,1.9,증권
91700,파트론,11724.0,14864.0,13495.0,14918.0,15385.0,,417.0,617.0,447.0,538.0,595.0,,-9.21,10.54,3.13,,10.54,-27.55,20.36,10.59,,20.36,3년치 존재,3,16.63,0.91,6.64,216907.0,down,52.9,8600.0,6930.0,up,bear_cross,,,,,KOSDAQ,8280,4554,258309,1.2,핸드셋
308430,셀비온,15.0,23.0,19.0,,,,-50.0,-71.0,-82.0,,,,-17.39,,,,-17.39,-15.49,,,,-15.49,1년치 존재,1,,20.41,-28.93,83340.0,up,60.2,40150.0,23050.0,up,bull,,,,,KOSDAQ,36250,4651,104721,1.3,제약
89980,상아프론테크,1836.0,1718.0,1960.0,2308.0,,,90.0,58.0,67.0,110.0,,,14.09,17.76,,,17.76,15.52,64.18,,,64.18,2년치 존재,2,29.73,1.8,3.34,184024.0,up,58.1,29250.0,16780.0,up,bull,,,,,KOSDAQ,27450,4389,113157,0.6,전자장비와기기
376270,HEM파마,53.0,151.0,130.0,,,,-118.0,-77.0,-156.0,,,,-13.91,,,,-13.91,-102.6,,,,-102.6,1년치 존재,1,,85.72,-153.3,23414.0,down,41.0,94000.0,56800.0,down,bull,,,,,KOSDAQ,59800,4297,36913,1.6,건강관리업체및서비스
378340,필에너지,1967.0,2854.0,332.0,,,,153.0,142.0,-222.0,,,,-88.37,,,,-88.37,-256.34,,,,-256.34,1년치 존재,1,,3.05,-11.36,399550.0,up,64.6,21850.0,12120.0,up,bull,,,,,KOSDAQ,19970,4319,273524,0.7,전기제품
389260,대명에너지,616.0,678.0,1310.0,,,,167.0,97.0,168.0,,,,93.22,,,,93.22,73.2,,,,73.2,1년치 존재,1,48.41,2.46,9.64,466603.0,up,56.3,27300.0,14000.0,up,bull,,,,,KOSDAQ,24250,4345,291902,0.6,에너지장비및서비스
419530,SAMG엔터,951.0,1164.0,1413.0,1695.0,,,-94.0,-61.0,226.0,306.0,,,21.39,19.96,,,21.39,470.49,35.4,,,470.49,2년치 존재,2,,3.51,54.69,132507.0,up,63.2,46350.0,28950.0,up,bull,,,,,KOSDAQ,42900,4287,213903,1.6,방송과엔터테인먼트
450950,아스테라시스,175.0,288.0,379.0,554.0,,,16.0,67.0,104.0,193.0,,,31.6,46.17,,,46.17,55.22,85.58,,,85.58,2년치 존재,2,49.44,9.12,27.74,54410.0,down,47.0,14830.0,9990.0,mixed,bull,,,,,KOSDAQ,11370,4278,28042,0.5,건강관리장비와용품
36170,에이치엠넥스,145.0,152.0,317.0,,,,0.0,3.0,24.0,,,,108.55,,,,108.55,700.0,,,,700.0,1년치 존재,1,6.73,0.46,3.81,4157306.0,up,59.4,7960.0,1530.0,up,bear,,,,,KOSDAQ,6990,4289,839,0.0,디스플레이장비및부품
394800,쓰리빌리언,27.0,58.0,117.0,193.0,,,-84.0,-74.0,-59.0,-36.0,,,101.72,64.96,,,101.72,20.27,38.98,,,38.98,2년치 존재,2,,18.25,-20.87,251961.0,up,54.5,15600.0,10750.0,mixed,bull,,,,,KOSDAQ,13510,4291,193412,0.8,건강관리기술
25770,한국정보통신,7251.0,7910.0,8363.0,,,,357.0,391.0,452.0,,,,5.73,,,,5.73,15.6,,,,15.6,1년치 존재,1,11.81,1.25,11.4,810739.0,down,56.8,15910.0,7350.0,up,bear_cross,,,,,KOSDAQ,11420,4276,263145,0.3,IT서비스
482630,삼양엔씨켐,986.0,1105.0,1254.0,1547.0,,,74.0,107.0,176.0,236.0,,,13.48,23.37,,,23.37,64.49,34.09,,,64.49,2년치 존재,2,16.65,3.55,14.69,286006.0,down,51.3,41300.0,15090.0,mixed,bull,,,,,KOSDAQ,19320,4229,210913,0.7,반도체와반도체장비
441270,파인엠텍,3800.0,3822.0,2391.0,5350.0,6937.0,,203.0,-79.0,19.0,422.0,652.0,,-37.44,123.76,29.66,,123.76,124.05,2121.05,54.5,,2121.05,3년치 존재,3,30.18,2.21,-8.89,613422.0,down,49.1,12000.0,7910.0,up,bear,,,,,KOSDAQ,10380,4328,345236,0.6,핸드셋
228760,지노믹트리,34.0,24.0,38.0,,,,-173.0,-153.0,-113.0,,,,58.33,,,,58.33,26.14,,,,26.14,1년치 존재,1,,3.9,-7.52,88395.0,down,42.6,24400.0,16710.0,mixed,bull,,,,,KOSDAQ,17150,4263,95808,1.1,건강관리장비와용품
42520,한스바이오메드,780.0,811.0,898.0,1372.0,,,-42.0,6.0,-259.0,151.0,,,10.73,52.78,,,52.78,-4416.67,158.3,,,158.3,2년치 존재,2,,4.22,-41.39,209442.0,down,37.9,55700.0,29400.0,down,bull,,,,,KOSDAQ,29400,4193,151787,0.7,건강관리장비와용품
69080,웹젠,1963.0,2147.0,1744.0,2086.0,,,499.0,546.0,297.0,377.0,,,-18.77,19.61,,,19.61,-45.6,26.94,,,26.94,2년치 존재,2,9.94,0.77,3.55,69521.0,down,44.5,15300.0,11580.0,down,bull,,,,,KOSDAQ,12160,4207,89518,1.3,게임엔터테인먼트
389500,에스비비테크,51.0,55.0,72.0,105.0,,,-56.0,-69.0,-69.0,-24.0,,,30.91,45.83,,,45.83,0.0,65.22,,,65.22,2년치 존재,2,,20.26,-76.71,202336.0,up,58.0,71900.0,45000.0,up,bull,,,,,KOSDAQ,64700,4306,190088,0.9,기계
352480,씨앤씨인터내셔널,2203.0,2829.0,2885.0,3070.0,,,321.0,290.0,222.0,290.0,,,1.98,6.41,,,6.41,-23.45,30.63,,,30.63,2년치 존재,2,19.89,3.61,5.1,22348.0,up,57.7,36550.0,24700.0,mixed,bull,,,,,KOSDAQ,29700,4048,24980,1.1,화장품
160980,싸이맥스,1566.0,1651.0,1644.0,,,,71.0,234.0,233.0,,,,-0.42,,,,-0.42,-0.43,,,,-0.43,1년치 존재,1,14.32,0.91,8.12,243385.0,up,74.3,39450.0,17420.0,up,bull,,,,,KOSDAQ,37200,4064,143,0.0,반도체와반도체장비
243840,신흥에스이씨,5399.0,4328.0,4082.0,5038.0,,,437.0,132.0,59.0,223.0,,,-5.68,23.42,,,23.42,-55.3,277.97,,,277.97,2년치 존재,2,13.75,1.26,-1.63,1020102.0,up,66.1,11300.0,5020.0,up,bull,,,,,KOSDAQ,10550,4068,594956,0.6,전기제품
179900,유티아이,194.0,186.0,200.0,2082.0,,,-197.0,-322.0,-483.0,440.0,,,7.53,941.0,,,941.0,-50.0,191.1,,,191.1,2년치 존재,2,,36.63,-53.43,139237.0,down,52.4,23800.0,15210.0,mixed,bull,,,,,KOSDAQ,20450,4047,103158,0.7,핸드셋
220100,퓨쳐켐,140.0,173.0,187.0,,,,-84.0,-95.0,-78.0,,,,8.09,,,,8.09,17.89,,,,17.89,1년치 존재,1,,3.66,-20.64,76774.0,down,41.2,25000.0,18210.0,mixed,bull,,,,,KOSDAQ,18340,4113,88624,1.2,제약
79940,가비아,2616.0,2824.0,3357.0,,,,426.0,351.0,405.0,,,,18.87,,,,18.87,15.38,,,,15.38,1년치 존재,1,14.13,1.5,9.3,52416.0,down,55.8,33950.0,25250.0,mixed,bull,,,,,KOSDAQ,30050,4033,11877,0.2,IT서비스
356680,엑스게이트,428.0,432.0,481.0,,,,41.0,35.0,38.0,,,,11.34,,,,11.34,8.57,,,,8.57,1년치 존재,1,567.02,4.3,8.36,4091275.0,up,62.6,16870.0,6120.0,up,bear_cross,,,,,KOSDAQ,14090,4022,2830535,0.7,소프트웨어
452280,한선엔지니어링,478.0,485.0,632.0,,,,62.0,49.0,98.0,,,,30.31,,,,30.31,100.0,,,,100.0,1년치 존재,1,26.93,2.87,14.04,688688.0,up,77.4,22000.0,8000.0,up,bull,,,,,KOSDAQ,22000,4234,6903,0.0,기계
49630,재영솔루텍,861.0,1114.0,1645.0,,,,67.0,100.0,107.0,,,,47.67,,,,47.67,7.0,,,,7.0,1년치 존재,1,41.99,0.81,9.88,2552118.0,up,94.2,17100.0,2705.0,,bull,,,,,KOSDAQ,17100,3998,2454645,1.0,핸드셋
73490,LIG아큐버,1374.0,1897.0,1861.0,2299.0,,,103.0,24.0,-11.0,197.0,,,-1.9,23.54,,,23.54,-145.83,1890.91,,,1890.91,2년치 존재,2,18.46,1.21,-0.71,550832.0,up,59.5,57400.0,29400.0,up,bear,,,,,KOSDAQ,52600,4000,266,0.0,통신장비
204620,글로벌텍스프리,817.0,1084.0,1541.0,1716.0,,,98.0,216.0,290.0,337.0,,,42.16,11.36,,,42.16,34.26,16.21,,,34.26,2년치 존재,2,,3.1,27.81,1223547.0,up,73.4,6000.0,4095.0,up,bull,,,,,KOSDAQ,5960,4189,2547941,2.1,기타금융
41830,인바디,1704.0,2045.0,2339.0,2704.0,,,383.0,367.0,368.0,456.0,,,14.38,15.6,,,15.6,0.27,23.91,,,23.91,2년치 존재,2,9.45,1.33,10.37,37394.0,up,49.8,35600.0,27400.0,mixed,bull,,,,,KOSDAQ,29500,3977,12305,0.3,건강관리장비와용품
114190,강원에너지,1392.0,2244.0,2123.0,,,,69.0,68.0,-61.0,,,,-5.39,,,,-5.39,-189.71,,,,-189.71,1년치 존재,1,106.37,11.98,-16.31,370948.0,up,54.6,16960.0,11370.0,up,bull,,,,,KOSDAQ,15330,4005,237646,0.6,전자장비와기기
355150,코스텍시스,115.0,142.0,152.0,397.0,,,-13.0,-19.0,2.0,96.0,,,7.04,161.18,,,161.18,110.53,4700.0,,,4700.0,2년치 존재,2,,3.24,-2.51,588615.0,up,86.6,51000.0,13180.0,up,bull,,,,,KOSDAQ,51000,3977,454850,0.8,반도체와반도체장비
84990,헬릭스미스,42.0,50.0,26.0,,,,-352.0,-180.0,-99.0,,,,-48.0,,,,-48.0,45.0,,,,45.0,1년치 존재,1,,1.96,-0.31,781552.0,up,54.3,9470.0,5320.0,up,bear,,,,,KOSDAQ,8620,3973,303854,0.4,생물공학
200670,휴메딕스,1523.0,1619.0,1701.0,1958.0,,,373.0,431.0,423.0,466.0,,,5.06,15.11,,,15.11,-1.86,10.17,,,10.17,2년치 존재,2,14.58,1.77,19.61,42587.0,down,50.1,46200.0,31950.0,mixed,bull,,,,,KOSDAQ,35350,3970,55740,1.3,제약
459510,나우로보틱스,104.0,121.0,125.0,,,,-55.0,-29.0,-82.0,,,,3.31,,,,3.31,-182.76,,,,-182.76,1년치 존재,1,,24.49,-75.89,186726.0,up,75.4,32600.0,17530.0,mixed,bull,,,,,KOSDAQ,30550,3965,1877331,10.1,기계
78340,컴투스,7396.0,6939.0,6964.0,7424.0,,,-332.0,61.0,26.0,294.0,,,0.36,6.61,,,6.61,-57.38,1030.77,,,1030.77,2년치 존재,2,15.92,0.5,3.72,45346.0,down,46.2,37100.0,29900.0,down,bear_cross,,,,,KOSDAQ,32750,3960,56895,1.3,게임엔터테인먼트
64290,인텍플러스,748.0,839.0,898.0,1098.0,,,-111.0,-156.0,-37.0,107.0,,,7.03,22.27,,,22.27,76.28,389.19,,,389.19,2년치 존재,2,,6.69,-7.24,616956.0,up,68.5,31450.0,13610.0,up,bull,,,,,KOSDAQ,30800,3962,553501,0.9,반도체와반도체장비
92190,서울바이오시스,5040.0,6992.0,7638.0,,,,-730.0,35.0,2.0,,,,9.24,,,,9.24,-94.29,,,,-94.29,1년치 존재,1,,10.11,-26.46,927664.0,up,88.2,8640.0,2745.0,up,bull,,,,,KOSDAQ,8640,3963,3827799,4.1,디스플레이장비및부품
298830,슈어소프트테크,633.0,888.0,939.0,,,,115.0,79.0,126.0,,,,5.74,,,,5.74,59.49,,,,59.49,1년치 존재,1,71.07,4.42,8.6,738784.0,up,51.5,8700.0,6300.0,mixed,bull,,,,,KOSDAQ,7500,4009,617712,0.8,소프트웨어
321550,티움바이오,49.0,68.0,123.0,,,,-278.0,-187.0,-161.0,,,,80.88,,,,80.88,13.9,,,,13.9,1년치 존재,1,,3.91,-37.23,574838.0,up,70.2,13140.0,5570.0,up,bull,,,,,KOSDAQ,13140,3942,1015953,1.8,제약
494120,큐리오시스,32.0,54.0,73.0,160.0,,,-66.0,-62.0,-75.0,-23.0,,,35.19,119.18,,,119.18,-20.97,69.33,,,69.33,2년치 존재,2,,14.04,-41.49,75640.0,down,42.6,85800.0,50300.0,mixed,bull,,,,,KOSDAQ,52000,3961,69331,0.9,생명과학도구및서비스
265520,AP시스템,5336.0,5167.0,4601.0,,,,601.0,472.0,333.0,,,,-10.95,,,,-10.95,-29.45,,,,-29.45,1년치 존재,1,5.68,1.04,6.76,168185.0,up,68.5,27400.0,19010.0,up,bull,,,,,KOSDAQ,26200,3943,194386,1.2,디스플레이장비및부품
230240,에치에프알,1642.0,1571.0,1420.0,1452.0,,,-84.0,-202.0,-16.0,-125.0,,,-9.61,2.25,,,2.25,92.08,-681.25,,,92.08,2년치 존재,2,127.22,1.33,-0.21,711439.0,down,54.2,33950.0,13630.0,mixed,bear,,,,,KOSDAQ,29500,3926,698576,1.0,통신장비
478340,나라스페이스테크놀로지,16.0,43.0,132.0,,,,-30.0,-44.0,-55.0,,,,206.98,,,,206.98,-25.0,,,,-25.0,1년치 존재,1,,8.26,-440.58,386795.0,down,40.4,61700.0,30750.0,mixed,bull,,,,,KOSDAQ,34100,3933,247091,0.6,우주항공과국방
41920,메디아나,784.0,570.0,649.0,1061.0,,,94.0,13.0,60.0,217.0,,,13.86,63.48,,,63.48,361.54,261.67,,,361.54,2년치 존재,2,12.95,1.14,4.01,153115.0,up,54.2,28650.0,17340.0,mixed,bull,,,,,KOSDAQ,21000,3906,217,0.0,건강관리장비와용품
35890,서희건설,14419.0,14736.0,11001.0,,,,2282.0,2357.0,1444.0,,,,-25.35,,,,-25.35,-38.74,,,,-38.74,1년치 존재,1,2.23,0.32,11.84,,,,,,,,,,,,KOSDAQ,1623,3730,0,,건설
94360,칩스앤미디어,276.0,271.0,285.0,313.0,,,78.0,53.0,70.0,79.0,,,5.17,9.82,,,9.82,32.08,12.86,,,32.08,2년치 존재,2,,9.09,7.39,128850.0,up,57.5,19820.0,14550.0,mixed,bull,,,,,KOSDAQ,18260,3896,178841,1.4,반도체와반도체장비
236200,슈프리마,946.0,1082.0,1373.0,1582.0,,,167.0,233.0,327.0,387.0,,,26.89,15.22,,,26.89,40.34,18.35,,,40.34,2년치 존재,2,6.53,0.7,12.75,38215.0,up,66.4,56000.0,42350.0,up,bull,,,,,KOSDAQ,55800,3892,23507,0.6,전자장비와기기
46120,오르비텍,640.0,665.0,579.0,,,,-43.0,7.0,-140.0,,,,-12.93,,,,-12.93,-2100.0,,,,-2100.0,1년치 존재,1,,1.75,0.13,3153305.0,up,54.9,13990.0,4265.0,up,bear,,,,,KOSDAQ,11630,3937,1525,0.0,에너지장비및서비스
332570,PS일렉트로닉스,681.0,1221.0,1255.0,,,,64.0,108.0,39.0,,,,2.78,,,,2.78,-63.89,,,,-63.89,1년치 존재,1,5.69,1.29,16.74,5522740.0,up,61.8,9330.0,4425.0,up,bull,,,,,KOSDAQ,8060,3810,4138700,0.7,핸드셋
84850,아이티엠반도체,5805.0,6479.0,6031.0,4129.0,,,-149.0,24.0,-70.0,104.0,,,-6.91,-31.54,,,-6.91,-391.67,248.57,,,248.57,2년치 존재,2,,2.88,-64.76,230722.0,up,57.5,18630.0,9000.0,up,bear,,,,,KOSDAQ,16980,3852,79735,0.3,전자장비와기기
217730,강스템바이오텍,127.0,77.0,36.0,,,,-228.0,-154.0,-177.0,,,,-53.25,,,,-53.25,-14.94,,,,-14.94,1년치 존재,1,,2.86,-39.5,1812922.0,down,57.9,4615.0,1819.0,up,bear,,,,,KOSDAQ,3995,3757,911506,0.5,생물공학
3800,에이스침대,3064.0,3260.0,3173.0,,,,570.0,662.0,541.0,,,,-2.67,,,,-2.67,-18.28,,,,-18.28,1년치 존재,1,5.7,0.43,7.69,5540.0,down,51.1,39450.0,32850.0,mixed,bull,,,,,KOSDAQ,34250,3798,4826,0.9,가구
475400,씨메스로보틱스,76.0,69.0,131.0,,,,-100.0,-143.0,-184.0,,,,89.86,,,,89.86,-28.67,,,,-28.67,1년치 존재,1,,6.39,-25.19,72734.0,down,49.6,42700.0,27400.0,mixed,bull,,,,,KOSDAQ,32200,3785,123972,1.7,기계
144510,지씨셀,1875.0,1745.0,1655.0,,,,41.0,-200.0,-138.0,,,,-5.16,,,,-5.16,31.0,,,,31.0,1년치 존재,1,,1.28,-84.71,32148.0,down,45.0,26550.0,21850.0,mixed,bear_cross,,,,,KOSDAQ,23750,3753,31560,1.0,건강관리업체및서비스
365270,큐라클,103.0,16.0,0.0,39.0,,,-105.0,-126.0,-165.0,-136.0,,,-100.0,,,,-100.0,-30.95,17.58,,,17.58,2년치 존재,2,,3.97,-54.03,219054.0,up,62.2,19710.0,11210.0,mixed,bull,,,,,KOSDAQ,17800,3903,205306,0.9,제약
93520,매커스,1754.0,1996.0,2272.0,2326.0,,,264.0,269.0,291.0,323.0,,,13.83,2.38,,,13.83,8.18,11.0,,,11.0,2년치 존재,2,9.98,1.26,19.3,60847.0,up,57.2,33300.0,21550.0,mixed,bull,,,,,KOSDAQ,26400,3739,53727,0.9,반도체와반도체장비
36890,진성티이씨,4851.0,3905.0,4638.0,5189.0,5798.0,,396.0,244.0,479.0,544.0,647.0,,18.77,11.88,11.74,,18.77,96.31,13.57,18.93,,96.31,3년치 존재,3,8.39,0.91,11.66,229052.0,up,56.5,18360.0,13040.0,up,bull,,,,,KOSDAQ,17800,3922,238493,1.0,기계
241770,메카로,386.0,629.0,946.0,,,,-76.0,41.0,154.0,,,,50.4,,,,50.4,275.61,,,,275.61,1년치 존재,1,,0.48,6.37,42013.0,down,46.4,42150.0,23350.0,up,bear,,,,,KOSDAQ,36500,3720,62641,1.5,반도체와반도체장비
448280,에코아이,648.0,258.0,309.0,,,,182.0,2.0,10.0,,,,19.77,,,,19.77,400.0,,,,400.0,1년치 존재,1,24.44,3.59,1.41,114656.0,up,63.2,13260.0,9720.0,up,bull,,,,,KOSDAQ,12540,3716,226814,2.0,상업서비스와공급품
318060,그래피,104.0,161.0,205.0,406.0,,,-70.0,-92.0,-111.0,14.0,,,27.33,98.05,,,98.05,-20.65,112.61,,,112.61,2년치 존재,2,,17.53,-93.7,263796.0,down,35.6,64000.0,33200.0,down,bull,,,,,KOSDAQ,33200,3694,429280,1.6,건강관리장비와용품
199820,제일일렉트릭,1440.0,1863.0,1960.0,,,,77.0,89.0,118.0,,,,5.21,,,,5.21,32.58,,,,32.58,1년치 존재,1,13.91,0.88,4.28,2334436.0,up,85.8,17260.0,8250.0,up,bull,,,,,KOSDAQ,17260,3835,20245741,8.7,전기장비
200470,에이팩트,937.0,867.0,1110.0,,,,-229.0,-215.0,53.0,,,,28.03,,,,28.03,124.65,,,,124.65,1년치 존재,1,,1.36,6.68,1101928.0,up,57.9,9560.0,6310.0,mixed,bull,,,,,KOSDAQ,8650,3664,1077,0.0,반도체와반도체장비
86390,유니테스트,1678.0,924.0,1102.0,2426.0,4165.0,,71.0,-234.0,-211.0,280.0,517.0,,19.26,120.15,71.68,,120.15,9.83,232.7,84.64,,232.7,3년치 존재,3,41.92,1.84,-19.3,302684.0,down,53.0,22700.0,13550.0,mixed,bull,,,,,KOSDAQ,18360,3880,531146,1.8,반도체와반도체장비
418550,제이오,1145.0,829.0,552.0,,,,120.0,-55.0,-42.0,,,,-33.41,,,,-33.41,23.64,,,,23.64,1년치 존재,1,48.64,5.98,-7.95,1185426.0,up,57.7,14400.0,6600.0,up,bull,,,,,KOSDAQ,11460,3669,414624,0.3,건설
425040,티이엠씨,2008.0,3102.0,2797.0,3094.0,,,211.0,197.0,248.0,303.0,,,-9.83,10.62,,,10.62,25.89,22.18,,,25.89,2년치 존재,2,24.02,3.11,8.37,2579106.0,up,73.6,17160.0,7740.0,up,bull,,,,,KOSDAQ,17160,3660,9492,0.0,반도체와반도체장비
65680,우주일렉트로,1599.0,1762.0,1864.0,,,,80.0,201.0,218.0,,,,5.79,,,,5.79,8.46,,,,8.46,1년치 존재,1,26.34,0.55,8.47,34886.0,up,75.7,40250.0,24500.0,up,bull,,,,,KOSDAQ,39700,3668,19892,0.6,핸드셋
46970,우리로,546.0,474.0,425.0,,,,-34.0,-30.0,-7.0,,,,-10.34,,,,-10.34,76.67,,,,76.67,1년치 존재,1,,1.68,-2.0,18627135.0,down,51.3,14200.0,1211.0,,bear,,,,,KOSDAQ,8350,3659,8087,0.0,컴퓨터와주변기기
65660,안트로젠,65.0,69.0,75.0,,,,-51.0,-38.0,-24.0,,,,8.7,,,,8.7,36.84,,,,36.84,1년치 존재,1,,1.28,-1.39,37484.0,up,38.2,58000.0,35900.0,down,bull,,,,,KOSDAQ,36000,3602,22635,0.6,제약
14940,오리엔탈정공,1575.0,2073.0,2073.0,,,,128.0,249.0,243.0,,,,0.0,,,,0.0,-2.41,,,,-2.41,1년치 존재,1,14.6,1.5,16.26,491530.0,up,57.0,8600.0,6110.0,up,bull,,,,,KOSDAQ,7940,3619,307186,0.6,조선
92460,한라IMS,789.0,1042.0,1335.0,,,,54.0,160.0,223.0,,,,28.12,,,,28.12,39.38,,,,39.38,1년치 존재,1,1.61,0.67,13.76,164597.0,up,74.5,21000.0,13160.0,up,bull,,,,,KOSDAQ,20950,3584,179969,1.1,조선
53030,바이넥스,1548.0,1301.0,1685.0,1947.0,,,10.0,-308.0,-45.0,46.0,,,29.52,15.55,,,29.52,85.39,202.22,,,202.22,2년치 존재,2,60.86,1.53,-1.75,142150.0,down,38.2,15890.0,10700.0,mixed,bull,,,,,KOSDAQ,11020,3602,200962,1.4,제약
99430,바이오플러스,650.0,664.0,909.0,,,,280.0,237.0,150.0,,,,36.9,,,,36.9,-36.71,,,,-36.71,1년치 존재,1,16.3,3.22,9.73,343205.0,down,57.7,6040.0,4550.0,up,bull,,,,,KOSDAQ,5780,3563,478213,1.4,건강관리장비와용품
91580,상신이디피,3016.0,2451.0,2501.0,3250.0,,,302.0,-65.0,87.0,313.0,,,2.04,29.95,,,29.95,233.85,259.77,,,259.77,2년치 존재,2,8.22,1.45,1.28,702098.0,up,59.6,30700.0,12990.0,up,bull,,,,,KOSDAQ,26600,3545,230,0.0,전기제품
451760,컨텍,158.0,690.0,869.0,1200.0,,,-100.0,-122.0,-162.0,-60.0,,,25.94,38.09,,,38.09,-32.79,62.96,,,62.96,2년치 존재,2,,2.04,-8.36,521939.0,up,59.9,23100.0,14050.0,up,bull,,,,,KOSDAQ,22500,3559,802,0.0,우주항공과국방
88800,에이스테크,1400.0,1451.0,1784.0,,,,-623.0,-311.0,-222.0,,,,22.95,,,,22.95,28.62,,,,28.62,1년치 존재,1,,6.66,-34.63,3799653.0,down,49.4,6720.0,2400.0,mixed,bear,,,,,KOSDAQ,4680,3534,1259,0.0,통신장비
151860,KG에코솔루션,72572.0,72849.0,75772.0,,,,3098.0,2265.0,1913.0,,,,4.01,,,,4.01,-15.54,,,,-15.54,1년치 존재,1,6.11,0.2,5.89,221843.0,up,68.8,7360.0,5540.0,up,bull,,,,,KOSDAQ,7360,3504,495903,2.2,자동차
108860,셀바스AI,530.0,1125.0,1148.0,,,,41.0,8.0,15.0,,,,2.04,,,,2.04,87.5,,,,87.5,1년치 존재,1,,4.04,-5.2,724438.0,down,48.1,16750.0,9330.0,up,bear,,,,,KOSDAQ,13140,3537,507836,0.7,건강관리장비와용품
35810,이지홀딩스,31192.0,32850.0,33889.0,35164.0,,,1038.0,1234.0,1514.0,1992.0,,,3.16,3.76,,,3.76,22.69,31.57,,,31.57,2년치 존재,2,7.81,0.35,3.9,346662.0,down,41.3,8530.0,5100.0,down,bear,,,,,KOSDAQ,5460,3523,724664,2.1,식품
36200,유니셈,2321.0,2182.0,2733.0,3132.0,,,174.0,100.0,109.0,264.0,,,25.25,14.6,,,25.25,9.0,142.2,,,142.2,2년치 존재,2,14.16,1.16,3.81,430688.0,up,59.7,12150.0,8520.0,up,bull,,,,,KOSDAQ,11500,3526,297771,0.7,반도체와반도체장비
394420,리센스메디컬,58.0,63.0,88.0,191.0,,,-126.0,-142.0,-106.0,-4.0,,,39.68,117.05,,,117.05,25.35,96.23,,,96.23,2년치 존재,2,,43.15,-22.75,1087026.0,up,67.0,32000.0,18450.0,,,,,,,KOSDAQ,32000,3472,2352,0.0,건강관리장비와용품
85910,네오티스,543.0,543.0,687.0,1010.0,1528.0,2210.0,-1.0,32.0,78.0,187.0,310.0,510.0,26.52,47.02,51.29,44.63,51.29,143.75,139.74,65.78,64.52,143.75,4년치 존재,4,,0.94,7.83,203723.0,down,58.0,29400.0,10490.0,up,bear,,,,,KOSDAQ,25800,3595,118669,0.6,자동차부품
389020,자람테크놀로지,116.0,222.0,106.0,,,,-21.0,4.0,-71.0,,,,-52.25,,,,-52.25,-1875.0,,,,-1875.0,1년치 존재,1,,5.19,-17.51,203614.0,down,48.5,61000.0,36550.0,up,bear,,,,,KOSDAQ,52000,3465,141989,0.7,통신장비
452430,사피엔반도체,32.0,80.0,173.0,360.0,,,-69.0,-34.0,-46.0,23.0,,,116.25,108.09,,,116.25,-35.29,150.0,,,150.0,2년치 존재,2,,27.14,-32.67,119738.0,up,63.1,47600.0,27250.0,up,bull,,,,,KOSDAQ,42500,3493,56549,0.5,반도체와반도체장비
58970,엠로,632.0,795.0,840.0,,,,47.0,86.0,9.0,,,,5.66,,,,5.66,-89.53,,,,-89.53,1년치 존재,1,,27.34,3.19,58034.0,down,44.1,41350.0,25950.0,mixed,bull,,,,,KOSDAQ,28250,3492,36730,0.6,소프트웨어
136480,하림,14108.0,12854.0,14400.0,,,,404.0,285.0,477.0,,,,12.03,,,,12.03,67.37,,,,67.37,1년치 존재,1,35.7,1.51,12.56,988336.0,up,55.4,3390.0,2990.0,up,bull,,,,,KOSDAQ,3295,3500,441108,0.4,식품
402490,그린리소스,165.0,185.0,1022.0,,,,33.0,11.0,60.0,,,,452.43,,,,452.43,445.45,,,,445.45,1년치 존재,1,84.73,5.26,15.86,2120631.0,up,56.9,24100.0,8270.0,up,bear_cross,,,,,KOSDAQ,20800,3468,2177,0.0,반도체와반도체장비
432720,퀄리타스반도체,108.0,61.0,54.0,,,,-112.0,-227.0,-245.0,,,,-11.48,,,,-11.48,-7.93,,,,-7.93,1년치 존재,1,,16.11,-53.09,2394585.0,up,73.6,25050.0,10190.0,up,bull,,,,,KOSDAQ,25050,3546,9273040,3.9,반도체와반도체장비
51500,CJ프레시웨이,30742.0,32248.0,34811.0,37506.0,,,993.0,940.0,1017.0,1101.0,,,7.95,7.74,,,7.95,8.19,8.26,,,8.26,2년치 존재,2,5.2,0.98,11.51,32149.0,down,50.8,36050.0,26250.0,mixed,bull,,,,,KOSDAQ,28800,3419,35171,1.1,식품과기본식료품소매
101360,에코앤드림,515.0,1049.0,1420.0,,,,-30.0,5.0,-6.0,,,,35.37,,,,35.37,-220.0,,,,-220.0,1년치 존재,1,,2.46,-3.96,112340.0,down,52.0,21350.0,15820.0,mixed,bull,,,,,KOSDAQ,19280,3429,133930,1.2,화학
474650,링크솔루션,73.0,112.0,131.0,,,,5.0,-40.0,-74.0,,,,16.96,,,,16.96,-85.0,,,,-85.0,1년치 존재,1,,8.75,-23.14,83426.0,up,47.3,87200.0,55000.0,mixed,bull,,,,,KOSDAQ,59400,3414,176,0.0,기계
200130,콜마비앤에이치,5796.0,6156.0,5749.0,,,,303.0,246.0,266.0,,,,-6.61,,,,-6.61,8.13,,,,8.13,1년치 존재,1,26.89,1.31,-6.04,58447.0,down,47.4,14700.0,10850.0,mixed,bull,,,,,KOSDAQ,11570,3403,60529,1.0,건강관리업체및서비스
43150,바텍,3849.0,3852.0,4264.0,4650.0,,,640.0,540.0,548.0,624.0,,,10.7,9.05,,,10.7,1.48,13.87,,,13.87,2년치 존재,2,9.55,1.24,8.46,32321.0,down,51.1,27350.0,19680.0,up,bull,,,,,KOSDAQ,23000,3416,29140,0.9,건강관리장비와용품
462350,이노스페이스,2.0,,27.0,,,,-159.0,-329.0,-722.0,,,,,,,,,-119.45,,,,-119.45,1년치 존재,1,,7.69,-156.1,408829.0,up,48.4,24350.0,14010.0,mixed,bull,,,,,KOSDAQ,16350,3412,691618,1.7,우주항공과국방
254490,미래반도체,3805.0,4876.0,6356.0,,,,94.0,102.0,191.0,,,,30.35,,,,30.35,87.25,,,,87.25,1년치 존재,1,66.01,4.22,14.41,321362.0,up,70.5,23350.0,15760.0,up,bull,,,,,KOSDAQ,23350,3371,1317,0.0,반도체와반도체장비
314930,바이오다인,41.0,53.0,70.0,,,,-21.0,-17.0,7.0,,,,32.08,,,,32.08,141.18,,,,141.18,1년치 존재,1,,9.18,1.97,51063.0,down,39.2,14820.0,11020.0,down,bear_cross,,,,,KOSDAQ,11660,3470,59402,1.2,건강관리장비와용품
338840,와이바이오로직스,35.0,58.0,29.0,20.0,,,-101.0,-84.0,-93.0,-80.0,,,-50.0,-31.03,,,-31.03,-10.71,13.98,,,13.98,2년치 존재,2,,9.94,-186.97,246577.0,down,37.7,35600.0,20050.0,down,bear,,,,,KOSDAQ,22000,3381,176659,0.7,생물공학
472850,폰드그룹,28.0,3687.0,4856.0,,,,7.0,413.0,574.0,,,,31.71,,,,31.71,38.98,,,,38.98,1년치 존재,1,6.73,1.44,15.46,51499.0,down,61.8,7180.0,5010.0,mixed,bull,,,,,KOSDAQ,5850,3368,96273,1.9,"섬유,의류,신발,호화품"
94480,갤럭시아머니트리,1324.0,1288.0,1297.0,,,,92.0,132.0,184.0,,,,0.7,,,,0.7,39.39,,,,39.39,1년치 존재,1,,3.95,7.16,341805.0,down,46.4,11650.0,7660.0,mixed,bull,,,,,KOSDAQ,8520,3342,235024,0.7,IT서비스
416180,신성에스티,1247.0,1270.0,1169.0,,,,84.0,88.0,23.0,,,,-7.95,,,,-7.95,-73.86,,,,-73.86,1년치 존재,1,19.83,2.25,0.54,78735.0,up,52.2,40150.0,29800.0,up,bull,,,,,KOSDAQ,37100,3354,81009,1.0,전기제품
18000,유니슨,1077.0,257.0,403.0,,,,-196.0,-125.0,-95.0,,,,56.81,,,,56.81,24.0,,,,24.0,1년치 존재,1,,2.85,-24.28,5166784.0,up,48.2,1682.0,936.0,mixed,bear,,,,,KOSDAQ,1349,3354,2589902,0.5,에너지장비및서비스
60720,KH바텍,3636.0,3110.0,4249.0,4354.0,,,336.0,219.0,318.0,321.0,,,36.62,2.47,,,36.62,45.21,0.94,,,45.21,2년치 존재,2,11.24,1.32,7.55,293459.0,down,47.9,18590.0,12560.0,mixed,bull,,,,,KOSDAQ,14030,3322,336614,1.1,핸드셋
92730,네오팜,971.0,1190.0,1322.0,1497.0,,,253.0,247.0,288.0,319.0,,,11.09,13.24,,,13.24,16.6,10.76,,,16.6,2년치 존재,2,9.14,1.29,14.95,75787.0,up,60.5,22150.0,16850.0,up,bull,,,,,KOSDAQ,20400,3270,74458,1.0,화장품
251370,와이엠티,1274.0,1372.0,1446.0,,,,-32.0,36.0,129.0,,,,5.39,,,,5.39,258.33,,,,258.33,1년치 존재,1,,1.39,-0.93,473833.0,down,61.0,17910.0,11120.0,up,bear,,,,,KOSDAQ,17910,3275,1378244,2.9,화학
94820,일진파워,1908.0,1931.0,2520.0,,,,131.0,103.0,241.0,,,,30.5,,,,30.5,133.98,,,,133.98,1년치 존재,1,18.23,1.34,13.41,542013.0,up,70.9,21700.0,14450.0,up,bull,,,,,KOSDAQ,21650,3265,507990,0.9,건설
445090,에이직랜드,742.0,941.0,728.0,,,,39.0,-170.0,-276.0,,,,-22.64,,,,-22.64,-62.35,,,,-62.35,1년치 존재,1,134.91,6.46,-38.05,83703.0,up,53.8,33250.0,23700.0,mixed,bull,,,,,KOSDAQ,29950,3272,68837,0.8,반도체와반도체장비
322310,오로스테크놀로지,455.0,614.0,521.0,737.0,,,24.0,61.0,-84.0,50.0,,,-15.15,41.46,,,41.46,-237.7,159.52,,,159.52,2년치 존재,2,81.09,4.35,-9.75,224783.0,down,54.0,36150.0,23550.0,up,bear,,,,,KOSDAQ,34500,3231,193,0.0,반도체와반도체장비
61970,LB세미콘,4169.0,4509.0,4798.0,,,,-127.0,-188.0,-398.0,,,,6.41,,,,6.41,-111.7,,,,-111.7,1년치 존재,1,,1.34,-60.83,1159104.0,up,56.9,6880.0,3875.0,up,bull,,,,,KOSDAQ,5600,3253,1367192,1.2,반도체와반도체장비
52710,아모텍,1868.0,2294.0,2538.0,2835.0,,,-260.0,-239.0,55.0,186.0,,,10.64,11.7,,,11.7,123.01,238.18,,,238.18,2년치 존재,2,,0.71,5.19,793525.0,down,55.2,27950.0,8860.0,up,bear,,,,,KOSDAQ,22300,3259,443173,0.6,핸드셋
67390,아스트,1685.0,1714.0,2544.0,,,,-364.0,-64.0,74.0,,,,48.42,,,,48.42,215.62,,,,215.62,1년치 존재,1,,2.29,-2.93,1757650.0,down,52.8,941.0,588.0,up,bear,,,,,KOSDAQ,786,3216,1988567,1.1,우주항공과국방
95500,미래나노텍,6940.0,6223.0,5385.0,,,,137.0,249.0,209.0,,,,-13.47,,,,-13.47,-16.06,,,,-16.06,1년치 존재,1,,2.04,4.77,230654.0,up,53.2,12300.0,8640.0,mixed,bull,,,,,KOSDAQ,10420,3231,161405,0.7,디스플레이장비및부품
54210,이랜텍,7512.0,5560.0,7532.0,9041.0,,,304.0,161.0,432.0,546.0,,,35.47,20.03,,,35.47,168.32,26.39,,,168.32,2년치 존재,2,17.37,1.04,8.96,594113.0,up,60.1,13600.0,9310.0,up,bull,,,,,KOSDAQ,12750,3225,273557,0.5,핸드셋
272110,케이엔제이,474.0,622.0,844.0,,,,105.0,141.0,222.0,,,,35.69,,,,35.69,57.45,,,,57.45,1년치 존재,1,14.28,2.36,30.79,163298.0,up,56.5,42650.0,25850.0,up,bull,,,,,KOSDAQ,40100,3218,83769,0.5,반도체와반도체장비
45390,대아티아이,1123.0,1491.0,1532.0,,,,36.0,78.0,76.0,,,,2.75,,,,2.75,-2.56,,,,-2.56,1년치 존재,1,22.45,1.98,14.2,1024744.0,down,53.4,4870.0,3865.0,up,bull,,,,,KOSDAQ,4550,3207,972884,0.9,IT서비스
215000,골프존,6851.0,6200.0,4833.0,5021.0,,,1145.0,958.0,681.0,702.0,,,-22.05,3.89,,,3.89,-28.91,3.08,,,3.08,2년치 존재,2,7.28,1.35,5.83,17200.0,down,54.3,60800.0,47350.0,mixed,bull,,,,,KOSDAQ,51300,3219,23892,1.4,"호텔,레스토랑,레저"
23410,유진기업,14734.0,13933.0,13327.0,,,,844.0,550.0,324.0,,,,-4.35,,,,-4.35,-41.09,,,,-41.09,1년치 존재,1,4.05,0.24,-1.16,224784.0,down,47.1,5090.0,3885.0,mixed,bull,,,,,KOSDAQ,4085,3158,285982,1.3,건축자재
49070,인탑스,5774.0,6147.0,5908.0,,,,183.0,38.0,-113.0,,,,-3.89,,,,-3.89,-397.37,,,,-397.37,1년치 존재,1,16.79,0.69,2.44,47285.0,up,56.4,21350.0,15380.0,mixed,bull,,,,,KOSDAQ,18620,3203,84058,1.8,핸드셋
35600,KG이니시스,13448.0,13543.0,13589.0,14164.0,,,1063.0,610.0,986.0,1070.0,,,0.34,4.23,,,4.23,61.64,8.52,,,61.64,2년치 존재,2,4.32,0.67,9.78,99517.0,down,61.3,11910.0,9990.0,up,bull,,,,,KOSDAQ,11450,3155,82487,0.8,IT서비스
900290,GRT,7677.0,8424.0,9593.0,,,,787.0,1470.0,1373.0,,,,13.88,,,,13.88,-6.6,,,,-6.6,1년치 존재,1,6.63,0.52,7.88,940777.0,down,30.8,7120.0,3485.0,down,bear,,,,,KOSDAQ,3880,3137,1223,0.0,화학
243070,휴온스,5520.0,5902.0,6208.0,,,,560.0,397.0,456.0,,,,5.18,,,,5.18,14.86,,,,14.86,1년치 존재,1,9.09,1.4,11.85,21195.0,down,49.6,29400.0,24750.0,mixed,bull,,,,,KOSDAQ,26400,3163,20942,1.0,제약
456010,아이씨티케이,62.0,67.0,40.0,237.0,,,-24.0,-67.0,-89.0,52.0,,,-40.3,492.5,,,492.5,-32.84,158.43,,,158.43,2년치 존재,2,,7.13,-15.36,2965244.0,up,59.0,26650.0,12960.0,up,bull,,,,,KOSDAQ,22550,3135,1465,0.0,통신장비
98120,마이크로컨텍솔,648.0,697.0,1003.0,,,,74.0,102.0,177.0,,,,43.9,,,,43.9,73.53,,,,73.53,1년치 존재,1,15.69,2.11,23.08,160582.0,up,67.8,37400.0,19650.0,up,bull,,,,,KOSDAQ,37400,3109,322589,2.0,반도체와반도체장비
86820,바이오솔루션,125.0,129.0,152.0,200.0,,,-51.0,-51.0,-43.0,-10.0,,,17.83,31.58,,,31.58,15.69,76.74,,,76.74,2년치 존재,2,,3.73,-31.86,166646.0,up,55.6,12950.0,7390.0,mixed,bear,,,,,KOSDAQ,11990,3108,1035,0.0,생물공학
382900,범한퓨얼셀,305.0,362.0,434.0,,,,-52.0,24.0,9.0,,,,19.89,,,,19.89,-62.5,,,,-62.5,1년치 존재,1,,1.67,0.98,78042.0,up,69.5,35250.0,24400.0,up,bull,,,,,KOSDAQ,35250,3088,215686,2.8,전기제품
64850,에프앤가이드,296.0,316.0,354.0,496.0,,,61.0,76.0,107.0,204.0,,,12.03,40.11,,,40.11,40.79,90.65,,,90.65,2년치 존재,2,10.28,1.27,15.14,180515.0,down,57.8,30250.0,12200.0,up,bear,,,,,KOSDAQ,27200,3104,68814,0.4,IT서비스
23760,한국캐피탈,3820.0,4626.0,5384.0,,,,821.0,969.0,1279.0,,,,16.39,,,,16.39,31.99,,,,31.99,1년치 존재,1,2.8,0.3,14.08,228721.0,up,52.4,1176.0,794.0,mixed,bull,,,,,KOSDAQ,972,3068,141373,0.6,기타금융
226590,엠디바이스,99.0,483.0,965.0,,,,-47.0,48.0,115.0,,,,99.79,,,,99.79,139.58,,,,139.58,1년치 존재,1,12.86,6.41,17.81,328237.0,down,53.4,36250.0,17510.0,up,bull_cross,,,,,KOSDAQ,28550,3035,306,0.0,반도체와반도체장비
99440,스맥,1766.0,2013.0,1536.0,,,,220.0,240.0,-168.0,,,,-23.7,,,,-23.7,-170.0,,,,-170.0,1년치 존재,1,9.88,1.54,-18.93,1459394.0,down,42.2,6750.0,4340.0,mixed,bull,,,,,KOSDAQ,4430,3023,105,0.0,기계
51370,인터플렉스,4382.0,4975.0,4680.0,4738.0,5580.0,6975.0,216.0,344.0,286.0,293.0,390.0,479.0,-5.93,1.24,17.77,25.0,25.0,-16.86,2.45,33.11,22.82,33.11,4년치 존재,4,9.08,1.13,11.11,266649.0,down,53.4,14480.0,10810.0,up,bull,,,,,KOSDAQ,13440,3135,211225,0.8,전자장비와기기
357550,석경에이티,122.0,138.0,175.0,,,,35.0,20.0,39.0,,,,26.81,,,,26.81,95.0,,,,95.0,1년치 존재,1,88.99,8.52,9.05,11451.0,up,56.2,63100.0,49500.0,mixed,bull,,,,,KOSDAQ,57200,3120,8510,0.7,화학
115450,HLB테라퓨틱스,526.0,549.0,696.0,,,,-87.0,-76.0,-35.0,,,,26.78,,,,26.78,53.95,,,,53.95,1년치 존재,1,,2.19,-6.0,870441.0,down,57.4,3980.0,2545.0,up,bear,,,,,KOSDAQ,3530,3127,666685,0.8,제약
54950,제이브이엠,1571.0,1594.0,1731.0,1859.0,,,298.0,307.0,333.0,378.0,,,8.59,7.39,,,8.59,8.47,13.51,,,13.51,2년치 존재,2,12.21,1.7,13.0,26449.0,down,50.8,26750.0,23450.0,mixed,bull,,,,,KOSDAQ,25000,3022,54680,2.1,건강관리장비와용품
17890,한국알콜,4383.0,4210.0,4239.0,,,,219.0,274.0,318.0,,,,0.69,,,,0.69,16.06,,,,16.06,1년치 존재,1,24.87,0.5,5.86,326987.0,up,72.6,14210.0,10140.0,up,bull,,,,,KOSDAQ,14070,2993,143376,0.4,화학
294570,쿠콘,684.0,730.0,695.0,748.0,,,166.0,166.0,189.0,212.0,,,-4.79,7.63,,,7.63,13.86,12.17,,,13.86,2년치 존재,2,28.8,1.58,13.54,34078.0,down,50.7,34850.0,25750.0,mixed,bull,,,,,KOSDAQ,29850,3012,15770,0.5,IT서비스
274090,켄코아에어로스페이스,911.0,862.0,764.0,860.0,,,9.0,-54.0,-92.0,-73.0,,,-11.37,12.57,,,12.57,-70.37,20.65,,,20.65,2년치 존재,2,,2.75,-9.01,478890.0,down,46.4,28200.0,16990.0,mixed,bear_cross,,,,,KOSDAQ,21650,2971,620,0.0,우주항공과국방
108380,대양전기공업,1543.0,1963.0,2301.0,2507.0,,,37.0,157.0,271.0,309.0,,,17.22,8.95,,,17.22,72.61,14.02,,,72.61,2년치 존재,2,13.38,0.48,9.64,45151.0,up,63.2,34400.0,23750.0,mixed,bull,,,,,KOSDAQ,31200,2985,25624,0.6,조선
484810,티엑스알로보틱스,332.0,572.0,566.0,,,,36.0,53.0,-8.0,,,,-1.05,,,,-1.05,-115.09,,,,-115.09,1년치 존재,1,,5.44,-35.94,117686.0,up,68.6,21250.0,13840.0,mixed,bull,,,,,KOSDAQ,19450,3005,642699,5.5,기계
12210,삼미금속,768.0,764.0,738.0,,,,60.0,45.0,58.0,,,,-3.4,,,,-3.4,28.89,,,,28.89,1년치 존재,1,38.69,0.69,2.03,358773.0,down,42.2,18500.0,11690.0,down,bear_cross,,,,,KOSDAQ,13340,2960,158163,0.4,기계
125020,티씨머티리얼즈,2521.0,3039.0,2991.0,,,,87.0,109.0,68.0,,,,-1.58,,,,-1.58,-37.61,,,,-37.61,1년치 존재,1,83.37,3.79,2.48,3157384.0,up,74.3,8430.0,3975.0,up,bull,,,,,KOSDAQ,8430,2954,16068,0.0,전기장비
144960,뉴파워프라즈마,3507.0,5198.0,5780.0,,,,161.0,261.0,287.0,,,,11.2,,,,11.2,9.96,,,,9.96,1년치 존재,1,11.9,0.87,3.1,341497.0,up,66.2,6850.0,4975.0,up,bull,,,,,KOSDAQ,6760,2954,398198,1.2,반도체와반도체장비
464080,에스오에스랩,41.0,49.0,61.0,,,,-83.0,-128.0,-161.0,,,,24.49,,,,24.49,-25.78,,,,-25.78,1년치 존재,1,,10.91,-60.6,395303.0,down,49.8,22000.0,13940.0,mixed,bull,,,,,KOSDAQ,16210,2909,383106,1.0,전자장비와기기
138360,앤로보틱스,103.0,215.0,234.0,,,,-23.0,-12.0,6.0,,,,8.84,,,,8.84,150.0,,,,150.0,1년치 존재,1,,0.99,9.96,5294060.0,up,74.8,3995.0,1642.0,up,bull,,,,,KOSDAQ,3770,2903,14282,0.0,기계
138610,나이벡,157.0,246.0,327.0,,,,-22.0,-49.0,50.0,,,,32.93,,,,32.93,202.04,,,,202.04,1년치 존재,1,,7.61,11.95,56268.0,down,42.0,34350.0,25100.0,mixed,bull,,,,,KOSDAQ,25900,2944,64459,1.1,건강관리장비와용품
219130,타이거일렉,486.0,618.0,807.0,1085.0,,,-31.0,-19.0,72.0,163.0,,,30.58,34.45,,,34.45,478.95,126.39,,,478.95,2년치 존재,2,,2.39,9.48,76088.0,up,70.2,47900.0,25700.0,up,bull,,,,,KOSDAQ,45750,2889,57675,0.8,반도체와반도체장비
255220,SG,809.0,1189.0,1022.0,,,,-135.0,-61.0,8.0,,,,-14.05,,,,-14.05,113.11,,,,113.11,1년치 존재,1,,1.37,-2.2,2829213.0,down,47.5,3350.0,2465.0,down,bear,,,,,KOSDAQ,2645,2898,2137987,0.8,건축자재
221800,지구홀딩스,308.0,250.0,256.0,,,,-13.0,-31.0,-24.0,,,,2.4,,,,2.4,22.58,,,,22.58,1년치 존재,1,84.36,1.57,-4.28,550235.0,up,49.9,28200.0,4480.0,,bull,,,,,KOSDAQ,18250,2962,236746,0.4,건강관리업체및서비스
372170,윤성에프앤씨,3129.0,2713.0,1002.0,,,,265.0,319.0,-316.0,,,,-63.07,,,,-63.07,-199.06,,,,-199.06,1년치 존재,1,36.77,5.59,-10.23,28907.0,up,63.7,37400.0,26200.0,up,bull,,,,,KOSDAQ,36300,2896,36771,1.3,전자장비와기기
474170,루미르,121.0,143.0,106.0,130.0,,,-30.0,-12.0,-6.0,,,,-25.87,22.64,,,22.64,50.0,,,,50.0,2년치 존재,2,,4.7,0.07,613657.0,up,55.9,21350.0,13000.0,mixed,bull,,,,,KOSDAQ,16210,2888,583777,1.0,우주항공과국방
112290,와이씨켐,623.0,703.0,831.0,,,,-78.0,-82.0,-18.0,,,,18.21,,,,18.21,78.05,,,,78.05,1년치 존재,1,,1.91,9.88,181829.0,down,29.3,28100.0,14050.0,,bear,,,,,KOSDAQ,14050,2841,3490,0.0,반도체와반도체장비
289930,웨이비스,169.0,294.0,407.0,,,,-95.0,-49.0,6.0,,,,38.44,,,,38.44,112.24,,,,112.24,1년치 존재,1,,5.3,5.34,421561.0,up,58.7,23800.0,13400.0,up,bull,,,,,KOSDAQ,21700,2825,419486,1.0,우주항공과국방
361390,제노코,551.0,568.0,596.0,812.0,,,12.0,-22.0,-21.0,28.0,,,4.93,36.24,,,36.24,4.55,233.33,,,233.33,2년치 존재,2,75.61,3.59,-4.93,202323.0,down,48.6,35400.0,21800.0,up,bear_cross,,,,,KOSDAQ,29450,2858,88,0.0,우주항공과국방
199430,케이엔알시스템,214.0,185.0,159.0,,,,-43.0,-77.0,-75.0,,,,-14.05,,,,-14.05,2.6,,,,2.6,1년치 존재,1,,12.45,-33.15,69917.0,up,59.9,35700.0,20600.0,mixed,bull,,,,,KOSDAQ,25900,2886,109778,1.6,기계
36800,나이스정보통신,8916.0,9751.0,10947.0,11896.0,,,367.0,399.0,553.0,582.0,,,12.27,8.67,,,12.27,38.6,5.24,,,38.6,2년치 존재,2,7.12,,11.45,124613.0,down,52.5,34750.0,23450.0,up,bear_cross,,,,,KOSDAQ,28050,2805,36126,0.3,상업서비스와공급품
12860,모베이스전자,9394.0,9715.0,10441.0,,,,277.0,344.0,368.0,,,,7.47,,,,7.47,6.98,,,,6.98,1년치 존재,1,16.66,0.75,8.59,2666882.0,up,50.5,5020.0,3275.0,mixed,bull,,,,,KOSDAQ,3820,2798,4558,0.0,자동차부품
304100,솔트룩스,308.0,459.0,416.0,,,,-93.0,-66.0,-80.0,,,,-9.37,,,,-9.37,-21.21,,,,-21.21,1년치 존재,1,,4.41,-15.27,87350.0,down,49.2,29500.0,19430.0,mixed,bull,,,,,KOSDAQ,23400,2947,76345,0.9,IT서비스
267980,매일유업,17830.0,18114.0,18435.0,,,,722.0,703.0,600.0,,,,1.77,,,,1.77,-14.65,,,,-14.65,1년치 존재,1,5.88,0.55,9.32,7269.0,up,53.4,40800.0,34750.0,mixed,bull,,,,,KOSDAQ,36300,2782,11963,1.6,식품
382800,지앤비에스 에코,893.0,708.0,919.0,1406.0,,,183.0,116.0,78.0,243.0,,,29.8,52.99,,,52.99,-32.76,211.54,,,211.54,2년치 존재,2,9.58,1.85,5.51,2085565.0,up,74.1,9090.0,3135.0,up,bull,,,,,KOSDAQ,9090,2893,4074800,2.0,반도체와반도체장비
5710,대원산업,7777.0,9315.0,10589.0,,,,472.0,750.0,708.0,,,,13.68,,,,13.68,-5.6,,,,-5.6,1년치 존재,1,3.27,0.26,14.02,24579.0,up,61.2,18130.0,12240.0,mixed,bull,,,,,KOSDAQ,13790,2763,32317,1.3,자동차부품
18310,삼목에스폼,4394.0,4019.0,3170.0,,,,1241.0,753.0,64.0,,,,-21.12,,,,-21.12,-91.5,,,,-91.5,1년치 존재,1,2.06,0.41,1.58,11250.0,up,51.2,20950.0,17870.0,down,bull,,,,,KOSDAQ,18840,2769,4788,0.4,건축제품
126700,하이비젼시스템,3483.0,3120.0,1711.0,3104.0,,,588.0,310.0,-326.0,329.0,,,-45.16,81.41,,,81.41,-205.16,200.92,,,200.92,2년치 존재,2,6.29,1.05,-6.7,131265.0,up,54.3,21100.0,15470.0,mixed,bull,,,,,KOSDAQ,18390,2748,122153,0.9,핸드셋
43370,피에이치에이,11346.0,11529.0,12007.0,12633.0,,,483.0,515.0,484.0,510.0,,,4.15,5.21,,,5.21,-6.02,5.37,,,5.37,2년치 존재,2,3.4,0.28,5.63,29885.0,up,57.0,13650.0,11480.0,up,bull,,,,,KOSDAQ,13100,2751,28336,0.9,자동차부품
83310,엘오티베큠,4730.0,2660.0,2449.0,,,,672.0,-42.0,-81.0,,,,-7.93,,,,-7.93,-92.86,,,,-92.86,1년치 존재,1,6.71,1.28,-3.23,297655.0,up,60.0,16960.0,11230.0,up,bull,,,,,KOSDAQ,15830,2819,256906,0.9,반도체와반도체장비
92070,디엔에프,842.0,739.0,791.0,,,,-29.0,-10.0,-7.0,,,,7.04,,,,7.04,30.0,,,,30.0,1년치 존재,1,53.57,1.79,0.82,117562.0,down,58.8,25400.0,17800.0,up,bull,,,,,KOSDAQ,23650,2737,91641,0.8,반도체와반도체장비
388050,지투파워,494.0,554.0,774.0,993.0,,,-9.0,37.0,88.0,111.0,,,39.71,28.29,,,39.71,137.84,26.14,,,137.84,2년치 존재,2,221.23,4.66,14.09,2797730.0,up,59.3,15050.0,8490.0,up,bull,,,,,KOSDAQ,14610,2733,1873264,0.7,전기장비
194480,데브시스터즈,1611.0,2362.0,2956.0,3543.0,,,-480.0,272.0,64.0,247.0,,,25.15,19.86,,,25.15,-76.47,285.94,,,285.94,2년치 존재,2,,3.93,6.61,107329.0,down,34.8,42950.0,22150.0,down,bull,,,,,KOSDAQ,22650,2747,95759,0.9,게임엔터테인먼트
488280,에스투더블유,63.0,96.0,101.0,195.0,,,-57.0,-45.0,-56.0,12.0,,,5.21,93.07,,,93.07,-24.44,121.43,,,121.43,2년치 존재,2,,11.73,-38.45,497398.0,up,69.1,26100.0,13700.0,up,bull,,,,,KOSDAQ,25450,2741,133,0.0,IT서비스
53300,한국정보인증,922.0,1219.0,1385.0,,,,140.0,189.0,271.0,,,,13.62,,,,13.62,43.39,,,,43.39,1년치 존재,1,23.8,1.21,13.36,912236.0,down,52.9,7000.0,5370.0,up,bear_cross,,,,,KOSDAQ,6430,2729,212253,0.2,IT서비스
67080,대화제약,1414.0,1494.0,1431.0,,,,20.0,67.0,32.0,,,,-4.22,,,,-4.22,-52.24,,,,-52.24,1년치 존재,1,,2.24,2.26,53638.0,down,48.8,16640.0,12650.0,mixed,bull,,,,,KOSDAQ,14720,2740,52088,1.0,제약
256840,한국비엔씨,810.0,892.0,959.0,,,,60.0,107.0,16.0,,,,7.51,,,,7.51,-85.05,,,,-85.05,1년치 존재,1,9.78,1.17,1.22,444940.0,up,48.4,4855.0,3665.0,mixed,bull,,,,,KOSDAQ,3980,2722,2348,0.0,건강관리장비와용품
309710,아이티켐,436.0,622.0,620.0,,,,16.0,64.0,-19.0,,,,-0.32,,,,-0.32,-129.69,,,,-129.69,1년치 존재,1,,4.02,-24.74,,,,,,,,,,,,KOSDAQ,21000,2684,0,,제약
64550,바이오니아,2632.0,2940.0,3301.0,,,,8.0,-134.0,152.0,,,,12.28,,,,12.28,213.43,,,,213.43,1년치 존재,1,,3.84,-1.33,137896.0,down,42.5,13350.0,9950.0,mixed,bull,,,,,KOSDAQ,10540,2720,82841,0.6,생물공학
357580,아모센스,875.0,1342.0,1221.0,1394.0,,,8.0,72.0,53.0,118.0,,,-9.02,14.17,,,14.17,-26.39,122.64,,,122.64,2년치 존재,2,,3.59,1.17,719927.0,up,64.0,25100.0,11160.0,up,bull,,,,,KOSDAQ,23050,2701,237,0.0,핸드셋
190510,나무가,3656.0,4504.0,4599.0,,,,227.0,209.0,282.0,,,,2.11,,,,2.11,34.93,,,,34.93,1년치 존재,1,9.72,1.52,14.84,56713.0,up,54.1,26300.0,16050.0,mixed,bull,,,,,KOSDAQ,19110,2692,93133,1.6,핸드셋
182400,엔케이젠바이오텍코리아,99.0,88.0,79.0,,,,-675.0,-41.0,-25.0,,,,-10.23,,,,-10.23,39.02,,,,39.02,1년치 존재,1,,37.21,-20.38,,,,,,,,,,,,KOSDAQ,3670,2655,0,,생명과학도구및서비스
78070,유비쿼스홀딩스,1716.0,1256.0,1557.0,,,,326.0,143.0,306.0,,,,23.96,,,,23.96,113.99,,,,113.99,1년치 존재,1,17.12,0.87,7.95,426490.0,down,46.8,19210.0,10610.0,mixed,bear,,,,,KOSDAQ,15440,2718,223,0.0,통신장비
417840,저스템,359.0,387.0,483.0,896.0,1276.0,,3.0,-46.0,46.0,232.0,383.0,,24.81,85.51,42.41,,85.51,200.0,404.35,65.09,,404.35,3년치 존재,3,,1.85,6.88,2610777.0,up,69.3,12260.0,5380.0,up,bull,,,,,KOSDAQ,12070,2736,7175,0.0,반도체와반도체장비
24060,흥구석유,1267.0,1169.0,1079.0,,,,1.0,-3.0,-10.0,,,,-7.7,,,,-7.7,-233.33,,,,-233.33,1년치 존재,1,106.27,1.47,0.2,4254391.0,up,45.9,32700.0,13140.0,down,bear,,,,,KOSDAQ,17930,2690,5821,0.0,석유와가스
214180,헥토이노베이션,2885.0,3195.0,3758.0,4373.0,,,380.0,489.0,502.0,629.0,,,17.62,16.37,,,17.62,2.66,25.3,,,25.3,2년치 존재,2,8.53,1.04,14.22,111463.0,down,56.8,24800.0,17350.0,mixed,bull,,,,,KOSDAQ,20600,2677,121616,1.1,IT서비스
194700,노바렉스,3022.0,2977.0,4043.0,4549.0,5010.0,,255.0,232.0,430.0,497.0,560.0,,35.81,12.52,10.13,,35.81,85.34,15.58,12.68,,85.34,3년치 존재,3,10.33,1.07,14.99,45776.0,up,61.3,15490.0,11940.0,up,bull,,,,,KOSDAQ,14900,2720,45429,1.0,건강관리업체및서비스
79960,동양이엔피,5369.0,5484.0,5965.0,,,,430.0,516.0,536.0,,,,8.77,,,,8.77,3.88,,,,3.88,1년치 존재,1,3.48,0.5,11.81,54138.0,up,68.1,35000.0,26500.0,mixed,bull,,,,,KOSDAQ,34000,2672,60525,1.1,전기제품
126600,BGF에코머티리얼즈,2857.0,3643.0,3979.0,,,,172.0,140.0,173.0,,,,9.22,,,,9.22,23.57,,,,23.57,1년치 존재,1,,0.69,3.44,682504.0,up,51.9,5020.0,3375.0,up,bear,,,,,KOSDAQ,4210,2642,224225,0.3,화학
338220,뷰노,133.0,259.0,348.0,,,,-157.0,-124.0,-49.0,,,,34.36,,,,34.36,60.48,,,,60.48,1년치 존재,1,,115.96,-17.3,73161.0,up,57.5,20500.0,14800.0,mixed,bull,,,,,KOSDAQ,18960,2655,60022,0.8,건강관리기술
34810,해성산업,23084.0,22204.0,22601.0,,,,1063.0,714.0,418.0,,,,1.79,,,,1.79,-41.46,,,,-41.46,1년치 존재,1,,0.34,-3.29,51240.0,up,57.2,8870.0,7140.0,mixed,bull,,,,,KOSDAQ,8050,2621,69241,1.4,종이와목재
78150,HB테크놀러지,1116.0,1624.0,1603.0,,,,-221.0,-165.0,62.0,,,,-1.29,,,,-1.29,137.58,,,,137.58,1년치 존재,1,2.56,0.69,10.48,4738412.0,up,64.2,2995.0,1715.0,up,bull,,,,,KOSDAQ,2850,2642,2077024,0.4,디스플레이장비및부품
58820,CMG제약,939.0,991.0,1052.0,,,,30.0,10.0,-37.0,,,,6.16,,,,6.16,-470.0,,,,-470.0,1년치 존재,1,51.85,1.76,-5.15,467936.0,down,46.4,2140.0,1675.0,mixed,bull,,,,,KOSDAQ,1774,2623,718583,1.5,제약
51360,토비스,4474.0,6238.0,6403.0,,,,257.0,584.0,572.0,,,,2.65,,,,2.65,-2.05,,,,-2.05,1년치 존재,1,23.1,1.32,16.58,48351.0,up,68.8,17700.0,13930.0,up,bull,,,,,KOSDAQ,17700,2640,51468,1.1,디스플레이장비및부품
481070,에이유브랜즈,419.0,446.0,600.0,,,,162.0,124.0,101.0,,,,34.53,,,,34.53,-18.55,,,,-18.55,1년치 존재,1,36.28,3.82,16.83,30645.0,up,52.4,26700.0,16000.0,mixed,bull,,,,,KOSDAQ,18460,2632,24744,0.8,"섬유,의류,신발,호화품"
203650,드림시큐리티,2327.0,2688.0,3189.0,,,,333.0,256.0,225.0,,,,18.64,,,,18.64,-12.11,,,,-12.11,1년치 존재,1,7.6,1.61,7.19,18553629.0,down,53.0,3930.0,1422.0,up,bear,,,,,KOSDAQ,2740,2620,9245029,0.5,상업서비스와공급품
125210,아모그린텍,1476.0,1286.0,1306.0,1529.0,,,123.0,45.0,94.0,144.0,,,1.56,17.08,,,17.08,108.89,53.19,,,108.89,2년치 존재,2,15.38,2.91,7.77,709791.0,up,85.2,15860.0,6110.0,up,bull,,,,,KOSDAQ,15860,2616,589,0.0,화학
39860,나노엔텍,268.0,305.0,381.0,490.0,,,-22.0,6.0,11.0,60.0,,,24.92,28.61,,,28.61,83.33,445.45,,,445.45,2년치 존재,2,,1.86,1.92,636387.0,up,67.5,7670.0,4540.0,mixed,bull,,,,,KOSDAQ,6850,2609,7203,0.0,생명과학도구및서비스
216080,제테마,587.0,685.0,769.0,1023.0,,,26.0,41.0,38.0,80.0,,,12.26,33.03,,,33.03,-7.32,110.53,,,110.53,2년치 존재,2,19.87,3.89,-9.59,410122.0,down,38.9,10200.0,7010.0,down,bull,,,,,KOSDAQ,7030,2616,350887,0.9,건강관리장비와용품
121800,비덴트,100.0,96.0,101.0,,,,-99.0,-110.0,-72.0,,,,5.21,,,,5.21,34.55,,,,34.55,1년치 존재,1,,0.45,1.37,,,,,,,,,,,,KOSDAQ,3320,2563,0,,디스플레이패널
462860,더즌,421.0,627.0,600.0,,,,107.0,100.0,136.0,,,,-4.31,,,,-4.31,36.0,,,,36.0,1년치 존재,1,23.95,3.55,19.29,663388.0,down,46.9,5250.0,3115.0,mixed,bull,,,,,KOSDAQ,3625,2606,297193,0.4,IT서비스
439090,마녀공장,1050.0,1279.0,1130.0,,,,159.0,186.0,105.0,,,,-11.65,,,,-11.65,-43.55,,,,-43.55,1년치 존재,1,30.04,3.8,7.72,314116.0,up,66.6,16790.0,11110.0,up,bull,,,,,KOSDAQ,15940,2613,263685,0.8,화장품
13120,동원개발,7366.0,5204.0,3873.0,,,,300.0,210.0,171.0,,,,-25.58,,,,-25.58,-18.57,,,,-18.57,1년치 존재,1,6.74,0.28,2.49,182092.0,down,44.9,3365.0,2770.0,down,bear,,,,,KOSDAQ,2865,2602,318887,1.8,건설
405100,큐알티,533.0,653.0,689.0,835.0,,,8.0,48.0,48.0,108.0,,,5.51,21.19,,,21.19,0.0,125.0,,,125.0,2년치 존재,2,68.3,1.79,3.22,299604.0,down,58.0,22200.0,14340.0,up,bear_cross,,,,,KOSDAQ,21100,2593,199368,0.7,반도체와반도체장비
377460,큐에이드,2743.0,1163.0,916.0,,,,-1061.0,-9.0,-19.0,,,,-21.24,,,,-21.24,-111.11,,,,-111.11,1년치 존재,1,,0.1,18.78,,,,,,,,,,,,KOSDAQ,4080,2532,0,,상업서비스와공급품
176750,듀켐바이오,347.0,356.0,386.0,,,,53.0,51.0,74.0,,,,8.43,,,,8.43,45.1,,,,45.1,1년치 존재,1,36.52,6.85,14.05,25772.0,down,45.9,11680.0,8630.0,mixed,bull,,,,,KOSDAQ,9040,2572,11986,0.5,제약
353810,이지바이오,1654.0,3843.0,4769.0,5107.0,,,206.0,324.0,450.0,525.0,,,24.1,7.09,,,24.1,38.89,16.67,,,38.89,2년치 존재,2,7.96,1.97,29.06,201602.0,down,52.7,8060.0,6600.0,up,bear,,,,,KOSDAQ,7740,2561,147511,0.7,식품
314130,지놈앤컴퍼니,143.0,277.0,246.0,,,,-551.0,-242.0,-292.0,,,,-11.19,,,,-11.19,-20.66,,,,-20.66,1년치 존재,1,,3.23,-8.34,622469.0,up,49.7,9870.0,5590.0,down,bull,,,,,KOSDAQ,7060,2553,654414,1.1,제약
206640,바디텍메드,1342.0,1382.0,1621.0,,,,285.0,262.0,289.0,,,,17.29,,,,17.29,10.31,,,,10.31,1년치 존재,1,18.56,2.42,10.71,43548.0,down,48.7,13600.0,10510.0,mixed,bull,,,,,KOSDAQ,11690,2561,44480,1.0,생명과학도구및서비스
457550,우진엔텍,407.0,440.0,448.0,,,,59.0,53.0,51.0,,,,1.82,,,,1.82,-3.77,,,,-3.77,1년치 존재,1,23.88,4.97,10.78,155554.0,up,53.2,32250.0,21500.0,mixed,bull,,,,,KOSDAQ,27250,2539,124665,0.8,에너지장비및서비스
36030,케이티알파,3928.0,3882.0,3959.0,,,,96.0,246.0,442.0,,,,1.98,,,,1.98,79.67,,,,79.67,1년치 존재,1,18.05,1.2,15.47,30522.0,up,60.9,5160.0,4465.0,up,bull,,,,,KOSDAQ,5120,2510,17171,0.6,인터넷과카탈로그소매
484120,도우인시스,951.0,1417.0,1398.0,,,,78.0,97.0,34.0,,,,-1.34,,,,-1.34,-64.95,,,,-64.95,1년치 존재,1,529.91,1.5,0.34,16139.0,up,63.7,24550.0,18020.0,mixed,bull,,,,,KOSDAQ,23200,2542,68862,4.3,디스플레이장비및부품
211270,AP위성,494.0,586.0,478.0,650.0,,,101.0,73.0,-43.0,80.0,,,-18.43,35.98,,,35.98,-158.9,286.05,,,286.05,2년치 존재,2,19.51,2.04,-2.65,273722.0,down,46.8,21250.0,13700.0,mixed,bull,,,,,KOSDAQ,16610,2505,207389,0.8,통신장비
402030,코난테크놀로지,244.0,263.0,340.0,,,,-110.0,-141.0,-99.0,,,,29.28,,,,29.28,29.79,,,,29.79,1년치 존재,1,,11.86,-39.38,30842.0,down,55.1,23550.0,16400.0,mixed,bull,,,,,KOSDAQ,20650,2585,33116,1.1,소프트웨어
297090,씨에스베어링,766.0,1054.0,1261.0,1481.0,,,1.0,21.0,111.0,169.0,,,19.64,17.45,,,19.64,428.57,52.25,,,428.57,2년치 존재,2,,3.5,11.53,521156.0,up,64.1,9300.0,5560.0,up,bull,,,,,KOSDAQ,9150,2495,191,0.0,기계
403850,더핑크퐁컴퍼니,878.0,974.0,939.0,,,,40.0,188.0,194.0,,,,-3.59,,,,-3.59,3.19,,,,3.19,1년치 존재,1,17.43,1.36,13.08,43805.0,up,51.1,23300.0,15490.0,mixed,bull,,,,,KOSDAQ,17470,2507,72076,1.6,방송과엔터테인먼트
293580,나우IB,267.0,314.0,292.0,,,,25.0,90.0,73.0,,,,-7.01,,,,-7.01,-18.89,,,,-18.89,1년치 존재,1,55.46,1.12,5.64,6538977.0,up,59.0,3235.0,1635.0,up,bull,,,,,KOSDAQ,2635,2501,4815,0.0,창업투자
299030,하나기술,1199.0,942.0,938.0,1938.0,2294.0,,-63.0,-264.0,-0.0,110.0,184.0,,-0.42,106.61,18.37,,106.61,100.0,,67.27,,100.0,3년치 존재,3,,4.88,-5.85,59695.0,up,61.9,33300.0,23750.0,up,bull,,,,,KOSDAQ,31850,2546,62777,1.1,전자장비와기기
285490,노바텍,924.0,658.0,556.0,770.0,,,256.0,126.0,67.0,142.0,,,-15.5,38.49,,,38.49,-46.83,111.94,,,111.94,2년치 존재,2,8.54,1.57,10.89,64795.0,up,56.8,29900.0,20350.0,mixed,bull,,,,,KOSDAQ,23400,2475,140847,2.2,핸드셋
102120,어보브반도체,2324.0,2321.0,2441.0,,,,-146.0,-51.0,101.0,,,,5.17,,,,5.17,298.04,,,,298.04,1년치 존재,1,,2.17,8.76,996567.0,up,62.9,14920.0,9920.0,up,bull,,,,,KOSDAQ,13930,2477,1231553,1.2,반도체와반도체장비
461300,아이스크림미디어,1231.0,1522.0,1959.0,,,,340.0,461.0,618.0,,,,28.71,,,,28.71,34.06,,,,34.06,1년치 존재,1,4.3,1.16,25.36,57740.0,up,68.0,19000.0,14570.0,mixed,bull,,,,,KOSDAQ,18600,2474,43,0.0,교육서비스
104480,티케이케미칼,3792.0,3396.0,3458.0,,,,-43.0,-16.0,24.0,,,,1.83,,,,1.83,250.0,,,,250.0,1년치 존재,1,,0.2,9.94,1653993.0,up,70.7,2740.0,1750.0,up,bull_cross,,,,,KOSDAQ,2740,2491,9608808,5.8,화학
95700,제넥신,44.0,29.0,46.0,,,,-412.0,-372.0,-362.0,,,,58.62,,,,58.62,2.69,,,,2.69,1년치 존재,1,,1.38,-10.71,1032456.0,down,49.7,7100.0,4365.0,up,bear,,,,,KOSDAQ,5430,2473,361848,0.4,생물공학
119610,인터로조,1193.0,1158.0,1184.0,1416.0,,,52.0,58.0,195.0,303.0,,,2.25,19.59,,,19.59,236.21,55.38,,,236.21,2년치 존재,2,95.57,1.62,7.91,81596.0,up,57.0,22550.0,16200.0,up,bull,,,,,KOSDAQ,21500,2454,73355,0.9,건강관리장비와용품
41020,폴라리스오피스,1079.0,2763.0,3242.0,,,,62.0,48.0,91.0,,,,17.34,,,,17.34,89.58,,,,89.58,1년치 존재,1,10.2,3.37,5.45,2560114.0,up,56.1,5630.0,3320.0,up,bull,,,,,KOSDAQ,4960,2464,9127419,3.6,자동차부품
203400,에이비온,13.0,8.0,9.0,,,,-313.0,-341.0,-194.0,,,,12.5,,,,12.5,43.11,,,,43.11,1년치 존재,1,,18.85,-60.24,629106.0,down,54.6,3750.0,2195.0,mixed,bull,,,,,KOSDAQ,2740,2469,2085174,3.3,제약
11560,세보엠이씨,8804.0,7888.0,7158.0,,,,466.0,286.0,404.0,,,,-9.25,,,,-9.25,41.26,,,,41.26,1년치 존재,1,2.48,0.4,13.87,46446.0,up,72.9,23600.0,14530.0,up,bull,,,,,KOSDAQ,23500,2432,54185,1.2,건설
42600,새로닉스,2017.0,2025.0,1649.0,,,,4.0,73.0,-26.0,,,,-18.57,,,,-18.57,-135.62,,,,-135.62,1년치 존재,1,,2.19,-29.94,129399.0,down,56.7,22000.0,10160.0,up,bear,,,,,KOSDAQ,20200,2510,55178,0.4,가정용기기와용품
100120,뷰웍스,2203.0,2229.0,2393.0,2648.0,,,187.0,223.0,214.0,310.0,,,7.36,10.66,,,10.66,-4.04,44.86,,,44.86,2년치 존재,2,18.35,1.15,9.03,115093.0,down,49.2,30200.0,22500.0,up,bear,,,,,KOSDAQ,27150,2436,61899,0.5,건강관리장비와용품
380550,뉴로핏,16.0,22.0,26.0,,,,-118.0,-146.0,-165.0,,,,18.18,,,,18.18,-13.01,,,,-13.01,1년치 존재,1,,11.99,141.01,489560.0,down,41.3,36700.0,18180.0,mixed,bull,,,,,KOSDAQ,20100,2430,157913,0.3,건강관리기술
270660,에브리봇,317.0,298.0,344.0,,,,15.0,-22.0,-32.0,,,,15.44,,,,15.44,-45.45,,,,-45.45,1년치 존재,1,52.27,2.26,-19.47,45759.0,up,60.4,27650.0,15480.0,mixed,bull,,,,,KOSDAQ,19160,2432,117642,2.6,가정용기기와용품
36190,금화피에스시,3376.0,3402.0,4234.0,,,,435.0,362.0,438.0,,,,24.46,,,,24.46,20.99,,,,20.99,1년치 존재,1,4.12,0.47,8.2,12882.0,up,65.1,40600.0,31650.0,up,bull,,,,,KOSDAQ,40300,2418,11981,0.9,건설
452450,피아이이,858.0,1240.0,651.0,,,,40.0,94.0,-212.0,,,,-47.5,,,,-47.5,-325.53,,,,-325.53,1년치 존재,1,,4.41,-41.21,1345664.0,up,59.5,7730.0,4750.0,up,bull,,,,,KOSDAQ,6910,2490,111,0.0,IT서비스
371950,풍원정밀,431.0,493.0,324.0,,,,-219.0,-182.0,-199.0,,,,-34.28,,,,-34.28,-9.34,,,,-9.34,1년치 존재,1,,2.41,-133.88,84949.0,down,40.1,19190.0,10610.0,down,bull,,,,,KOSDAQ,10640,2411,54067,0.6,디스플레이장비및부품
237880,클리오,3306.0,3514.0,3289.0,3402.0,,,338.0,246.0,164.0,236.0,,,-6.4,3.44,,,3.44,-33.33,43.9,,,43.9,2년치 존재,2,20.1,2.52,5.68,44198.0,up,64.1,13650.0,11170.0,mixed,bull,,,,,KOSDAQ,13290,2402,41764,0.9,화장품
293780,압타바이오,3.0,34.0,37.0,,,,-164.0,-189.0,-158.0,,,,8.82,,,,8.82,16.4,,,,16.4,1년치 존재,1,,3.44,-32.25,133580.0,up,69.8,8470.0,6110.0,mixed,bull,,,,,KOSDAQ,8470,2380,208640,1.6,건강관리업체및서비스
19010,베뉴지,650.0,479.0,482.0,,,,92.0,184.0,150.0,,,,0.63,,,,0.63,-18.48,,,,-18.48,1년치 존재,1,7.33,0.27,27.16,121012.0,down,48.3,6530.0,3665.0,mixed,bear,,,,,KOSDAQ,4895,2359,60479,0.5,"호텔,레스토랑,레저"
65710,서호전기,662.0,465.0,1166.0,,,,130.0,16.0,253.0,,,,150.75,,,,150.75,1481.25,,,,1481.25,1년치 존재,1,6.32,1.01,24.38,16180.0,down,49.5,53600.0,41950.0,mixed,bull,,,,,KOSDAQ,46200,2379,26173,1.6,운송인프라
469610,이노테크,518.0,612.0,757.0,,,,46.0,57.0,86.0,,,,23.69,,,,23.69,50.88,,,,50.88,1년치 존재,1,22.11,3.82,18.15,303059.0,up,55.5,33700.0,17620.0,up,bull,,,,,KOSDAQ,26600,2377,357821,1.2,디스플레이장비및부품
73010,케이에스피,816.0,853.0,955.0,,,,118.0,138.0,115.0,,,,11.96,,,,11.96,-16.67,,,,-16.67,1년치 존재,1,8.49,2.34,8.49,1744774.0,up,78.9,6100.0,3265.0,up,bull,,,,,KOSDAQ,5870,2359,2647,0.0,조선
61090,세나테크놀로지,1536.0,1675.0,1793.0,2058.0,,,128.0,216.0,163.0,220.0,,,7.04,14.78,,,14.78,-24.54,34.97,,,34.97,2년치 존재,2,13.76,1.35,10.49,18307.0,up,58.8,49050.0,33950.0,mixed,bull,,,,,KOSDAQ,42550,2377,18306,1.0,통신장비
147830,제룡산업,409.0,293.0,379.0,,,,56.0,41.0,106.0,,,,29.35,,,,29.35,158.54,,,,158.54,1년치 존재,1,9.9,0.91,13.94,2214881.0,up,77.9,11690.0,6320.0,up,bull,,,,,KOSDAQ,11690,2338,13015218,5.9,전기장비
209640,와이제이링크,486.0,485.0,461.0,,,,92.0,-13.0,-35.0,,,,-4.95,,,,-4.95,-169.23,,,,-169.23,1년치 존재,1,368.21,3.11,-4.06,8496954.0,up,70.3,9050.0,3200.0,up,bull,,,,,KOSDAQ,8140,2315,4882,0.0,전자장비와기기
68930,디지털대성,2115.0,2177.0,2538.0,2730.0,,,250.0,237.0,316.0,418.0,,,16.58,7.57,,,16.58,33.33,32.28,,,33.33,2년치 존재,2,13.47,0.99,15.41,58280.0,up,50.5,9080.0,7730.0,mixed,bull,,,,,KOSDAQ,8280,2292,19510,0.3,교육서비스
146320,비씨엔씨,653.0,774.0,876.0,1062.0,,,-0.0,-21.0,39.0,109.0,,,13.18,21.23,,,21.23,285.71,179.49,,,285.71,2년치 존재,2,222.85,3.68,1.52,87575.0,up,64.5,18000.0,12460.0,up,bull,,,,,KOSDAQ,17850,2284,108956,1.2,반도체와반도체장비
950250,테라뷰,,,,,,,,,,,,,,,,,,,,,,,0년치 존재,0,,6.7,,572281.0,down,43.7,10110.0,5820.0,mixed,bull,,,,,KOSDAQ,6770,2405,534,0.0,반도체와반도체장비
83930,아바코,1869.0,3055.0,3929.0,,,,44.0,204.0,346.0,,,,28.61,,,,28.61,69.61,,,,69.61,1년치 존재,1,55.18,1.19,13.62,178869.0,up,59.7,16750.0,12530.0,up,bull,,,,,KOSDAQ,15920,2337,160147,0.9,전기제품
36560,KZ정밀,1387.0,1127.0,1105.0,,,,208.0,152.0,102.0,,,,-1.95,,,,-1.95,-32.89,,,,-32.89,1년치 존재,1,6.86,0.6,1.75,30810.0,down,50.4,15340.0,12510.0,mixed,bear,,,,,KOSDAQ,14680,2312,17242,0.6,기계
417010,나노팀,472.0,324.0,403.0,,,,54.0,-38.0,-5.0,,,,24.38,,,,24.38,86.84,,,,86.84,1년치 존재,1,59.86,5.96,2.13,711926.0,up,51.3,13960.0,8730.0,mixed,bull,,,,,KOSDAQ,11200,2259,277825,0.4,전자장비와기기
950140,잉글우드랩,2068.0,1822.0,2168.0,,,,289.0,188.0,374.0,,,,18.99,,,,18.99,98.94,,,,98.94,1년치 존재,1,12.77,2.3,16.17,54555.0,up,48.1,13260.0,11260.0,mixed,bull,,,,,KOSDAQ,12000,2384,73152,1.3,화장품
121440,골프존홀딩스,4241.0,3862.0,3543.0,,,,537.0,394.0,280.0,,,,-8.26,,,,-8.26,-28.93,,,,-28.93,1년치 존재,1,4.33,0.22,3.23,54742.0,up,67.6,5560.0,4590.0,up,bull,,,,,KOSDAQ,5250,2249,50892,0.9,레저용장비와제품
308080,바이젠셀,,3.0,,,,,,-153.0,-171.0,,,,,,,,,-11.76,,,,-11.76,1년치 존재,1,,5.11,-32.08,1777059.0,up,73.5,11210.0,4945.0,up,bull,,,,,KOSDAQ,10890,2232,3392357,1.9,제약
17510,세명전기,125.0,144.0,323.0,,,,20.0,30.0,148.0,,,,124.31,,,,124.31,393.33,,,,393.33,1년치 존재,1,32.85,0.57,15.13,2541003.0,up,78.3,14500.0,8200.0,up,bull,,,,,KOSDAQ,14500,2211,8537922,3.4,전기장비
234690,녹십자웰빙,1205.0,1338.0,1647.0,,,,105.0,130.0,173.0,,,,23.09,,,,23.09,33.08,,,,33.08,1년치 존재,1,22.4,1.44,9.2,412007.0,down,45.5,15100.0,8680.0,mixed,bear,,,,,KOSDAQ,12830,2305,276566,0.7,제약
307180,아이엘,391.0,832.0,1029.0,,,,-167.0,53.0,-85.0,,,,23.68,,,,23.68,-260.38,,,,-260.38,1년치 존재,1,,15.6,-78.52,1553877.0,up,61.5,9320.0,3680.0,mixed,bull,,,,,KOSDAQ,6340,2201,1577968,1.0,디스플레이장비및부품
118990,모트렉스,5310.0,5869.0,7023.0,7606.0,,,532.0,436.0,418.0,510.0,,,19.66,8.3,,,19.66,-4.13,22.01,,,22.01,2년치 존재,2,13.47,2.13,3.06,122877.0,up,56.8,10100.0,7620.0,mixed,bull,,,,,KOSDAQ,9030,2216,873,0.0,자동차부품
39840,디오,1558.0,1196.0,1641.0,1989.0,2428.0,2870.0,209.0,-407.0,101.0,257.0,357.0,375.0,37.21,21.21,22.07,18.2,37.21,124.82,154.46,38.91,5.04,154.46,4년치 존재,4,107.43,1.67,-0.69,44466.0,down,55.5,19300.0,15470.0,up,bull,,,,,KOSDAQ,17260,2316,27988,0.6,건강관리장비와용품
289080,SV인베스트먼트,254.0,297.0,211.0,,,,45.0,63.0,-61.0,,,,-28.96,,,,-28.96,-196.83,,,,-196.83,1년치 존재,1,36.97,1.81,-7.48,2617518.0,up,51.9,4550.0,2480.0,up,bear_cross,,,,,KOSDAQ,4045,2197,340,0.0,창업투자
264660,씨앤지하이테크,1667.0,1512.0,1962.0,,,,127.0,129.0,247.0,,,,29.76,,,,29.76,91.47,,,,91.47,1년치 존재,1,8.74,1.02,14.8,239772.0,up,62.9,24700.0,15650.0,up,bull,,,,,KOSDAQ,22500,2187,191189,0.8,반도체와반도체장비
123330,제닉,281.0,499.0,782.0,1012.0,1263.0,,-40.0,60.0,150.0,218.0,280.0,,56.71,29.41,24.8,,56.71,150.0,45.33,28.44,,150.0,3년치 존재,3,,2.14,59.77,194899.0,down,48.2,32600.0,16570.0,mixed,bear,,,,,KOSDAQ,28150,2243,89653,0.5,화장품
264450,유비쿼스,1503.0,1038.0,1164.0,1385.0,,,290.0,124.0,231.0,343.0,,,12.14,18.99,,,18.99,86.29,48.48,,,86.29,2년치 존재,2,6.43,1.01,12.92,389810.0,down,48.3,17000.0,11010.0,mixed,bear,,,,,KOSDAQ,14900,2185,155233,0.4,통신장비
232680,라온로보틱스,345.0,492.0,538.0,,,,20.0,25.0,40.0,,,,9.35,,,,9.35,60.0,,,,60.0,1년치 존재,1,51.11,4.11,10.25,233123.0,up,54.2,22200.0,12700.0,mixed,bull,,,,,KOSDAQ,16640,2182,405465,1.7,반도체와반도체장비
489500,엘케이켐,160.0,250.0,202.0,,,,56.0,101.0,46.0,,,,-19.2,,,,-19.2,-54.46,,,,-54.46,1년치 존재,1,51.22,3.64,9.26,74654.0,up,53.9,51300.0,28500.0,mixed,bull,,,,,KOSDAQ,34550,2169,247449,3.3,반도체와반도체장비
445180,퓨릿,1205.0,1225.0,1425.0,1636.0,,,128.0,140.0,172.0,215.0,,,16.33,14.81,,,16.33,22.86,25.0,,,25.0,2년치 존재,2,13.04,2.2,15.1,224153.0,up,76.8,13020.0,7660.0,up,bull,,,,,KOSDAQ,12690,2181,256577,1.1,반도체와반도체장비
54450,텔레칩스,1911.0,1866.0,1928.0,2143.0,,,168.0,49.0,-62.0,106.0,,,3.32,11.15,,,11.15,-226.53,270.97,,,270.97,2년치 존재,2,7.75,2.0,-35.76,126640.0,up,60.7,15540.0,11480.0,mixed,bull,,,,,KOSDAQ,14310,2167,228729,1.8,반도체와반도체장비
377450,리파인,665.0,678.0,616.0,,,,226.0,205.0,189.0,,,,-9.14,,,,-9.14,-7.8,,,,-7.8,1년치 존재,1,6.95,0.86,4.61,34570.0,down,62.8,13630.0,10810.0,mixed,bull,,,,,KOSDAQ,12700,2201,53023,1.5,상업서비스와공급품
60150,인선이엔티,2210.0,2088.0,1872.0,,,,258.0,232.0,182.0,,,,-10.34,,,,-10.34,-21.55,,,,-21.55,1년치 존재,1,200.2,0.96,-3.46,147415.0,up,63.2,4705.0,3835.0,up,bull,,,,,KOSDAQ,4640,2161,116986,0.8,상업서비스와공급품
80160,모두투어,1786.0,2505.0,2104.0,2357.0,,,116.0,49.0,74.0,157.0,,,-16.01,12.02,,,12.02,51.02,112.16,,,112.16,2년치 존재,2,28.02,3.81,17.71,74753.0,down,48.7,16690.0,10860.0,mixed,bull,,,,,KOSDAQ,11390,2153,79882,1.1,"호텔,레스토랑,레저"
259630,엠플러스,3401.0,1287.0,1842.0,2172.0,,,239.0,101.0,246.0,272.0,,,43.12,17.92,,,43.12,143.56,10.57,,,143.56,2년치 존재,2,7.09,1.88,22.12,921346.0,up,63.7,18860.0,10280.0,up,bull,,,,,KOSDAQ,17550,2125,345669,0.4,전기제품
51980,중앙첨단소재,263.0,187.0,198.0,,,,1.0,-78.0,-46.0,,,,5.88,,,,5.88,41.03,,,,41.03,1년치 존재,1,,2.54,-5.49,7069407.0,up,56.2,2490.0,1308.0,mixed,bull,,,,,KOSDAQ,1922,2135,4209,0.0,통신장비
380540,옵티코어,263.0,233.0,215.0,,,,-41.0,-65.0,-59.0,,,,-7.73,,,,-7.73,9.23,,,,9.23,1년치 존재,1,,1.89,-119.16,,,,,,,,,,,,KOSDAQ,4225,2067,0,,통신장비
101970,우양에이치씨,2001.0,1832.0,1009.0,,,,253.0,311.0,7.0,,,,-44.92,,,,-44.92,-97.75,,,,-97.75,1년치 존재,1,,1.15,-2.41,32530.0,up,64.0,14910.0,10880.0,up,bull,,,,,KOSDAQ,14350,2122,39312,1.2,에너지장비및서비스
179290,엠아이텍,464.0,538.0,672.0,,,,141.0,176.0,207.0,,,,24.91,,,,24.91,17.61,,,,17.61,1년치 존재,1,16.99,2.35,17.34,71278.0,down,42.2,7450.0,6390.0,down,bear,,,,,KOSDAQ,6530,2113,91038,1.3,건강관리장비와용품
32620,GC메디아이,1540.0,1906.0,1977.0,,,,35.0,52.0,75.0,,,,3.73,,,,3.73,44.23,,,,44.23,1년치 존재,1,,2.28,30.72,187497.0,down,47.5,4330.0,3630.0,up,bear,,,,,KOSDAQ,4060,2119,176421,0.9,건강관리기술
458650,성우,1467.0,1309.0,856.0,,,,289.0,146.0,10.0,,,,-34.61,,,,-34.61,-93.15,,,,-93.15,1년치 존재,1,12.21,0.94,2.15,145868.0,up,59.8,14000.0,11000.0,up,bull,,,,,KOSDAQ,13800,2076,431529,3.0,전기제품
39560,다산네트웍스,923.0,3376.0,5418.0,,,,-13.0,-81.0,385.0,,,,60.49,,,,60.49,575.31,,,,575.31,1년치 존재,1,,0.49,-2.72,1368583.0,down,49.8,5700.0,3250.0,mixed,bear,,,,,KOSDAQ,5020,2118,1507960,1.1,통신장비
307750,국전,1220.0,1365.0,1310.0,,,,65.0,4.0,-26.0,,,,-4.03,,,,-4.03,-750.0,,,,-750.0,1년치 존재,1,63.47,3.18,-4.44,568117.0,down,46.9,5540.0,3060.0,mixed,bull,,,,,KOSDAQ,3910,2111,616,0.0,제약
106190,하이텍팜,768.0,775.0,702.0,,,,101.0,156.0,129.0,,,,-9.42,,,,-9.42,-17.31,,,,-17.31,1년치 존재,1,12.28,0.93,9.16,63522.0,down,48.9,25000.0,12000.0,mixed,bear,,,,,KOSDAQ,19230,2045,36042,0.6,제약
52330,코텍,3271.0,3080.0,3968.0,,,,48.0,235.0,378.0,,,,28.83,,,,28.83,60.85,,,,60.85,1년치 존재,1,12.87,0.28,8.0,23653.0,up,78.0,11770.0,9210.0,up,bull,,,,,KOSDAQ,11770,2091,39716,1.7,디스플레이패널
418420,라온텍,107.0,89.0,87.0,,,,-22.0,-70.0,-58.0,,,,-2.25,,,,-2.25,17.14,,,,17.14,1년치 존재,1,,13.8,-39.93,927003.0,up,50.1,8450.0,5140.0,up,bear_cross,,,,,KOSDAQ,6650,2042,2422,0.0,반도체와반도체장비
140670,알에스오토메이션,813.0,768.0,670.0,,,,-30.0,-37.0,-36.0,,,,-12.76,,,,-12.76,2.7,,,,2.7,1년치 존재,1,,3.8,-9.37,202866.0,down,47.7,27200.0,15240.0,mixed,bull,,,,,KOSDAQ,16780,2155,204,0.0,기계
475230,엔알비,515.0,528.0,595.0,1892.0,,,121.0,62.0,45.0,237.0,,,12.69,217.98,,,217.98,-27.42,426.67,,,426.67,2년치 존재,2,,2.32,-0.85,132806.0,down,37.1,28600.0,18680.0,down,bear,,,,,KOSDAQ,18850,2054,103919,0.8,건설
40160,누리플렉스,1327.0,1293.0,1016.0,,,,20.0,-82.0,-61.0,,,,-21.42,,,,-21.42,25.61,,,,25.61,1년치 존재,1,16.73,0.56,-8.81,154966.0,down,70.3,17200.0,3920.0,up,bull,,,,,KOSDAQ,16770,2022,73857,0.5,소프트웨어
950170,JTC,358.0,1500.0,3086.0,3019.0,,,-150.0,219.0,476.0,72.0,,,105.73,-2.17,,,105.73,117.35,-84.87,,,117.35,2년치 존재,2,,3.26,43.77,60730.0,down,25.5,5670.0,4105.0,down,bear,,,,,KOSDAQ,4105,2124,36837,0.6,백화점과일반상점
123860,아나패스,715.0,1822.0,1082.0,,,,45.0,200.0,202.0,,,,-40.61,,,,-40.61,1.0,,,,1.0,1년치 존재,1,94.34,4.83,3.67,52982.0,down,52.5,18000.0,14320.0,mixed,bear,,,,,KOSDAQ,17500,2122,32235,0.6,디스플레이장비및부품
37350,성도이엔지,6786.0,9996.0,7434.0,,,,123.0,273.0,577.0,,,,-25.63,,,,-25.63,111.36,,,,111.36,1년치 존재,1,137.55,0.26,10.9,261673.0,up,64.7,13910.0,6900.0,up,bull,,,,,KOSDAQ,13290,2021,211004,0.8,건설
122990,와이솔,3697.0,3750.0,3212.0,,,,135.0,5.0,-363.0,,,,-14.35,,,,-14.35,-7360.0,,,,-7360.0,1년치 존재,1,16.58,0.62,-12.66,108321.0,down,57.9,7740.0,6030.0,up,bull,,,,,KOSDAQ,7550,2011,67767,0.6,핸드셋
267320,나인테크,1230.0,1972.0,824.0,,,,-31.0,46.0,-89.0,,,,-58.22,,,,-58.22,-293.48,,,,-293.48,1년치 존재,1,16.13,1.91,-21.17,3314339.0,up,56.3,3965.0,2740.0,mixed,bull,,,,,KOSDAQ,3480,1998,2596,0.0,전기제품
340450,지씨지놈,273.0,259.0,315.0,390.0,,,2.0,-12.0,12.0,40.0,,,21.62,23.81,,,23.81,200.0,233.33,,,233.33,2년치 존재,2,36.97,2.56,7.26,247149.0,up,59.5,9310.0,6510.0,mixed,bull,,,,,KOSDAQ,8470,2003,282334,1.1,생명과학도구및서비스
474610,RF시스템즈,328.0,327.0,382.0,,,,18.0,17.0,41.0,,,,16.82,,,,16.82,141.18,,,,141.18,1년치 존재,1,,3.74,11.29,1309609.0,up,55.0,15980.0,5560.0,up,bear,,,,,KOSDAQ,13950,1996,679197,0.5,우주항공과국방
453450,그리드위즈,1319.0,1247.0,1256.0,,,,16.0,-43.0,8.0,,,,0.72,,,,0.72,118.6,,,,118.6,1년치 존재,1,,1.5,1.62,261085.0,up,65.1,26450.0,15360.0,up,bull,,,,,KOSDAQ,25150,1998,701,0.0,전기유틸리티
36710,심텍홀딩스,10930.0,13021.0,15281.0,,,,-2063.0,-1315.0,-343.0,,,,17.36,,,,17.36,73.92,,,,73.92,1년치 존재,1,,1.23,-147.91,564407.0,up,72.3,3840.0,2245.0,up,bull,,,,,KOSDAQ,3780,1997,403600,0.7,전자장비와기기
115310,인포바인,228.0,252.0,287.0,,,,78.0,79.0,65.0,,,,13.89,,,,13.89,-17.72,,,,-17.72,1년치 존재,1,9.48,0.43,6.75,11463.0,down,15.2,91100.0,12490.0,,bear,,,,,KOSDAQ,12490,1994,28001,2.4,IT서비스
282880,코윈테크,3360.0,2444.0,1547.0,2494.0,,,228.0,36.0,-254.0,191.0,,,-36.7,61.22,,,61.22,-805.56,175.2,,,175.2,2년치 존재,2,25.1,1.87,0.97,100645.0,up,67.7,18400.0,13330.0,mixed,bull,,,,,KOSDAQ,16980,1986,424813,4.2,기계
46440,KG파이낸셜,2796.0,2661.0,2338.0,2529.0,,,330.0,74.0,331.0,452.0,,,-12.14,8.17,,,8.17,347.3,36.56,,,347.3,2년치 존재,2,4.86,0.59,6.66,112083.0,down,50.9,5650.0,4700.0,up,bear_cross,,,,,KOSDAQ,5230,1988,88093,0.8,IT서비스
56090,시지메드텍,350.0,346.0,472.0,694.0,,,-16.0,-11.0,38.0,91.0,,,36.42,47.03,,,47.03,445.45,139.47,,,445.45,2년치 존재,2,114.27,3.09,7.18,1620252.0,down,38.6,3350.0,1606.0,down,bear_cross,,,,,KOSDAQ,1904,1966,1991686,1.2,건강관리장비와용품
158430,아톤,550.0,654.0,676.0,820.0,,,114.0,144.0,104.0,147.0,,,3.36,21.3,,,21.3,-27.78,41.35,,,41.35,2년치 존재,2,10.15,1.16,1.68,5203271.0,up,52.8,9910.0,5600.0,up,bear_cross,,,,,KOSDAQ,8010,1961,2860,0.0,소프트웨어
5160,동국산업,7570.0,7903.0,7278.0,,,,-271.0,120.0,70.0,,,,-7.91,,,,-7.91,-41.67,,,,-41.67,1년치 존재,1,,0.64,-2.64,236981.0,up,61.2,3860.0,2500.0,up,bull,,,,,KOSDAQ,3625,1966,385327,1.6,철강
119830,아이텍,522.0,486.0,485.0,,,,-73.0,-22.0,-3.0,,,,-0.21,,,,-0.21,86.36,,,,86.36,1년치 존재,1,,1.06,-2.75,222397.0,up,57.5,9600.0,5800.0,mixed,bull,,,,,KOSDAQ,7500,1976,182975,0.8,반도체와반도체장비
37070,파세코,1475.0,1578.0,1679.0,,,,-12.0,-168.0,33.0,,,,6.4,,,,6.4,119.64,,,,119.64,1년치 존재,1,257.75,1.95,4.39,108584.0,up,70.4,9810.0,7470.0,up,bull,,,,,KOSDAQ,9780,1956,61657,0.6,가정용기기와용품
82800,비보존 제약,713.0,876.0,593.0,,,,26.0,29.0,-192.0,,,,-32.31,,,,-32.31,-762.07,,,,-762.07,1년치 존재,1,,1.38,-36.21,316892.0,down,46.6,4780.0,2980.0,mixed,bull,,,,,KOSDAQ,3230,1961,1175134,3.7,제약
282720,금양그린파워,2389.0,2432.0,2648.0,2687.0,,,61.0,-171.0,4.0,73.0,,,8.88,1.47,,,8.88,102.34,1725.0,,,1725.0,2년치 존재,2,5.0,1.35,0.02,404746.0,up,59.0,18000.0,10180.0,up,bull,,,,,KOSDAQ,16100,1951,558080,1.4,에너지장비및서비스
86890,이수앱지스,543.0,603.0,567.0,,,,39.0,134.0,16.0,,,,-5.97,,,,-5.97,-88.06,,,,-88.06,1년치 존재,1,56.06,2.71,-9.92,142740.0,down,45.5,5790.0,4410.0,mixed,bull,,,,,KOSDAQ,4760,1941,78515,0.6,제약
473980,노머스,423.0,689.0,757.0,1020.0,,,-2.0,82.0,123.0,210.0,,,9.87,34.74,,,34.74,50.0,70.73,,,70.73,2년치 존재,2,20.17,1.87,15.64,64442.0,down,45.2,23900.0,15860.0,down,bear,,,,,KOSDAQ,17650,1952,54550,0.8,방송과엔터테인먼트
88130,동아엘텍,1651.0,1784.0,5824.0,,,,22.0,147.0,1132.0,,,,226.46,,,,226.46,670.07,,,,670.07,1년치 존재,1,,0.4,33.57,1453987.0,up,58.4,14620.0,6250.0,up,bull,,,,,KOSDAQ,11100,1941,1188,0.0,디스플레이장비및부품
123410,코리아에프티,6795.0,7359.0,7859.0,,,,339.0,375.0,454.0,,,,6.79,,,,6.79,21.07,,,,21.07,1년치 존재,1,3.3,0.59,18.48,127549.0,up,46.1,9250.0,6580.0,mixed,bull,,,,,KOSDAQ,6980,1943,181044,1.4,자동차부품
2230,피에스텍,696.0,806.0,972.0,,,,9.0,34.0,53.0,,,,20.6,,,,20.6,55.88,,,,55.88,1년치 존재,1,19.7,0.5,6.89,327959.0,up,53.0,16290.0,9000.0,mixed,bull,,,,,KOSDAQ,10360,1938,261537,0.8,전기제품
54920,한컴위드,4050.0,4482.0,7712.0,,,,7.0,13.0,61.0,,,,72.07,,,,72.07,369.23,,,,369.23,1년치 존재,1,104.07,0.58,5.53,5568404.0,up,57.7,7760.0,3970.0,up,bull,,,,,KOSDAQ,6860,1936,6254,0.0,비철금속
204610,티쓰리,510.0,593.0,695.0,827.0,,,76.0,105.0,170.0,205.0,,,17.2,18.99,,,18.99,61.9,20.59,,,61.9,2년치 존재,2,14.64,0.82,17.88,369155.0,up,73.0,3655.0,1798.0,up,bull,,,,,KOSDAQ,3515,1933,321960,0.9,게임엔터테인먼트
333430,일승,530.0,518.0,507.0,,,,53.0,69.0,109.0,,,,-2.12,,,,-2.12,57.97,,,,57.97,1년치 존재,1,22.24,2.25,17.79,371066.0,up,64.9,6330.0,4600.0,up,bull,,,,,KOSDAQ,6290,1933,2122,0.0,조선
38390,레드캡투어,3382.0,3589.0,3656.0,,,,388.0,436.0,468.0,,,,1.87,,,,1.87,7.34,,,,7.34,1년치 존재,1,8.05,0.65,11.36,37537.0,up,71.2,13010.0,10100.0,mixed,bull,,,,,KOSDAQ,11520,1926,106253,2.8,도로와철도운송
32940,원익,1299.0,1387.0,1507.0,,,,125.0,93.0,89.0,,,,8.65,,,,8.65,-4.3,,,,-4.3,1년치 존재,1,,0.27,4.14,183936.0,down,53.1,14400.0,8540.0,mixed,bull,,,,,KOSDAQ,10510,1912,126050,0.7,화장품
143160,아이디스,2782.0,3136.0,3276.0,,,,226.0,161.0,212.0,,,,4.46,,,,4.46,31.68,,,,31.68,1년치 존재,1,11.45,1.02,7.33,9575.0,down,48.1,20100.0,16700.0,mixed,bear,,,,,KOSDAQ,17830,1911,13232,1.4,전자장비와기기
264850,이랜시스,684.0,716.0,696.0,,,,54.0,59.0,39.0,,,,-2.79,,,,-2.79,-33.9,,,,-33.9,1년치 존재,1,24.64,2.64,8.01,286136.0,down,52.8,8530.0,5520.0,mixed,bull,,,,,KOSDAQ,6320,1915,536644,1.9,전자장비와기기
101170,우림피티에스,573.0,718.0,571.0,,,,25.0,-16.0,12.0,,,,-20.47,,,,-20.47,175.0,,,,175.0,1년치 존재,1,16.96,0.93,2.93,188951.0,up,53.2,18500.0,12230.0,mixed,bull,,,,,KOSDAQ,14210,1918,267513,1.4,기계
115500,케이씨에스,477.0,295.0,249.0,,,,32.0,20.0,21.0,,,,-15.59,,,,-15.59,5.0,,,,5.0,1년치 존재,1,29.99,4.27,13.11,1451245.0,down,56.9,23100.0,7780.0,up,bear,,,,,KOSDAQ,15870,1904,260686,0.2,IT서비스
16790,현대사료,1606.0,1285.0,1130.0,,,,-96.0,27.0,50.0,,,,-12.06,,,,-12.06,85.19,,,,85.19,1년치 존재,1,,2.45,88.99,,,,,,,,,,,,KOSDAQ,994,1873,0,,식품
452190,한빛레이저,227.0,185.0,242.0,,,,6.0,-26.0,20.0,,,,30.81,,,,30.81,176.92,,,,176.92,1년치 존재,1,,6.07,8.3,6739538.0,up,71.7,8020.0,3610.0,up,bull,,,,,KOSDAQ,7960,1904,7681971,1.1,전기제품
300080,플리토,178.0,203.0,360.0,,,,-51.0,-4.0,62.0,,,,77.34,,,,77.34,1650.0,,,,1650.0,1년치 존재,1,,34.72,45.69,89317.0,up,45.1,16130.0,10540.0,mixed,bull,,,,,KOSDAQ,11520,1901,87985,1.0,양방향미디어와서비스
220260,켐트로스,475.0,503.0,568.0,,,,34.0,38.0,10.0,,,,12.92,,,,12.92,-73.68,,,,-73.68,1년치 존재,1,67.83,3.08,-19.51,329938.0,down,54.6,6560.0,4760.0,up,bull,,,,,KOSDAQ,5980,1918,261442,0.8,화학
217820,원익피앤이,3068.0,2947.0,3907.0,,,,29.0,-487.0,14.0,,,,32.58,,,,32.58,102.87,,,,102.87,1년치 존재,1,,1.92,1.06,432160.0,up,65.0,4385.0,2885.0,mixed,bull,,,,,KOSDAQ,3975,1886,525799,1.2,전기제품
365330,에스와이스틸텍,1198.0,1170.0,974.0,,,,146.0,81.0,-27.0,,,,-16.75,,,,-16.75,-133.33,,,,-133.33,1년치 존재,1,9.28,2.71,-2.78,1147602.0,down,50.9,4160.0,3025.0,up,bear,,,,,KOSDAQ,3765,1889,608584,0.5,건축자재
47310,파워로직스,7732.0,7334.0,6865.0,,,,156.0,24.0,-64.0,,,,-6.39,,,,-6.39,-366.67,,,,-366.67,1년치 존재,1,14.17,1.25,-5.93,290822.0,down,49.6,6400.0,4430.0,mixed,bull,,,,,KOSDAQ,5180,1896,210484,0.7,핸드셋
217270,넵튠,997.0,1216.0,1225.0,,,,22.0,96.0,25.0,,,,0.74,,,,0.74,-73.96,,,,-73.96,1년치 존재,1,,0.84,-11.74,161084.0,down,51.8,5120.0,3645.0,mixed,bull,,,,,KOSDAQ,4065,1900,59904,0.4,게임엔터테인먼트
187790,나노,881.0,886.0,857.0,1245.0,,,16.0,17.0,55.0,130.0,,,-3.27,45.27,,,45.27,223.53,136.36,,,223.53,2년치 존재,2,,5.54,19.01,1432392.0,up,67.8,6710.0,3265.0,up,bull,,,,,KOSDAQ,6100,1881,250,0.0,화학
68790,DMS,3071.0,1096.0,1555.0,,,,728.0,-39.0,42.0,,,,41.88,,,,41.88,207.69,,,,207.69,1년치 존재,1,4.92,0.8,34.55,166688.0,down,51.5,9040.0,6800.0,,bull,,,,,KOSDAQ,8280,1869,200601,1.2,디스플레이장비및부품
86980,쇼박스,402.0,931.0,627.0,,,,-283.0,245.0,-117.0,,,,-32.65,,,,-32.65,-147.76,,,,-147.76,1년치 존재,1,,1.97,-12.56,367575.0,up,61.7,3005.0,2425.0,up,bull,,,,,KOSDAQ,2990,1873,357749,1.0,방송과엔터테인먼트
322180,LS티라유텍,544.0,575.0,589.0,,,,-38.0,-79.0,-43.0,,,,2.43,,,,2.43,45.57,,,,45.57,1년치 존재,1,,5.8,-15.4,207334.0,up,60.1,9770.0,6730.0,up,bull,,,,,KOSDAQ,8930,1868,340734,1.6,IT서비스
114840,아이패밀리에스씨,1487.0,2049.0,2241.0,2493.0,,,240.0,336.0,271.0,296.0,,,9.37,11.24,,,11.24,-19.35,9.23,,,9.23,2년치 존재,2,11.28,3.28,22.28,95542.0,down,44.1,16090.0,10390.0,mixed,bull,,,,,KOSDAQ,10800,1871,105528,1.1,화장품
334970,프레스티지바이오로직스,35.0,22.0,125.0,,,,-442.0,-334.0,-337.0,,,,468.18,,,,468.18,-0.9,,,,-0.9,1년치 존재,1,,2.73,-22.14,90190.0,up,42.9,2990.0,2300.0,mixed,bull,,,,,KOSDAQ,2380,1851,82628,0.9,제약
446540,메가터치,501.0,530.0,432.0,,,,-3.0,40.0,-42.0,,,,-18.49,,,,-18.49,-205.0,,,,-205.0,1년치 존재,1,,2.12,-5.32,701966.0,up,77.6,7300.0,3285.0,up,bull,,,,,KOSDAQ,7140,1854,80,0.0,전자장비와기기
92130,이크레더블,411.0,451.0,500.0,,,,126.0,150.0,156.0,,,,10.86,,,,10.86,4.0,,,,4.0,1년치 존재,1,14.25,3.68,28.08,7883.0,up,58.0,15870.0,14500.0,mixed,bull,,,,,KOSDAQ,15310,1844,8066,1.0,상업서비스와공급품
290740,액트로,1568.0,2031.0,2449.0,,,,47.0,24.0,66.0,,,,20.58,,,,20.58,175.0,,,,175.0,1년치 존재,1,14.12,1.1,10.37,204752.0,down,46.0,30750.0,15650.0,mixed,bull,,,,,KOSDAQ,18260,1838,86988,0.4,핸드셋
126730,코칩,329.0,334.0,383.0,,,,42.0,29.0,11.0,,,,14.67,,,,14.67,-62.07,,,,-62.07,1년치 존재,1,24.55,2.97,5.25,186971.0,up,60.1,21700.0,16100.0,up,bull,,,,,KOSDAQ,20950,1837,893890,4.8,전기제품
143240,사람인,1315.0,1284.0,1212.0,,,,253.0,213.0,168.0,,,,-5.61,,,,-5.61,-21.13,,,,-21.13,1년치 존재,1,10.8,1.09,41.37,36432.0,down,55.8,17600.0,12850.0,up,bear,,,,,KOSDAQ,17080,1833,12343,0.3,상업서비스와공급품
8830,대동기어,2812.0,2571.0,2209.0,,,,81.0,45.0,2.0,,,,-14.08,,,,-14.08,-95.56,,,,-95.56,1년치 존재,1,36.91,1.17,-5.75,324285.0,down,47.4,26100.0,17720.0,down,bear,,,,,KOSDAQ,20200,1815,184740,0.6,기계
53080,케이엔솔,4174.0,5792.0,4635.0,,,,185.0,264.0,-620.0,,,,-19.98,,,,-19.98,-334.85,,,,-334.85,1년치 존재,1,20.2,1.35,-35.08,248450.0,up,64.6,15110.0,10290.0,up,bull,,,,,KOSDAQ,13930,1811,341388,1.4,기계
48870,시너지이노베이션,832.0,906.0,1131.0,,,,150.0,161.0,192.0,,,,24.83,,,,24.83,19.25,,,,19.25,1년치 존재,1,97.97,1.27,1.53,263522.0,down,49.8,2460.0,1928.0,mixed,bull,,,,,KOSDAQ,2100,1850,241576,0.9,건강관리장비와용품
290690,소룩스,598.0,507.0,383.0,,,,5.0,-66.0,-67.0,,,,-24.46,,,,-24.46,-1.52,,,,-1.52,1년치 존재,1,,9.42,-9.35,668801.0,up,51.1,4145.0,2720.0,up,bear_cross,,,,,KOSDAQ,3770,1860,1113829,1.7,디스플레이장비및부품
39830,오로라,2326.0,2757.0,3281.0,,,,284.0,310.0,445.0,,,,19.01,,,,19.01,43.55,,,,43.55,1년치 존재,1,5.0,0.54,13.37,267202.0,up,77.0,16680.0,9190.0,mixed,bull,,,,,KOSDAQ,16680,1795,326,0.0,레저용장비와제품
149950,아바텍,758.0,845.0,809.0,860.0,,,22.0,58.0,61.0,105.0,,,-4.26,6.3,,,6.3,5.17,72.13,,,72.13,2년치 존재,2,47.4,1.42,4.66,125446.0,up,61.1,13880.0,8630.0,up,bull,,,,,KOSDAQ,13140,1796,64712,0.5,디스플레이장비및부품
71200,인피니트헬스케어,859.0,958.0,1024.0,,,,39.0,77.0,142.0,,,,6.89,,,,6.89,84.42,,,,84.42,1년치 존재,1,7.78,0.97,14.66,87265.0,up,67.8,7360.0,5960.0,mixed,bull,,,,,KOSDAQ,7360,1796,71580,0.8,건강관리기술
242040,나무기술,906.0,914.0,1023.0,,,,-8.0,-22.0,23.0,,,,11.93,,,,11.93,204.55,,,,204.55,1년치 존재,1,,1.8,-8.02,2018204.0,down,46.2,7240.0,2365.0,mixed,bear,,,,,KOSDAQ,5150,1782,2949,0.0,IT서비스
322510,제이엘케이,25.0,14.0,33.0,92.0,,,-71.0,-127.0,-132.0,,,,135.71,178.79,,,178.79,-3.94,,,,-3.94,2년치 존재,2,,29.81,-30.01,313758.0,up,52.5,9000.0,6310.0,mixed,bull,,,,,KOSDAQ,7180,1847,1504,0.0,건강관리기술
163730,핑거,831.0,716.0,916.0,1017.0,,,37.0,-5.0,15.0,76.0,,,27.93,11.03,,,27.93,400.0,406.67,,,406.67,2년치 존재,2,26.73,2.41,0.64,718638.0,up,75.0,20750.0,8760.0,up,bull,,,,,KOSDAQ,18950,1783,288021,0.4,IT서비스
24840,KBI메탈,6850.0,7027.0,7586.0,,,,78.0,175.0,243.0,,,,7.96,,,,7.96,38.86,,,,38.86,1년치 존재,1,777.95,0.42,-0.04,6887552.0,up,88.6,5100.0,1670.0,up,bull,,,,,KOSDAQ,5100,1780,39179527,5.7,전기장비
69510,에스텍,4146.0,5094.0,4682.0,,,,246.0,440.0,458.0,,,,-8.09,,,,-8.09,4.09,,,,4.09,1년치 존재,1,4.49,0.48,18.98,11056.0,up,69.9,16310.0,14230.0,up,bull,,,,,KOSDAQ,16310,1779,29251,2.6,전자장비와기기
66620,국보디자인,4013.0,4216.0,4389.0,,,,324.0,417.0,458.0,,,,4.1,,,,4.1,9.83,,,,9.83,1년치 존재,1,3.87,0.45,13.15,8644.0,up,56.9,26100.0,21200.0,mixed,bull,,,,,KOSDAQ,23600,1770,5828,0.7,건설
49430,코메론,706.0,739.0,723.0,728.0,734.0,741.0,90.0,199.0,180.0,183.0,186.0,190.0,-2.17,0.69,0.82,0.95,0.95,-9.55,1.67,1.64,2.15,2.15,4년치 존재,4,5.39,0.4,9.27,40928.0,up,48.6,23150.0,14250.0,mixed,bear,,,,,KOSDAQ,20250,1832,17829,0.4,기계
38290,마크로젠,1328.0,1358.0,1953.0,,,,-4.0,-65.0,2.0,,,,43.81,,,,43.81,103.08,,,,103.08,1년치 존재,1,,1.32,1.28,31141.0,down,43.9,18710.0,15320.0,mixed,bear_cross,,,,,KOSDAQ,16220,1758,25512,0.8,생명과학도구및서비스
86670,비엠티,1496.0,1328.0,1470.0,,,,174.0,65.0,153.0,,,,10.69,,,,10.69,135.38,,,,135.38,1년치 존재,1,7.29,1.01,13.96,119981.0,up,68.7,17790.0,11280.0,up,bull,,,,,KOSDAQ,17790,1766,104224,0.9,기계
108230,톱텍,6017.0,4736.0,1710.0,,,,690.0,125.0,-31.0,,,,-63.89,,,,-63.89,-124.8,,,,-124.8,1년치 존재,1,5.09,0.74,-3.74,126200.0,down,52.4,5180.0,4000.0,up,bull,,,,,KOSDAQ,4590,1745,75136,0.6,디스플레이장비및부품
166480,코아스템켐온,337.0,288.0,202.0,,,,-197.0,-220.0,-212.0,,,,-29.86,,,,-29.86,3.64,,,,3.64,1년치 존재,1,,8.32,-51.72,511094.0,up,68.1,3740.0,2230.0,up,bull,,,,,KOSDAQ,3320,1755,449126,0.9,생물공학
235980,메드팩토,,,39.0,,,,-289.0,-216.0,-140.0,,,,,,,,,35.19,,,,35.19,1년치 존재,1,,3.44,-24.7,159805.0,down,42.2,7700.0,4700.0,mixed,bull,,,,,KOSDAQ,5120,1755,138782,0.9,제약
49080,기가레인,443.0,417.0,403.0,,,,-118.0,-74.0,-125.0,,,,-3.36,,,,-3.36,-68.92,,,,-68.92,1년치 존재,1,,1.86,-23.44,32694337.0,up,51.8,2855.0,376.0,,bear,,,,,KOSDAQ,2070,1757,11459,0.0,통신장비
67280,멀티캠퍼스,3586.0,3527.0,3308.0,,,,403.0,389.0,319.0,,,,-6.21,,,,-6.21,-17.99,,,,-17.99,1년치 존재,1,6.41,1.04,11.72,10623.0,up,58.2,29900.0,26900.0,up,bull,,,,,KOSDAQ,29400,1742,11735,1.1,교육서비스
54540,삼영엠텍,957.0,1180.0,1185.0,,,,60.0,103.0,102.0,,,,0.42,,,,0.42,-0.97,,,,-0.97,1년치 존재,1,9.09,0.76,10.64,968339.0,up,56.8,15010.0,10300.0,mixed,bull,,,,,KOSDAQ,13430,1746,263042,0.3,조선
323990,박셀바이오,,19.0,71.0,,,,-115.0,-150.0,-155.0,,,,273.68,,,,273.68,-3.33,,,,-3.33,1년치 존재,1,,6.17,-20.04,94593.0,down,37.9,10330.0,7480.0,down,bear_cross,,,,,KOSDAQ,7480,1740,200,0.0,제약
47770,코데즈컴바인,420.0,396.0,397.0,,,,29.0,11.0,24.0,,,,0.25,,,,0.25,118.18,,,,118.18,1년치 존재,1,18.26,1.06,6.5,952484.0,down,49.3,5390.0,2870.0,mixed,bear,,,,,KOSDAQ,4595,1739,592928,0.6,"섬유,의류,신발,호화품"
42420,네오위즈홀딩스,3666.0,3681.0,4368.0,,,,174.0,204.0,552.0,,,,18.66,,,,18.66,170.59,,,,170.59,1년치 존재,1,30.93,0.5,10.08,10010.0,down,36.1,28950.0,21800.0,down,bull,,,,,KOSDAQ,21800,1775,16726,1.7,게임엔터테인먼트
11040,경동제약,1627.0,1939.0,1963.0,,,,-250.0,26.0,77.0,,,,1.24,,,,1.24,196.15,,,,196.15,1년치 존재,1,,0.79,3.8,31377.0,down,57.6,6030.0,5290.0,mixed,bull,,,,,KOSDAQ,5640,1735,21791,0.7,제약
107600,새빗켐,460.0,303.0,384.0,,,,-49.0,-62.0,-94.0,,,,26.73,,,,26.73,-51.61,,,,-51.61,1년치 존재,1,,5.33,-36.71,107864.0,up,53.6,36100.0,23000.0,up,bull,,,,,KOSDAQ,30700,1732,47834,0.4,전기제품
13990,아가방컴퍼니,1864.0,1827.0,1891.0,,,,166.0,152.0,140.0,,,,3.5,,,,3.5,-7.89,,,,-7.89,1년치 존재,1,9.63,0.72,6.69,238120.0,up,61.5,5370.0,4490.0,up,bull,,,,,KOSDAQ,5260,1730,281519,1.2,"섬유,의류,신발,호화품"
234030,싸이닉솔루션,1395.0,1674.0,1546.0,,,,35.0,53.0,25.0,,,,-7.65,,,,-7.65,-52.83,,,,-52.83,1년치 존재,1,111.91,4.7,6.2,203720.0,up,50.2,10180.0,6180.0,mixed,bull,,,,,KOSDAQ,7270,1716,263486,1.3,반도체와반도체장비
23910,대한약품,1959.0,2042.0,2086.0,2157.0,,,358.0,381.0,312.0,347.0,,,2.15,3.4,,,3.4,-18.11,11.22,,,11.22,2년치 존재,2,5.86,0.66,9.59,10893.0,down,43.6,30950.0,28200.0,mixed,bear_cross,,,,,KOSDAQ,28650,1719,21045,1.9,제약
47560,이스트소프트,925.0,1025.0,1068.0,,,,-89.0,-135.0,-190.0,,,,4.2,,,,4.2,-40.74,,,,-40.74,1년치 존재,1,,2.02,-29.79,71640.0,up,52.2,18250.0,12010.0,mixed,bull,,,,,KOSDAQ,14600,1714,54629,0.8,소프트웨어
456070,이엔셀,105.0,72.0,53.0,,,,-118.0,-157.0,-179.0,,,,-26.39,,,,-26.39,-14.01,,,,-14.01,1년치 존재,1,,4.32,-36.79,112324.0,up,49.4,17700.0,13400.0,mixed,bull,,,,,KOSDAQ,15580,1714,99624,0.9,제약
475580,에이럭스,548.0,550.0,630.0,,,,50.0,30.0,-105.0,,,,14.55,,,,14.55,-450.0,,,,-450.0,1년치 존재,1,50.9,3.76,-18.34,754526.0,up,49.5,14440.0,8270.0,up,bear,,,,,KOSDAQ,12770,1740,302673,0.4,교육서비스
148150,세경하이테크,3045.0,3203.0,2779.0,,,,362.0,315.0,18.0,,,,-13.24,,,,-13.24,-94.29,,,,-94.29,1년치 존재,1,21.79,1.77,22.13,177695.0,down,51.7,5170.0,3995.0,up,bear_cross,,,,,KOSDAQ,4790,1702,117317,0.7,핸드셋
357880,SKAI,243.0,198.0,156.0,,,,-124.0,-121.0,-44.0,,,,-21.21,,,,-21.21,63.64,,,,63.64,1년치 존재,1,,4.4,-129.35,3646202.0,down,42.5,5320.0,1462.0,mixed,bear,,,,,KOSDAQ,3300,1708,1221182,0.3,IT서비스
67000,조이시티,1496.0,1428.0,1404.0,1845.0,,,253.0,116.0,57.0,222.0,,,-1.68,31.41,,,31.41,-50.86,289.47,,,289.47,2년치 존재,2,34.03,1.79,-10.13,443481.0,down,45.9,3115.0,2175.0,down,bear,,,,,KOSDAQ,2450,1713,261783,0.6,게임엔터테인먼트
297890,HB솔루션,962.0,1315.0,628.0,,,,68.0,193.0,44.0,,,,-52.24,,,,-52.24,-77.2,,,,-77.2,1년치 존재,1,4.72,1.59,11.34,388440.0,up,62.1,2375.0,1802.0,up,bull,,,,,KOSDAQ,2300,1682,361898,0.9,디스플레이장비및부품
396270,넥스트칩,162.0,323.0,397.0,,,,-225.0,-184.0,-129.0,,,,22.91,,,,22.91,29.89,,,,29.89,1년치 존재,1,,12.12,-118.34,999091.0,up,59.4,5720.0,2640.0,up,bull,,,,,KOSDAQ,5160,1697,546487,0.5,반도체와반도체장비
172670,에이엘티,477.0,367.0,484.0,605.0,,,49.0,-122.0,-74.0,37.0,,,31.88,25.0,,,31.88,39.34,150.0,,,150.0,2년치 존재,2,36.16,1.92,-9.22,277184.0,up,78.0,18850.0,10430.0,up,bull,,,,,KOSDAQ,18730,1678,245098,0.9,반도체와반도체장비
65450,빅텍,549.0,715.0,830.0,,,,-43.0,18.0,44.0,,,,16.08,,,,16.08,144.44,,,,144.44,1년치 존재,1,,2.14,7.41,4540906.0,up,54.2,6420.0,3825.0,up,bear,,,,,KOSDAQ,5800,1669,742545,0.2,우주항공과국방
105330,케이엔더블유,954.0,785.0,811.0,,,,52.0,-23.0,-30.0,,,,3.31,,,,3.31,-30.43,,,,-30.43,1년치 존재,1,56.13,1.08,-4.61,113547.0,up,75.2,10440.0,5400.0,up,bull,,,,,KOSDAQ,10440,1677,68745,0.6,반도체와반도체장비
192440,슈피겐코리아,4474.0,4653.0,4637.0,,,,353.0,217.0,332.0,,,,-0.34,,,,-0.34,53.0,,,,53.0,1년치 존재,1,4.88,0.43,5.55,12295.0,down,54.5,28100.0,21950.0,mixed,bear,,,,,KOSDAQ,26750,1663,2577,0.2,핸드셋
7330,푸른저축은행,1028.0,979.0,1017.0,,,,90.0,68.0,169.0,,,,3.88,,,,3.88,148.53,,,,148.53,1년치 존재,1,8.34,0.33,6.33,32565.0,,,11220.0,10320.0,,,,,,,KOSDAQ,11220,1692,12905,0.4,기타금융
95190,신화프리텍,1022.0,854.0,925.0,,,,9.0,39.0,-48.0,,,,8.31,,,,8.31,-223.08,,,,-223.08,1년치 존재,1,,1.25,-6.9,279179.0,up,56.9,2610.0,2085.0,up,bull,,,,,KOSDAQ,2555,1667,7,0.0,기계
83500,에프엔에스테크,389.0,885.0,737.0,861.0,,,23.0,88.0,104.0,186.0,,,-16.72,16.82,,,16.82,18.18,78.85,,,78.85,2년치 존재,2,54.75,1.41,10.83,187498.0,down,54.9,21100.0,13200.0,up,bear_cross,,,,,KOSDAQ,19350,1659,149783,0.8,디스플레이장비및부품
256940,킵스파마,921.0,1276.0,1701.0,,,,31.0,62.0,16.0,,,,33.31,,,,33.31,-74.19,,,,-74.19,1년치 존재,1,30.53,2.1,-17.45,373505.0,up,48.2,9700.0,6600.0,up,bear,,,,,KOSDAQ,8240,1654,93,0.0,비철금속
360070,탑머티리얼,1222.0,1061.0,231.0,,,,138.0,-72.0,-352.0,,,,-78.23,,,,-78.23,-388.89,,,,-388.89,1년치 존재,1,27.44,3.1,-24.51,73891.0,up,55.4,22700.0,15460.0,up,bull,,,,,KOSDAQ,20300,1662,25150,0.3,전자장비와기기
389030,지니너스,70.0,65.0,105.0,,,,-101.0,-123.0,-117.0,,,,61.54,,,,61.54,4.88,,,,4.88,1년치 존재,1,,2.54,-110.87,980335.0,down,44.1,6270.0,2995.0,mixed,bear,,,,,KOSDAQ,4960,1663,567358,0.6,생물공학
40300,YTN,1305.0,1312.0,1342.0,,,,-93.0,-267.0,-136.0,,,,2.29,,,,2.29,49.06,,,,49.06,1년치 존재,1,,1.04,-7.16,1281797.0,down,56.8,3755.0,3010.0,mixed,bull,,,,,KOSDAQ,3470,1654,168749,0.1,방송과엔터테인먼트
24800,유성티엔에스,2373.0,1529.0,670.0,,,,21.0,49.0,12.0,,,,-56.18,,,,-56.18,-75.51,,,,-75.51,1년치 존재,1,1.43,0.18,10.89,67696.0,up,66.5,4460.0,2970.0,up,bull,,,,,KOSDAQ,4435,1643,98526,1.5,도로와철도운송
67990,도이치모터스,21960.0,21684.0,25491.0,,,,428.0,250.0,408.0,,,,17.56,,,,17.56,63.2,,,,63.2,1년치 존재,1,13.82,0.37,0.9,321143.0,up,84.8,5610.0,4050.0,up,bull,,,,,KOSDAQ,5610,1637,672883,2.1,자동차
90470,제이스로보틱스,721.0,636.0,307.0,,,,-4.0,-58.0,-237.0,,,,-51.73,,,,-51.73,-308.62,,,,-308.62,1년치 존재,1,,0.99,-16.55,111145.0,up,58.4,9950.0,5000.0,up,bull,,,,,KOSDAQ,9360,1636,66439,0.6,전자장비와기기
156100,엘앤케이바이오,299.0,361.0,389.0,,,,20.0,31.0,7.0,,,,7.76,,,,7.76,-77.42,,,,-77.42,1년치 존재,1,,5.74,-37.05,127061.0,down,33.8,15090.0,7310.0,down,bull,,,,,KOSDAQ,7310,1634,114164,0.9,건강관리장비와용품
41440,현대에버다임,3581.0,3551.0,2896.0,,,,120.0,100.0,54.0,,,,-18.45,,,,-18.45,-46.0,,,,-46.0,1년치 존재,1,17.8,0.62,2.44,572336.0,up,53.3,9520.0,7280.0,up,bear,,,,,KOSDAQ,9200,1648,240535,0.4,기계
182360,큐브엔터,1423.0,1026.0,872.0,,,,154.0,120.0,-73.0,,,,-15.01,,,,-15.01,-160.83,,,,-160.83,1년치 존재,1,24.07,3.32,-3.27,25949.0,down,48.8,13200.0,9910.0,mixed,bull,,,,,KOSDAQ,10460,1627,23176,0.9,방송과엔터테인먼트
23600,삼보판지,5556.0,5583.0,5399.0,,,,674.0,387.0,299.0,,,,-3.3,,,,-3.3,-22.74,,,,-22.74,1년치 존재,1,2.85,0.27,4.6,39524.0,up,55.6,10810.0,9330.0,up,bull,,,,,KOSDAQ,10090,1615,68372,1.7,포장재
408470,한패스,290.0,553.0,664.0,,,,17.0,52.0,82.0,,,,20.07,,,,20.07,57.69,,,,57.69,1년치 존재,1,,3.43,94.2,1326825.0,down,42.2,27200.0,14650.0,,bull,,,,,KOSDAQ,15310,1619,111864,0.1,IT서비스
59120,아진엑스텍,249.0,252.0,246.0,,,,-9.0,-42.0,10.0,,,,-2.38,,,,-2.38,123.81,,,,123.81,1년치 존재,1,200.72,2.24,2.05,1176736.0,up,67.3,10610.0,6230.0,mixed,bull,,,,,KOSDAQ,8910,1631,16776104,14.3,반도체와반도체장비
21080,에이티넘인베스트,1358.0,517.0,706.0,,,,248.0,135.0,320.0,,,,36.56,,,,36.56,137.04,,,,137.04,1년치 존재,1,8.57,0.93,12.96,422482.0,up,53.8,3785.0,2810.0,up,bull,,,,,KOSDAQ,3370,1618,288200,0.7,창업투자
66410,버킷스튜디오,172.0,175.0,173.0,,,,-74.0,-83.0,-62.0,,,,-1.14,,,,-1.14,25.3,,,,25.3,1년치 존재,1,,0.65,-33.51,,,,,,,,,,,,KOSDAQ,1153,1596,0,,IT서비스
85670,뉴프렉스,1951.0,1759.0,1541.0,,,,103.0,146.0,92.0,,,,-12.39,,,,-12.39,-36.99,,,,-36.99,1년치 존재,1,23.46,2.18,8.35,672782.0,up,57.3,7150.0,4590.0,up,bull,,,,,KOSDAQ,6600,1614,299849,0.4,전자장비와기기
46070,코다코,2933.0,2514.0,2710.0,,,,-674.0,-371.0,4.0,,,,7.8,,,,7.8,101.08,,,,101.08,1년치 존재,1,,11.62,-43.61,,,,,,,,,,,,KOSDAQ,10280,1592,0,,자동차부품
93190,빅솔론,1081.0,1135.0,1335.0,,,,93.0,94.0,159.0,,,,17.62,,,,17.62,69.15,,,,69.15,1년치 존재,1,9.91,0.5,9.57,30308.0,up,61.7,8400.0,6030.0,up,bull,,,,,KOSDAQ,8370,1610,32836,1.1,컴퓨터와주변기기
80420,모다이노칩,3900.0,3889.0,3581.0,,,,162.0,386.0,279.0,,,,-7.92,,,,-7.92,-27.72,,,,-27.72,1년치 존재,1,,0.56,-1.3,6552.0,up,52.1,2200.0,1810.0,mixed,bull,,,,,KOSDAQ,2010,1602,11625,1.8,전문소매
72870,메가스터디,1078.0,1343.0,1273.0,,,,104.0,238.0,205.0,,,,-5.21,,,,-5.21,-13.87,,,,-13.87,1년치 존재,1,5.99,0.4,8.36,39894.0,up,67.0,13610.0,10810.0,up,bull,,,,,KOSDAQ,13520,1612,27113,0.7,교육서비스
131030,옵투스제약,724.0,819.0,872.0,,,,82.0,86.0,89.0,,,,6.47,,,,6.47,3.49,,,,3.49,1년치 존재,1,7.99,0.6,7.36,494280.0,down,40.5,19260.0,7580.0,down,bear,,,,,KOSDAQ,9090,1604,116198,0.2,제약
260970,에스앤디,883.0,1161.0,1509.0,,,,129.0,201.0,230.0,,,,29.97,,,,29.97,14.43,,,,14.43,1년치 존재,1,5.95,0.8,26.71,23220.0,down,44.3,69200.0,50900.0,down,bear,,,,,KOSDAQ,55200,1597,25028,1.1,식품
388790,라이콤,195.0,131.0,177.0,,,,-21.0,-53.0,6.0,,,,35.11,,,,35.11,111.32,,,,111.32,1년치 존재,1,,3.33,0.15,2428813.0,down,46.7,8400.0,2375.0,,bear,,,,,KOSDAQ,5210,1595,859990,0.4,통신장비
93640,케이알엠,124.0,112.0,90.0,,,,-220.0,-99.0,-102.0,,,,-19.64,,,,-19.64,-3.03,,,,-3.03,1년치 존재,1,,3.09,-18.49,180176.0,up,55.4,5780.0,3395.0,up,bull,,,,,KOSDAQ,4885,1596,48914,0.3,반도체와반도체장비
215100,로보로보,143.0,135.0,134.0,,,,2.0,-15.0,-20.0,,,,-0.74,,,,-0.74,-33.33,,,,-33.33,1년치 존재,1,68.84,3.07,-4.48,255462.0,up,61.4,10490.0,6400.0,mixed,bull,,,,,KOSDAQ,7810,1589,1339,0.0,교육서비스
63570,NICE인프라,3584.0,3387.0,3840.0,4336.0,,,277.0,187.0,307.0,380.0,,,13.37,12.92,,,13.37,64.17,23.78,,,64.17,2년치 존재,2,14.73,1.03,3.92,109269.0,down,65.8,4715.0,3810.0,up,bull,,,,,KOSDAQ,4650,1588,251867,2.3,IT서비스
54800,아이디스홀딩스,7486.0,7814.0,9081.0,,,,447.0,631.0,897.0,,,,16.21,,,,16.21,42.16,,,,42.16,1년치 존재,1,5.59,0.38,11.11,10188.0,up,51.0,16580.0,11850.0,mixed,bear,,,,,KOSDAQ,15600,1614,15737,1.5,컴퓨터와주변기기
104460,디와이피엔에프,1441.0,2810.0,3963.0,,,,83.0,246.0,286.0,,,,41.03,,,,41.03,16.26,,,,16.26,1년치 존재,1,43.13,1.98,18.26,32332.0,up,54.5,15970.0,13000.0,mixed,bull,,,,,KOSDAQ,15090,1587,29494,0.9,기계
33340,좋은사람들,826.0,902.0,726.0,,,,13.0,13.0,-61.0,,,,-19.51,,,,-19.51,-569.23,,,,-569.23,1년치 존재,1,62.67,3.09,-24.09,1501066.0,down,42.3,2245.0,1586.0,down,bear,,,,,KOSDAQ,1627,1577,688,0.0,"섬유,의류,신발,호화품"
214680,디알텍,924.0,976.0,1163.0,,,,-1.0,-121.0,-139.0,,,,19.16,,,,19.16,-14.88,,,,-14.88,1년치 존재,1,,3.9,-32.14,403776.0,down,60.9,2265.0,1583.0,mixed,bull,,,,,KOSDAQ,1900,1586,352201,0.9,건강관리장비와용품
136540,윈스테크넷,1069.0,965.0,986.0,,,,231.0,203.0,212.0,,,,2.18,,,,2.18,4.43,,,,4.43,1년치 존재,1,7.98,0.81,10.15,243515.0,up,66.8,13050.0,10770.0,up,bull,,,,,KOSDAQ,13000,1596,199921,0.8,소프트웨어
5860,한일사료,3969.0,4310.0,4549.0,,,,18.0,37.0,59.0,,,,5.55,,,,5.55,59.46,,,,59.46,1년치 존재,1,1.5,1.11,3.94,3660192.0,up,50.3,4570.0,2985.0,mixed,bear,,,,,KOSDAQ,3945,1554,6923959,1.9,식품
396300,세아메카닉스,868.0,923.0,858.0,1369.0,,,20.0,-27.0,-18.0,74.0,,,-7.04,59.56,,,59.56,33.33,511.11,,,511.11,2년치 존재,2,16.99,1.54,1.95,2584206.0,up,71.4,5900.0,3335.0,up,bull,,,,,KOSDAQ,5900,1563,16857531,6.5,전자장비와기기
408920,메쎄이상,508.0,671.0,728.0,,,,112.0,171.0,190.0,,,,8.49,,,,8.49,11.11,,,,11.11,1년치 존재,1,19.22,1.74,20.79,58777.0,up,60.9,3670.0,3025.0,up,bull,,,,,KOSDAQ,3625,1567,35410,0.6,양방향미디어와서비스
3100,선광,1853.0,1868.0,1904.0,,,,391.0,364.0,414.0,,,,1.93,,,,1.93,13.74,,,,13.74,1년치 존재,1,3.97,0.29,9.55,30020.0,up,75.1,23850.0,19970.0,mixed,bull,,,,,KOSDAQ,23850,1574,170738,5.7,운송인프라
36010,아비코전자,1250.0,1209.0,1339.0,,,,-47.0,-49.0,83.0,,,,10.75,,,,10.75,269.39,,,,269.39,1년치 존재,1,,1.74,8.5,281661.0,up,70.4,11630.0,6920.0,up,bull,,,,,KOSDAQ,11630,1546,384165,1.4,전기제품
27710,팜스토리,15002.0,14539.0,14559.0,,,,262.0,408.0,350.0,,,,0.14,,,,0.14,-14.22,,,,-14.22,1년치 존재,1,17.86,0.84,11.16,1696157.0,up,54.4,1452.0,1118.0,mixed,bear,,,,,KOSDAQ,1379,1536,8463545,5.0,식품
62970,한국첨단소재,144.0,65.0,36.0,,,,-30.0,-48.0,-34.0,,,,-44.62,,,,-44.62,29.17,,,,29.17,1년치 존재,1,,2.94,-134.86,15274726.0,down,42.3,4160.0,2055.0,,bear,,,,,KOSDAQ,2710,1547,2326454,0.2,통신장비
464490,쿼드메디슨,10.0,93.0,107.0,147.0,,,-95.0,-44.0,-64.0,-33.0,,,15.05,37.38,,,37.38,-45.45,48.44,,,48.44,2년치 존재,2,,4.93,-32.69,97204.0,up,46.5,19390.0,12750.0,mixed,bull,,,,,KOSDAQ,13380,1536,79468,0.8,생물공학
123040,엠에스오토텍,20818.0,17775.0,17406.0,,,,1748.0,963.0,313.0,,,,-2.08,,,,-2.08,-67.5,,,,-67.5,1년치 존재,1,19.71,1.14,-43.22,252753.0,up,53.5,2990.0,2140.0,mixed,bull,,,,,KOSDAQ,2450,1534,161752,0.6,자동차부품
136150,원일티엔아이,419.0,422.0,296.0,,,,29.0,64.0,-18.0,,,,-29.86,,,,-29.86,-128.12,,,,-128.12,1년치 존재,1,,3.14,-4.89,48111.0,up,56.1,19640.0,14400.0,mixed,bull,,,,,KOSDAQ,18350,1538,63694,1.3,에너지장비및서비스
115440,우리넷,1191.0,1316.0,755.0,1158.0,,,85.0,201.0,19.0,87.0,,,-42.63,53.38,,,53.38,-90.55,357.89,,,357.89,2년치 존재,2,11.2,1.01,3.91,2711270.0,up,54.5,18720.0,6310.0,mixed,bear,,,,,KOSDAQ,14200,1533,1225811,0.5,통신장비
109740,디에스케이,715.0,226.0,432.0,,,,-97.0,-197.0,-227.0,,,,91.15,,,,91.15,-15.23,,,,-15.23,1년치 존재,1,42.72,1.0,-13.77,79584.0,up,61.5,7710.0,4840.0,mixed,bull,,,,,KOSDAQ,5960,1532,282572,3.6,전자장비와기기
53700,삼보모터스,14406.0,15706.0,16846.0,,,,516.0,543.0,617.0,,,,7.26,,,,7.26,13.63,,,,13.63,1년치 존재,1,4.25,0.41,5.06,233819.0,down,45.5,8350.0,5510.0,mixed,bull,,,,,KOSDAQ,6020,1528,312011,1.3,자동차부품
321370,센서뷰,85.0,156.0,190.0,,,,-180.0,-158.0,-116.0,,,,21.79,,,,21.79,26.58,,,,26.58,1년치 존재,1,,7.84,-92.68,,,,,,,,,,,,KOSDAQ,2940,1519,0,,통신장비
263720,디앤씨미디어,604.0,826.0,855.0,701.0,,,35.0,109.0,173.0,94.0,,,3.51,-18.01,,,3.51,58.72,-45.66,,,58.72,2년치 존재,2,77.1,3.88,8.7,24009.0,down,54.8,13200.0,10680.0,up,bull,,,,,KOSDAQ,12260,1522,27237,1.1,출판
100130,동국S&C,1786.0,1658.0,1197.0,,,,-353.0,-55.0,69.0,,,,-27.8,,,,-27.8,225.45,,,,225.45,1년치 존재,1,,0.75,-0.9,453158.0,up,69.0,2655.0,1770.0,up,bull_cross,,,,,KOSDAQ,2655,1517,2179305,4.8,에너지장비및서비스
41520,이엘씨,161.0,292.0,379.0,,,,-73.0,-47.0,-9.0,,,,29.79,,,,29.79,80.85,,,,80.85,1년치 존재,1,,0.46,4.68,49057.0,up,74.8,12890.0,6530.0,up,bull,,,,,KOSDAQ,12620,1538,59390,1.2,반도체와반도체장비
225190,LK삼양,390.0,320.0,214.0,,,,-11.0,-32.0,-169.0,,,,-33.12,,,,-33.12,-428.12,,,,-428.12,1년치 존재,1,131.63,3.18,-60.81,3117163.0,up,51.6,2685.0,1429.0,mixed,bull,,,,,KOSDAQ,2150,1515,1127471,0.4,전자장비와기기
21320,KCC건설,19096.0,18270.0,18334.0,,,,181.0,646.0,883.0,,,,0.35,,,,0.35,36.69,,,,36.69,1년치 존재,1,10.38,0.22,8.56,107402.0,up,52.5,7590.0,5260.0,up,bear_cross,,,,,KOSDAQ,7110,1522,98,0.0,건설
336680,탑런토탈솔루션,5139.0,5197.0,5501.0,6000.0,,,297.0,260.0,89.0,300.0,,,5.85,9.07,,,9.07,-65.77,237.08,,,237.08,2년치 존재,2,8.5,0.83,3.64,48502.0,down,50.3,5150.0,3500.0,mixed,bull,,,,,KOSDAQ,3875,1517,37005,0.8,자동차부품
38110,에코플라스틱,21606.0,22551.0,25620.0,,,,724.0,329.0,357.0,,,,13.61,,,,13.61,8.51,,,,8.51,1년치 존재,1,4.09,0.92,0.68,8666755.0,up,50.8,4300.0,2660.0,mixed,bear,,,,,KOSDAQ,3680,1515,13504,0.0,자동차부품
366030,공구우먼,530.0,499.0,450.0,,,,105.0,81.0,68.0,,,,-9.82,,,,-9.82,-16.05,,,,-16.05,1년치 존재,1,13.84,2.11,9.3,164556.0,up,69.2,6750.0,4680.0,up,bull,,,,,KOSDAQ,6750,1529,462098,2.8,"섬유,의류,신발,호화품"
382840,원준,1373.0,1499.0,1491.0,,,,46.0,124.0,70.0,,,,-0.53,,,,-0.53,-43.55,,,,-43.55,1년치 존재,1,49.72,2.33,-11.68,191001.0,up,56.0,10840.0,7930.0,up,bull,,,,,KOSDAQ,9910,1513,112591,0.6,전기제품
49960,쎌바이오텍,538.0,499.0,531.0,,,,22.0,68.0,79.0,,,,6.41,,,,6.41,16.18,,,,16.18,1년치 존재,1,16.73,0.83,7.92,21766.0,down,61.0,16550.0,13330.0,up,bull,,,,,KOSDAQ,16000,1504,13690,0.6,생물공학
306620,지아이에스,868.0,1045.0,758.0,,,,22.0,36.0,16.0,,,,-27.46,,,,-27.46,-55.56,,,,-55.56,1년치 존재,1,,2.53,-9.24,1043048.0,down,51.8,3580.0,2375.0,up,bear_cross,,,,,KOSDAQ,3245,1501,995862,1.0,반도체와반도체장비
331740,아우토크립트,220.0,233.0,255.0,372.0,,,-245.0,-180.0,-135.0,-30.0,,,9.44,45.88,,,45.88,25.0,77.78,,,77.78,2년치 존재,2,,4.72,-61.13,140745.0,down,45.2,20750.0,14120.0,mixed,bull,,,,,KOSDAQ,15240,1486,133770,1.0,자동차부품
250060,모비스,191.0,50.0,51.0,,,,-65.0,-24.0,-29.0,,,,2.0,,,,2.0,-20.83,,,,-20.83,1년치 존재,1,,6.32,-3.06,1509464.0,up,45.5,5930.0,4050.0,mixed,bear,,,,,KOSDAQ,4615,1485,1825,0.0,소프트웨어
417500,제이아이테크,434.0,573.0,536.0,,,,41.0,87.0,104.0,,,,-6.46,,,,-6.46,19.54,,,,19.54,1년치 존재,1,35.48,2.05,9.0,551593.0,down,47.0,5920.0,3290.0,up,bear,,,,,KOSDAQ,4580,1502,455,0.0,반도체와반도체장비
310200,애니플러스,1113.0,1310.0,1503.0,,,,229.0,251.0,227.0,,,,14.73,,,,14.73,-9.56,,,,-9.56,1년치 존재,1,16.62,1.57,10.39,173530.0,up,52.6,3380.0,2600.0,mixed,bull,,,,,KOSDAQ,2840,1481,171282,1.0,방송과엔터테인먼트
5990,매일홀딩스,21464.0,21902.0,21962.0,,,,822.0,783.0,640.0,,,,0.27,,,,0.27,-18.26,,,,-18.26,1년치 존재,1,2.25,0.27,7.8,4024.0,up,49.4,12280.0,10220.0,down,bear_cross,,,,,KOSDAQ,11140,1481,2207,0.5,식품
6620,동구바이오제약,2157.0,2493.0,2427.0,,,,146.0,127.0,92.0,,,,-2.65,,,,-2.65,-27.56,,,,-27.56,1년치 존재,1,13.64,1.42,39.12,89313.0,down,46.3,5710.0,4765.0,mixed,bear_cross,,,,,KOSDAQ,5150,1466,87824,1.0,제약
413630,씨피시스템,220.0,213.0,193.0,,,,63.0,33.0,21.0,,,,-9.39,,,,-9.39,-36.36,,,,-36.36,1년치 존재,1,,1.42,4.54,739992.0,up,54.4,4915.0,3355.0,mixed,bull,,,,,KOSDAQ,4055,1478,292697,0.4,기계
90850,현대이지웰,1180.0,1311.0,1426.0,,,,183.0,202.0,242.0,,,,8.77,,,,8.77,19.8,,,,19.8,1년치 존재,1,,1.61,23.24,42324.0,up,52.3,6590.0,5120.0,up,bull,,,,,KOSDAQ,6220,1477,36640,0.9,상업서비스와공급품
240550,동방메디컬,909.0,1051.0,1135.0,,,,165.0,150.0,170.0,,,,7.99,,,,7.99,13.33,,,,13.33,1년치 존재,1,13.65,1.18,11.54,123266.0,up,51.5,8270.0,6290.0,mixed,bull,,,,,KOSDAQ,6990,1463,126182,1.0,건강관리장비와용품
45970,코아시아,3776.0,3578.0,3751.0,,,,-255.0,-396.0,-22.0,,,,4.84,,,,4.84,94.44,,,,94.44,1년치 존재,1,,1.86,-16.66,184795.0,down,55.5,6540.0,4265.0,mixed,bull,,,,,KOSDAQ,5600,1474,177511,1.0,핸드셋
109610,에스와이,5537.0,5610.0,5016.0,,,,136.0,219.0,-66.0,,,,-10.59,,,,-10.59,-130.14,,,,-130.14,1년치 존재,1,,1.31,-8.24,322110.0,down,57.1,3185.0,2510.0,up,bull,,,,,KOSDAQ,2990,1462,247509,0.8,건축자재
37030,파워넷,1862.0,3227.0,4470.0,,,,71.0,133.0,246.0,,,,38.52,,,,38.52,84.96,,,,84.96,1년치 존재,1,,0.68,10.93,6988843.0,down,48.3,8540.0,2435.0,mixed,bear,,,,,KOSDAQ,5730,1462,926821,0.1,전기제품
476040,오가노이드사이언스,16.0,20.0,24.0,,,,-98.0,-122.0,-162.0,,,,20.0,,,,20.0,-32.79,,,,-32.79,1년치 존재,1,,5.98,-76.89,86253.0,up,42.6,32950.0,20700.0,mixed,bull,,,,,KOSDAQ,22400,1475,43482,0.5,생물공학
49720,고려신용정보,1582.0,1713.0,1780.0,,,,131.0,153.0,167.0,,,,3.91,,,,3.91,9.15,,,,9.15,1년치 존재,1,11.57,2.9,22.89,33056.0,down,39.7,10930.0,9890.0,down,bear,,,,,KOSDAQ,10060,1439,66060,2.0,상업서비스와공급품
129920,대성하이텍,928.0,928.0,952.0,,,,-66.0,-131.0,-23.0,,,,2.59,,,,2.59,82.44,,,,82.44,1년치 존재,1,,1.2,-8.73,428259.0,down,45.5,14700.0,4835.0,mixed,bear,,,,,KOSDAQ,10640,1459,502239,1.2,기계
96250,와이즈넛,352.0,349.0,347.0,,,,35.0,17.0,1.0,,,,-0.57,,,,-0.57,-94.12,,,,-94.12,1년치 존재,1,84.06,2.16,2.94,147118.0,down,54.3,13490.0,9130.0,mixed,bull,,,,,KOSDAQ,11150,1461,41239,0.3,소프트웨어
71280,로체시스템즈,1053.0,1601.0,1249.0,,,,119.0,198.0,144.0,,,,-21.99,,,,-21.99,-27.27,,,,-27.27,1년치 존재,1,10.75,0.83,9.43,108951.0,down,58.5,11040.0,7190.0,mixed,bull,,,,,KOSDAQ,9460,1447,91906,0.8,반도체와반도체장비
493330,지에프아이,181.0,242.0,450.0,,,,29.0,55.0,68.0,,,,85.95,,,,85.95,23.64,,,,23.64,1년치 존재,1,,2.73,-7.94,106789.0,up,62.8,19860.0,12200.0,up,bull,,,,,KOSDAQ,18850,1448,55795,0.5,전자장비와기기
443670,에스피소프트,352.0,451.0,545.0,,,,48.0,38.0,36.0,,,,20.84,,,,20.84,-5.26,,,,-5.26,1년치 존재,1,621.9,2.1,5.85,1310580.0,down,56.5,6630.0,4045.0,up,bull,,,,,KOSDAQ,5810,1437,549,0.0,IT서비스
122450,KX,4031.0,4038.0,3461.0,3705.0,,,620.0,597.0,384.0,452.0,,,-14.29,7.05,,,7.05,-35.68,17.71,,,17.71,2년치 존재,2,13.27,0.82,5.45,47479.0,down,49.6,3735.0,2990.0,mixed,bull,,,,,KOSDAQ,3190,1430,49671,1.0,복합기업
79810,APS이노베이션,1274.0,1464.0,740.0,,,,17.0,54.0,26.0,,,,-49.45,,,,-49.45,-51.85,,,,-51.85,1년치 존재,1,285.18,2.3,0.05,1762000.0,up,56.3,7800.0,3850.0,up,bear_cross,,,,,KOSDAQ,6670,1436,557944,0.3,전기제품
49950,미래컴퍼니,1095.0,673.0,409.0,,,,-17.0,-168.0,-247.0,,,,-39.23,,,,-39.23,-47.02,,,,-47.02,1년치 존재,1,87.34,2.09,-21.99,87147.0,up,57.5,18290.0,13060.0,mixed,bull,,,,,KOSDAQ,16200,1428,55338,0.6,디스플레이장비및부품
307930,컴퍼니케이,159.0,151.0,216.0,,,,-50.0,33.0,98.0,,,,43.05,,,,43.05,196.97,,,,196.97,1년치 존재,1,,1.45,9.25,708962.0,up,55.9,9760.0,6250.0,up,bear_cross,,,,,KOSDAQ,9120,1424,132361,0.2,창업투자
66310,큐에스아이,187.0,214.0,233.0,,,,-42.0,12.0,3.0,,,,8.88,,,,8.88,-75.0,,,,-75.0,1년치 존재,1,33.92,1.1,2.94,1986258.0,up,60.0,17870.0,7630.0,up,bear,,,,,KOSDAQ,15340,1422,2389,0.0,반도체와반도체장비
13310,아진산업,7643.0,7768.0,10089.0,,,,839.0,323.0,644.0,,,,29.88,,,,29.88,99.38,,,,99.38,1년치 존재,1,3.16,0.55,6.83,1144940.0,up,69.4,3840.0,2860.0,up,bull,,,,,KOSDAQ,3730,1447,1060149,0.9,자동차부품
255440,야스,418.0,286.0,348.0,,,,-36.0,-97.0,-65.0,,,,21.68,,,,21.68,32.99,,,,32.99,1년치 존재,1,,0.88,-4.07,71889.0,down,44.5,12270.0,8930.0,mixed,bear,,,,,KOSDAQ,10850,1417,40888,0.6,디스플레이장비및부품
187870,디바이스,572.0,472.0,841.0,,,,43.0,42.0,173.0,,,,78.18,,,,78.18,311.9,,,,311.9,1년치 존재,1,14.43,1.44,11.11,250810.0,down,39.9,38300.0,15490.0,mixed,bear,,,,,KOSDAQ,20200,1421,128488,0.5,디스플레이장비및부품
89230,THE E&M,317.0,222.0,123.0,,,,-77.0,-75.0,-86.0,,,,-44.59,,,,-44.59,-14.67,,,,-14.67,1년치 존재,1,,1.21,-76.37,1445982.0,up,71.3,3890.0,1002.0,up,bull,,,,,KOSDAQ,3890,1413,599486,0.4,양방향미디어와서비스
159010,아스플로,869.0,836.0,679.0,,,,64.0,-19.0,-70.0,,,,-18.78,,,,-18.78,-268.42,,,,-268.42,1년치 존재,1,38.83,2.38,-19.67,332637.0,up,75.0,10930.0,4565.0,up,bull,,,,,KOSDAQ,10590,1412,230427,0.7,기계
52420,오성첨단소재,1049.0,1464.0,1657.0,,,,127.0,222.0,301.0,,,,13.18,,,,13.18,35.59,,,,35.59,1년치 존재,1,9.19,0.54,12.48,1227742.0,down,51.5,1606.0,1270.0,mixed,bear_cross,,,,,KOSDAQ,1448,1411,1106453,0.9,디스플레이장비및부품
246710,티앤알바이오팹,52.0,49.0,270.0,,,,-127.0,-133.0,-91.0,,,,451.02,,,,451.02,31.58,,,,31.58,1년치 존재,1,,6.63,-147.79,368512.0,down,43.8,3535.0,2700.0,down,bear,,,,,KOSDAQ,2960,1411,296473,0.8,생물공학
89600,KT나스미디어,1468.0,1426.0,1179.0,1281.0,,,205.0,199.0,123.0,193.0,,,-17.32,8.65,,,8.65,-38.19,56.91,,,56.91,2년치 존재,2,15.43,1.18,3.35,13541.0,up,65.3,13970.0,11320.0,mixed,bull,,,,,KOSDAQ,12190,1410,25329,1.9,광고
141000,비아트론,280.0,580.0,651.0,,,,-17.0,68.0,92.0,,,,12.24,,,,12.24,35.29,,,,35.29,1년치 존재,1,65.75,0.59,6.0,142826.0,up,60.4,11990.0,7850.0,up,bear,,,,,KOSDAQ,11590,1404,77988,0.5,디스플레이장비및부품
225530,HC보광산업,855.0,639.0,385.0,,,,189.0,89.0,-49.0,,,,-39.75,,,,-39.75,-155.06,,,,-155.06,1년치 존재,1,11.82,2.07,-2.6,114608.0,down,56.2,4260.0,2650.0,mixed,bear,,,,,KOSDAQ,3880,1410,89580,0.8,건축자재
263860,지니언스,429.0,496.0,484.0,531.0,,,65.0,98.0,70.0,99.0,,,-2.42,9.71,,,9.71,-28.57,41.43,,,41.43,2년치 존재,2,19.07,2.15,12.6,236137.0,down,53.0,18690.0,12800.0,mixed,bull,,,,,KOSDAQ,15530,1410,92275,0.4,소프트웨어
42510,라온시큐어,518.0,625.0,638.0,700.0,,,-17.0,20.0,28.0,58.0,,,2.08,9.72,,,9.72,40.0,107.14,,,107.14,2년치 존재,2,23.76,2.89,6.5,1276976.0,up,57.0,15410.0,7750.0,up,bear_cross,,,,,KOSDAQ,12560,1407,786,0.0,소프트웨어
35080,그래디언트,34239.0,33179.0,30616.0,,,,29.0,-55.0,-296.0,,,,-7.72,,,,-7.72,-438.18,,,,-438.18,1년치 존재,1,,0.33,-7.61,38320.0,down,53.7,14090.0,9380.0,up,bull,,,,,KOSDAQ,12110,1384,48689,1.3,인터넷과카탈로그소매
131370,알서포트,504.0,475.0,488.0,,,,79.0,37.0,24.0,,,,2.74,,,,2.74,-35.14,,,,-35.14,1년치 존재,1,27.02,2.07,1.85,1198868.0,up,51.2,2785.0,2000.0,mixed,bear,,,,,KOSDAQ,2610,1390,338847,0.3,소프트웨어
228670,레이,1459.0,798.0,1113.0,,,,61.0,-443.0,-98.0,,,,39.47,,,,39.47,77.88,,,,77.88,1년치 존재,1,,2.78,4.19,860891.0,down,57.0,10890.0,4740.0,up,bear,,,,,KOSDAQ,8810,1378,290934,0.3,건강관리장비와용품
192410,오늘이엔엠,174.0,130.0,167.0,,,,-85.0,-65.0,-18.0,,,,28.46,,,,28.46,72.31,,,,72.31,1년치 존재,1,,1.12,-405.07,407545.0,down,52.6,8140.0,3020.0,,,,,,,KOSDAQ,5900,1377,126,0.0,통신장비
309960,LB인베스트먼트,276.0,303.0,264.0,,,,85.0,109.0,97.0,,,,-12.87,,,,-12.87,-11.01,,,,-11.01,1년치 존재,1,16.41,0.93,10.11,206671.0,up,54.0,7030.0,5150.0,mixed,bull,,,,,KOSDAQ,5900,1370,63605,0.3,창업투자
52260,현대바이오랜드,967.0,1195.0,1305.0,,,,135.0,164.0,127.0,,,,9.21,,,,9.21,-22.56,,,,-22.56,1년치 존재,1,18.58,1.1,0.18,61816.0,up,68.6,4665.0,3990.0,up,bull,,,,,KOSDAQ,4590,1377,169866,2.7,화장품
226400,오스테오닉,278.0,342.0,454.0,,,,48.0,69.0,89.0,,,,32.75,,,,32.75,28.99,,,,28.99,1년치 존재,1,26.09,1.84,11.83,97238.0,up,47.7,7090.0,5670.0,up,bear_cross,,,,,KOSDAQ,6630,1370,137488,1.4,건강관리장비와용품
47820,초록뱀미디어,2413.0,2103.0,1722.0,,,,-3.0,-154.0,28.0,,,,-18.12,,,,-18.12,118.18,,,,118.18,1년치 존재,1,,0.74,1.05,189203.0,up,73.1,5730.0,4065.0,up,bull,,,,,KOSDAQ,5590,1367,111,0.0,방송과엔터테인먼트
67900,와이엔텍,1214.0,1138.0,1170.0,,,,321.0,303.0,261.0,,,,2.81,,,,2.81,-13.86,,,,-13.86,1년치 존재,1,5.49,0.52,9.37,54545.0,up,60.3,8090.0,6410.0,up,bull,,,,,KOSDAQ,7490,1363,55573,1.0,해운사
217330,싸이토젠,32.0,109.0,261.0,,,,-118.0,-107.0,-82.0,,,,139.45,,,,139.45,23.36,,,,23.36,1년치 존재,1,,5.63,-29.34,373189.0,up,67.6,7550.0,3835.0,mixed,bull,,,,,KOSDAQ,5900,1365,963,0.0,건강관리업체및서비스
95270,웨이브일렉트로,780.0,780.0,805.0,,,,24.0,19.0,-16.0,,,,3.21,,,,3.21,-184.21,,,,-184.21,1년치 존재,1,114.7,1.12,2.79,1392971.0,up,60.9,10600.0,4295.0,up,bear,,,,,KOSDAQ,9420,1354,1051,0.0,우주항공과국방
25950,동신건설,827.0,690.0,334.0,,,,63.0,6.0,-22.0,,,,-51.59,,,,-51.59,-466.67,,,,-466.67,1년치 존재,1,18.54,1.5,0.15,184302.0,up,48.7,19300.0,14470.0,up,bear_cross,,,,,KOSDAQ,16500,1386,34155,0.2,건설
23900,풍국주정,1685.0,1563.0,1635.0,,,,117.0,125.0,168.0,,,,4.61,,,,4.61,34.4,,,,34.4,1년치 존재,1,18.23,0.99,6.1,620904.0,down,59.8,11140.0,8750.0,mixed,bear,,,,,KOSDAQ,10710,1349,679,0.0,화학
39980,폴라리스AI,594.0,531.0,436.0,,,,15.0,-13.0,-47.0,,,,-17.89,,,,-17.89,-261.54,,,,-261.54,1년치 존재,1,53.52,0.71,-0.82,19050142.0,down,89.9,9630.0,1239.0,,bull,,,,,KOSDAQ,9300,1354,9709671,0.5,IT서비스
86710,선진뷰티사이언스,726.0,794.0,808.0,,,,90.0,106.0,61.0,,,,1.76,,,,1.76,-42.45,,,,-42.45,1년치 존재,1,17.85,1.41,7.29,93015.0,up,63.6,11450.0,8300.0,up,bull,,,,,KOSDAQ,11030,1346,102891,1.1,화장품
269620,시스웍,145.0,129.0,110.0,,,,-30.0,-18.0,-26.0,,,,-14.73,,,,-14.73,-44.44,,,,-44.44,1년치 존재,1,,,25.45,,,,,,,,,,,,KOSDAQ,889,1321,0,,전자장비와기기
205100,엑셈,539.0,494.0,478.0,,,,49.0,66.0,37.0,,,,-3.24,,,,-3.24,-43.94,,,,-43.94,1년치 존재,1,14.68,1.45,5.71,482996.0,up,59.4,2220.0,1601.0,mixed,bull,,,,,KOSDAQ,1957,1383,2639198,5.5,소프트웨어
440,중앙에너비스,555.0,498.0,496.0,,,,-7.0,-17.0,-17.0,,,,-0.4,,,,-0.4,0.0,,,,0.0,1년치 존재,1,,1.37,-2.09,218468.0,up,45.7,32800.0,15550.0,down,bull,,,,,KOSDAQ,21600,1345,430255,2.0,석유와가스
273640,와이엠텍,349.0,309.0,291.0,,,,60.0,43.0,17.0,,,,-5.83,,,,-5.83,-60.47,,,,-60.47,1년치 존재,1,24.75,2.74,5.65,448695.0,up,83.8,12250.0,6450.0,up,bull,,,,,KOSDAQ,12250,1343,219392,0.5,전기제품
317770,엑스페릭스,119.0,147.0,215.0,,,,-42.0,-32.0,-14.0,,,,46.26,,,,46.26,56.25,,,,56.25,1년치 존재,1,,2.46,-27.8,636806.0,down,59.0,4190.0,2560.0,up,bull,,,,,KOSDAQ,3685,1345,508510,0.8,전자장비와기기
42500,링네트,2177.0,1639.0,1831.0,,,,163.0,137.0,143.0,,,,11.71,,,,11.71,4.38,,,,4.38,1년치 존재,1,5.17,0.6,9.65,2141388.0,up,68.3,6350.0,3480.0,up,bull,,,,,KOSDAQ,6010,1340,3962,0.0,IT서비스
54050,농우바이오,1358.0,1447.0,1588.0,,,,89.0,111.0,136.0,,,,9.74,,,,9.74,22.52,,,,22.52,1년치 존재,1,12.97,0.52,4.48,44715.0,down,50.0,8510.0,7620.0,mixed,bull,,,,,KOSDAQ,8080,1295,73495,1.6,생물공학
381620,제닉스로보틱스,613.0,635.0,227.0,,,,32.0,43.0,-123.0,,,,-64.25,,,,-64.25,-386.05,,,,-386.05,1년치 존재,1,15.45,2.73,0.04,240231.0,up,58.9,14500.0,8340.0,mixed,bull,,,,,KOSDAQ,10180,1335,1981374,8.2,기계
463020,뉴엔AI,179.0,197.0,188.0,,,,15.0,4.0,-11.0,,,,-4.57,,,,-4.57,-375.0,,,,-375.0,1년치 존재,1,,2.44,-2.83,333013.0,up,59.1,16950.0,11100.0,up,bull,,,,,KOSDAQ,14720,1307,332742,1.0,IT서비스
337930,젝시믹스,2326.0,2716.0,2741.0,,,,182.0,249.0,173.0,,,,0.92,,,,0.92,-30.52,,,,-30.52,1년치 존재,1,16.54,2.1,10.37,149010.0,down,49.6,5800.0,4015.0,mixed,bull,,,,,KOSDAQ,4395,1304,103490,0.7,"섬유,의류,신발,호화품"
36220,오상헬스케어,3558.0,805.0,1286.0,,,,1428.0,-248.0,24.0,,,,59.75,,,,59.75,109.68,,,,109.68,1년치 존재,1,,0.44,1.1,219129.0,down,46.9,11220.0,8220.0,mixed,bull,,,,,KOSDAQ,9070,1298,38858,0.2,생명과학도구및서비스
91120,이엠텍,2635.0,1676.0,2051.0,,,,-146.0,-305.0,-199.0,,,,22.37,,,,22.37,34.75,,,,34.75,1년치 존재,1,,2.91,-5.73,76597.0,up,67.1,8400.0,5960.0,mixed,bull,,,,,KOSDAQ,7520,1288,188996,2.5,핸드셋
950130,엑세스바이오,3486.0,1125.0,313.0,,,,216.0,-42.0,-634.0,,,,-72.18,,,,-72.18,-1409.52,,,,-1409.52,1년치 존재,1,,0.48,-13.65,278448.0,down,55.7,3785.0,2725.0,up,bull,,,,,KOSDAQ,3415,1288,38736,0.1,생명과학도구및서비스
29480,광무,242.0,65.0,76.0,,,,-26.0,-47.0,-42.0,,,,16.92,,,,16.92,10.64,,,,10.64,1년치 존재,1,12.56,0.85,-12.98,599602.0,up,47.2,2745.0,1978.0,down,bear_cross,,,,,KOSDAQ,2140,1278,232444,0.4,IT서비스
92040,아미코젠,1599.0,1736.0,420.0,,,,21.0,-71.0,-171.0,,,,-75.81,,,,-75.81,-140.85,,,,-140.85,1년치 존재,1,,2.34,-27.61,1017300.0,down,50.2,2205.0,1175.0,up,bear,,,,,KOSDAQ,1812,1280,664220,0.7,생물공학
265740,엔에프씨,429.0,402.0,716.0,1000.0,,,41.0,-71.0,125.0,180.0,,,78.11,39.66,,,78.11,276.06,44.0,,,276.06,2년치 존재,2,21.38,1.29,16.68,207776.0,down,48.2,9400.0,4990.0,down,bull,,,,,KOSDAQ,7140,1275,176353,0.8,화장품
9780,엠에스씨,1890.0,1898.0,1977.0,,,,237.0,275.0,297.0,,,,4.16,,,,4.16,8.0,,,,8.0,1년치 존재,1,5.02,0.62,12.83,21026.0,down,53.7,8150.0,6530.0,mixed,bull,,,,,KOSDAQ,7240,1274,35507,1.7,식품
396470,워트,128.0,152.0,152.0,,,,15.0,20.0,25.0,,,,0.0,,,,0.0,25.0,,,,25.0,1년치 존재,1,53.8,2.46,5.52,142570.0,down,61.5,8080.0,6010.0,up,bull,,,,,KOSDAQ,7870,1269,642,0.0,반도체와반도체장비
389140,포바이포,338.0,333.0,337.0,,,,-163.0,-139.0,-74.0,,,,1.2,,,,1.2,46.76,,,,46.76,1년치 존재,1,,2.25,-29.76,449560.0,up,49.8,13280.0,6760.0,mixed,bull,,,,,KOSDAQ,8870,1266,263695,0.6,방송과엔터테인먼트
36690,코맥스,1180.0,1172.0,851.0,,,,-284.0,-123.0,-142.0,,,,-27.39,,,,-27.39,-15.45,,,,-15.45,1년치 존재,1,,3.45,-85.66,,,,,,,,,,,,KOSDAQ,2885,1257,0,,통신장비
489460,바이오비쥬,171.0,296.0,285.0,306.0,,,52.0,92.0,42.0,74.0,,,-3.72,7.37,,,7.37,-54.35,76.19,,,76.19,2년치 존재,2,45.22,2.03,12.83,61543.0,down,43.6,13700.0,7800.0,mixed,bull,,,,,KOSDAQ,8370,1259,38169,0.6,화장품
32300,한국파마,832.0,813.0,876.0,,,,63.0,61.0,-9.0,,,,7.75,,,,7.75,-114.75,,,,-114.75,1년치 존재,1,3079.42,3.76,-3.77,20133.0,down,48.1,14090.0,10800.0,mixed,bull,,,,,KOSDAQ,11600,1265,17356,0.9,제약
411080,샌즈랩,117.0,83.0,116.0,,,,-9.0,-37.0,-18.0,,,,39.76,,,,39.76,51.35,,,,51.35,1년치 존재,1,264.85,2.64,-1.08,1582546.0,up,63.1,8700.0,5310.0,up,bull,,,,,KOSDAQ,8230,1257,397860,0.3,소프트웨어
54620,APS,410.0,940.0,849.0,,,,-186.0,-226.0,-68.0,,,,-9.68,,,,-9.68,69.91,,,,69.91,1년치 존재,1,10.69,0.57,-1.75,452304.0,down,41.3,9500.0,4250.0,mixed,bear,,,,,KOSDAQ,6830,1256,205088,0.5,반도체와반도체장비
88390,이녹스,617.0,562.0,591.0,,,,51.0,65.0,65.0,,,,5.16,,,,5.16,0.0,,,,0.0,1년치 존재,1,,1.13,12.9,77489.0,up,54.4,16850.0,10490.0,mixed,bull,,,,,KOSDAQ,13370,1255,66916,0.9,레저용장비와제품
251120,바이오에프디엔씨,156.0,161.0,192.0,201.0,,,50.0,49.0,63.0,69.0,,,19.25,4.69,,,19.25,28.57,9.52,,,28.57,2년치 존재,2,21.98,2.05,10.05,19000.0,down,51.8,16180.0,12910.0,mixed,bull,,,,,KOSDAQ,14310,1244,16573,0.9,생물공학
44990,에이치엔에스하이텍,806.0,762.0,819.0,,,,140.0,134.0,97.0,,,,7.48,,,,7.48,-27.61,,,,-27.61,1년치 존재,1,4.16,1.44,8.51,54453.0,up,55.5,17510.0,14200.0,mixed,bull,,,,,KOSDAQ,16300,1253,35875,0.7,전자장비와기기
117670,알파칩스,799.0,853.0,823.0,,,,-28.0,-14.0,-20.0,,,,-3.52,,,,-3.52,-42.86,,,,-42.86,1년치 존재,1,,2.1,-3.73,43908.0,up,59.3,20550.0,13550.0,up,bull,,,,,KOSDAQ,18820,1254,74232,1.7,반도체와반도체장비
262260,에이프로,2360.0,2002.0,1471.0,,,,155.0,34.0,-58.0,,,,-26.52,,,,-26.52,-270.59,,,,-270.59,1년치 존재,1,16.13,2.77,-7.36,255014.0,up,70.3,9400.0,4470.0,up,bull,,,,,KOSDAQ,8630,1249,615246,2.4,전자장비와기기
49520,유아이엘,3321.0,4247.0,4123.0,,,,85.0,211.0,264.0,,,,-2.92,,,,-2.92,25.12,,,,25.12,1년치 존재,1,10.42,0.72,11.23,163426.0,down,48.0,4285.0,3610.0,mixed,bear,,,,,KOSDAQ,4035,1244,119197,0.7,핸드셋
100700,세운메디칼,682.0,602.0,637.0,,,,169.0,114.0,127.0,,,,5.81,,,,5.81,11.4,,,,11.4,1년치 존재,1,8.38,0.92,8.01,3485218.0,down,53.1,3035.0,2335.0,mixed,bear,,,,,KOSDAQ,2840,1244,235865,0.1,건강관리장비와용품
78890,가온그룹,5364.0,4893.0,5175.0,5520.0,,,-189.0,-419.0,125.0,180.0,,,5.76,6.67,,,6.67,129.83,44.0,,,129.83,2년치 존재,2,,0.47,5.35,666746.0,down,52.0,7850.0,5200.0,up,bear,,,,,KOSDAQ,6740,1242,458957,0.7,전자제품
38540,상상인,9370.0,5883.0,4186.0,,,,-647.0,-764.0,-482.0,,,,-28.85,,,,-28.85,36.91,,,,36.91,1년치 존재,1,,0.31,-27.56,101411.0,up,52.9,2345.0,1850.0,up,bear_cross,,,,,KOSDAQ,2230,1234,89669,0.9,기타금융
432470,케이엔에스,300.0,270.0,412.0,,,,40.0,8.0,-16.0,,,,52.59,,,,52.59,-300.0,,,,-300.0,1년치 존재,1,62.6,5.53,-2.0,105617.0,up,51.8,16750.0,12010.0,mixed,bull,,,,,KOSDAQ,14150,1241,82270,0.8,전기제품
339950,아이비김영,947.0,1071.0,1195.0,1316.0,,,89.0,165.0,191.0,225.0,,,11.58,10.13,,,11.58,15.76,17.8,,,17.8,2년치 존재,2,10.75,1.79,32.19,181784.0,up,61.3,2850.0,2050.0,up,bull,,,,,KOSDAQ,2725,1225,116872,0.6,교육서비스
63170,서울옥션,450.0,206.0,213.0,,,,-35.0,-34.0,-40.0,,,,3.4,,,,3.4,-17.65,,,,-17.65,1년치 존재,1,,1.81,-8.52,85979.0,down,40.9,9800.0,6790.0,down,bull,,,,,KOSDAQ,6880,1223,74954,0.9,판매업체
331920,셀레믹스,66.0,67.0,58.0,,,,-58.0,-19.0,-33.0,,,,-13.43,,,,-13.43,-73.68,,,,-73.68,1년치 존재,1,,2.17,-29.78,276698.0,down,52.7,18200.0,2980.0,up,bear,,,,,KOSDAQ,14990,1224,159014,0.6,생물공학
73560,우리손에프앤지,2793.0,2927.0,2871.0,,,,46.0,275.0,327.0,,,,-1.91,,,,-1.91,18.91,,,,18.91,1년치 존재,1,1.0,0.42,7.36,203515.0,down,61.0,2130.0,1598.0,mixed,bull,,,,,KOSDAQ,1777,1230,183113,0.9,식품
74430,아미노로직스,209.0,168.0,220.0,,,,15.0,-22.0,36.0,,,,30.95,,,,30.95,263.64,,,,263.64,1년치 존재,1,48.45,2.17,6.54,265169.0,down,42.9,1652.0,1299.0,mixed,bear,,,,,KOSDAQ,1387,1218,252500,1.0,제약
3310,대주산업,1050.0,1060.0,1010.0,,,,77.0,100.0,106.0,,,,-4.72,,,,-4.72,6.0,,,,6.0,1년치 존재,1,5.95,0.79,6.92,1954650.0,down,40.3,5430.0,3385.0,down,bear,,,,,KOSDAQ,3455,1223,581727,0.3,식품
78140,대봉엘에스,876.0,940.0,1021.0,,,,38.0,91.0,73.0,,,,8.62,,,,8.62,-19.78,,,,-19.78,1년치 존재,1,24.28,0.83,7.37,25484.0,down,58.5,12210.0,9560.0,mixed,bull,,,,,KOSDAQ,10880,1206,16861,0.7,제약
223250,드림씨아이에스,478.0,587.0,666.0,916.0,,,16.0,51.0,52.0,106.0,,,13.46,37.54,,,37.54,1.96,103.85,,,103.85,2년치 존재,2,20.64,1.41,9.87,76566.0,up,48.2,6620.0,4570.0,mixed,bull,,,,,KOSDAQ,4950,1218,99583,1.3,제약
290720,푸드나무,1541.0,1207.0,868.0,,,,-107.0,-153.0,-82.0,,,,-28.09,,,,-28.09,46.41,,,,46.41,1년치 존재,1,,4.61,10.9,75796.0,down,52.0,3950.0,1982.0,mixed,bear,,,,,KOSDAQ,3440,1208,27559,0.4,식품
63080,컴투스홀딩스,1531.0,1493.0,992.0,,,,-34.0,-506.0,-68.0,,,,-33.56,,,,-33.56,86.56,,,,86.56,1년치 존재,1,,0.84,4.44,40308.0,down,46.0,22550.0,16710.0,down,bear,,,,,KOSDAQ,18450,1217,12300,0.3,게임엔터테인먼트
59210,메타바이오메드,831.0,940.0,1030.0,1200.0,,,107.0,172.0,214.0,207.0,,,9.57,16.5,,,16.5,24.42,-3.27,,,24.42,2년치 존재,2,10.32,1.42,10.1,131875.0,down,47.4,5330.0,4110.0,mixed,bull,,,,,KOSDAQ,4420,1201,193542,1.5,건강관리장비와용품
88280,쏘닉스,138.0,170.0,182.0,,,,-52.0,-45.0,-67.0,,,,7.06,,,,7.06,-48.89,,,,-48.89,1년치 존재,1,,1.77,-17.95,2635982.0,up,67.7,7980.0,1760.0,up,bull,,,,,KOSDAQ,7170,1241,1097250,0.4,핸드셋
205500,넥써쓰,55.0,76.0,367.0,,,,-162.0,-89.0,14.0,,,,382.89,,,,382.89,115.73,,,,115.73,1년치 존재,1,,2.87,-11.89,259790.0,up,63.0,2440.0,1463.0,mixed,bull,,,,,KOSDAQ,1885,1209,94087,0.4,게임엔터테인먼트
81180,쎄크,504.0,539.0,592.0,707.0,,,2.0,13.0,-31.0,27.0,,,9.83,19.43,,,19.43,-338.46,187.1,,,187.1,2년치 존재,2,,3.39,-13.51,172032.0,down,52.3,18300.0,10850.0,mixed,bull,,,,,KOSDAQ,13610,1201,241,0.0,전자장비와기기
294630,서남,64.0,14.0,34.0,,,,-31.0,-45.0,-39.0,,,,142.86,,,,142.86,13.33,,,,13.33,1년치 존재,1,,9.34,-45.17,2477469.0,up,51.8,5670.0,2910.0,up,bear,,,,,KOSDAQ,4550,1200,567075,0.2,전기장비
370090,퓨런티어,465.0,253.0,121.0,,,,72.0,-38.0,-72.0,,,,-52.17,,,,-52.17,-89.47,,,,-89.47,1년치 존재,1,36.21,5.57,-13.92,59380.0,up,58.1,14940.0,10950.0,mixed,bull,,,,,KOSDAQ,13970,1195,53961,0.9,전자장비와기기
96240,크레버스,2335.0,2282.0,2209.0,,,,252.0,103.0,22.0,,,,-3.2,,,,-3.2,-78.64,,,,-78.64,1년치 존재,1,12.71,3.15,13.17,21282.0,up,59.3,12210.0,10300.0,mixed,bull,,,,,KOSDAQ,11140,1196,57082,2.7,교육서비스
451220,아이엠티,65.0,136.0,329.0,,,,-22.0,-22.0,2.0,,,,141.91,,,,141.91,109.09,,,,109.09,1년치 존재,1,,5.26,3.26,250902.0,up,60.7,15550.0,9640.0,up,bull,,,,,KOSDAQ,15080,1187,136272,0.5,반도체와반도체장비
53260,금강철강,2254.0,2011.0,1772.0,,,,53.0,38.0,15.0,,,,-11.88,,,,-11.88,-60.53,,,,-60.53,1년치 존재,1,21.92,0.68,-0.05,2343382.0,up,58.2,7610.0,3820.0,up,bull,,,,,KOSDAQ,6400,1198,981,0.0,철강
18120,진로발효,1001.0,1015.0,998.0,,,,81.0,115.0,140.0,,,,-1.67,,,,-1.67,21.74,,,,21.74,1년치 존재,1,17.3,1.38,13.65,4614.0,up,55.9,18520.0,17280.0,up,bull,,,,,KOSDAQ,17990,1191,1882,0.4,음료
417970,모델솔루션,647.0,680.0,765.0,,,,22.0,42.0,81.0,,,,12.5,,,,12.5,92.86,,,,92.86,1년치 존재,1,38.9,1.58,9.82,33408.0,down,45.3,23000.0,16250.0,mixed,bull,,,,,KOSDAQ,18560,1187,81662,2.4,기계
99750,이지케어텍,732.0,679.0,726.0,,,,-41.0,2.0,22.0,,,,6.92,,,,6.92,1000.0,,,,1000.0,1년치 존재,1,,5.46,7.64,18611.0,up,45.6,9500.0,8150.0,mixed,bear_cross,,,,,KOSDAQ,8690,1187,12594,0.7,건강관리기술
53580,웹케시,736.0,742.0,744.0,803.0,,,137.0,139.0,135.0,157.0,,,0.27,7.93,,,7.93,-2.88,16.3,,,16.3,2년치 존재,2,16.57,1.2,12.48,64891.0,up,51.0,10290.0,7700.0,mixed,bull,,,,,KOSDAQ,9160,1187,50510,0.8,소프트웨어
24880,케이피에프,8097.0,7689.0,7439.0,,,,473.0,429.0,354.0,,,,-3.25,,,,-3.25,-17.48,,,,-17.48,1년치 존재,1,4.96,0.46,7.74,251727.0,up,52.8,6710.0,4930.0,mixed,bull,,,,,KOSDAQ,5880,1186,159721,0.6,기계
26150,특수건설,2329.0,2125.0,1490.0,,,,25.0,88.0,-316.0,,,,-29.88,,,,-29.88,-459.09,,,,-459.09,1년치 존재,1,,1.34,-17.39,110208.0,up,52.0,7520.0,6040.0,mixed,bull,,,,,KOSDAQ,6760,1186,96096,0.9,건설
142210,유니트론텍,5981.0,7123.0,7690.0,,,,309.0,361.0,323.0,,,,7.96,,,,7.96,-10.53,,,,-10.53,1년치 존재,1,4.17,0.72,9.58,167291.0,up,53.8,6810.0,4930.0,mixed,bull,,,,,KOSDAQ,5690,1181,198772,1.2,반도체와반도체장비
330350,위더스제약,801.0,1027.0,1064.0,,,,79.0,57.0,57.0,,,,3.6,,,,3.6,0.0,,,,0.0,1년치 존재,1,16.13,1.42,5.2,120927.0,down,49.1,11940.0,8000.0,up,bear,,,,,KOSDAQ,8940,1180,100939,0.8,제약
330730,스톤브릿지벤처스,190.0,142.0,255.0,,,,64.0,34.0,135.0,,,,79.58,,,,79.58,297.06,,,,297.06,1년치 존재,1,17.96,1.21,12.36,144195.0,up,55.6,6690.0,5230.0,up,bull,,,,,KOSDAQ,6430,1171,67675,0.5,창업투자
101670,하이드로리튬,229.0,22.0,34.0,,,,-358.0,-68.0,-151.0,,,,54.55,,,,54.55,-122.06,,,,-122.06,1년치 존재,1,,4.3,-23.01,5278066.0,up,50.7,2500.0,1722.0,mixed,bull,,,,,KOSDAQ,2065,1172,2239154,0.4,전기제품
298540,더네이쳐홀딩스,5484.0,5169.0,4775.0,,,,670.0,301.0,70.0,,,,-7.62,,,,-7.62,-76.74,,,,-76.74,1년치 존재,1,5.4,0.81,2.02,17388.0,down,53.9,8410.0,7070.0,up,bear_cross,,,,,KOSDAQ,7990,1157,14789,0.9,"섬유,의류,신발,호화품"
51160,지어소프트,5089.0,5472.0,5871.0,,,,152.0,291.0,251.0,,,,7.29,,,,7.29,-13.75,,,,-13.75,1년치 존재,1,13.97,1.1,8.8,49150.0,down,45.1,8180.0,6640.0,mixed,bear,,,,,KOSDAQ,7520,1164,15405,0.3,판매업체
86960,MDS테크,1553.0,1656.0,1877.0,,,,87.0,59.0,58.0,,,,13.35,,,,13.35,-1.69,,,,-1.69,1년치 존재,1,98.01,1.24,6.12,,,,,,,,,,,,KOSDAQ,1115,1145,0,,소프트웨어
357230,에이치피오,2320.0,2428.0,2582.0,,,,221.0,80.0,135.0,,,,6.34,,,,6.34,68.75,,,,68.75,1년치 존재,1,10.85,1.2,5.69,635805.0,up,75.3,2790.0,2335.0,up,bull,,,,,KOSDAQ,2790,1152,11618589,18.3,건강관리업체및서비스
41590,플래스크,228.0,140.0,180.0,,,,-230.0,-80.0,-20.0,,,,28.57,,,,28.57,75.0,,,,75.0,1년치 존재,1,,3.86,4.82,,,,,,,,,,,,KOSDAQ,2370,1161,0,,건설
24740,한일단조,1782.0,1394.0,1266.0,,,,152.0,83.0,35.0,,,,-9.18,,,,-9.18,-57.83,,,,-57.83,1년치 존재,1,9.66,0.6,1.09,5207006.0,up,52.7,3945.0,2275.0,up,bear,,,,,KOSDAQ,3525,1160,2009,0.0,자동차부품
305090,마이크로디지탈,108.0,115.0,128.0,,,,9.0,3.0,-92.0,,,,11.3,,,,11.3,-3166.67,,,,-3166.67,1년치 존재,1,188.97,12.83,-43.92,120524.0,up,44.7,9830.0,5660.0,mixed,bull,,,,,KOSDAQ,6190,1151,138319,1.1,건강관리장비와용품
388870,파로스아이바이오,,,,,,,,,-115.0,,,,,,,,,,,,,,1년치 존재,1,,8.51,-66.11,124951.0,up,46.6,11320.0,7500.0,mixed,bull,,,,,KOSDAQ,9150,1185,139820,1.1,생물공학
418470,KT밀리의서재,566.0,726.0,882.0,1035.0,,,104.0,110.0,144.0,181.0,,,21.49,17.35,,,21.49,30.91,25.69,,,30.91,2년치 존재,2,8.38,2.51,20.03,28524.0,down,49.6,15470.0,11920.0,up,bear_cross,,,,,KOSDAQ,13430,1150,30715,1.1,출판
448710,코츠테크놀로지,513.0,650.0,681.0,771.0,,,88.0,95.0,83.0,109.0,,,4.77,13.22,,,13.22,-12.63,31.33,,,31.33,2년치 존재,2,9.46,1.76,14.8,248770.0,up,52.1,23500.0,17070.0,up,bear_cross,,,,,KOSDAQ,21600,1142,105527,0.4,우주항공과국방
412350,레이저쎌,60.0,40.0,47.0,,,,-58.0,-92.0,-135.0,,,,17.5,,,,17.5,-46.74,,,,-46.74,1년치 존재,1,,2.08,-65.99,1322040.0,up,53.8,9540.0,2515.0,mixed,bear,,,,,KOSDAQ,7920,1143,658497,0.5,반도체와반도체장비
33290,로젠,8080.0,8086.0,7932.0,,,,344.0,331.0,227.0,,,,-1.9,,,,-1.9,-31.42,,,,-31.42,1년치 존재,1,9.86,0.78,5.64,71181.0,down,46.2,2285.0,1866.0,down,bear,,,,,KOSDAQ,2020,1134,44713,0.6,항공화물운송과물류
66700,테라젠이텍스,2165.0,2496.0,2716.0,,,,112.0,125.0,102.0,,,,8.81,,,,8.81,-18.4,,,,-18.4,1년치 존재,1,5.54,1.05,8.44,120641.0,down,58.5,3130.0,2485.0,up,bear,,,,,KOSDAQ,3035,1128,75842,0.6,제약
48530,인트론바이오,96.0,64.0,57.0,,,,-33.0,-52.0,-79.0,,,,-10.94,,,,-10.94,-51.92,,,,-51.92,1년치 존재,1,,3.01,-11.66,672480.0,down,39.0,6650.0,3525.0,mixed,bull,,,,,KOSDAQ,3610,1141,186599,0.3,생명과학도구및서비스
265560,영화테크,649.0,948.0,1086.0,,,,50.0,154.0,180.0,,,,14.56,,,,14.56,16.88,,,,16.88,1년치 존재,1,18.23,1.77,21.15,74323.0,up,77.3,10950.0,7660.0,up,bull,,,,,KOSDAQ,10810,1156,78791,1.1,자동차부품
317830,에스피시스템스,605.0,710.0,616.0,,,,-3.0,-28.0,-8.0,,,,-13.24,,,,-13.24,71.43,,,,71.43,1년치 존재,1,,1.77,-11.61,82454.0,up,52.9,13520.0,9110.0,mixed,bull,,,,,KOSDAQ,10520,1133,146623,1.8,기계
424960,스마트레이더시스템,41.0,47.0,94.0,,,,-54.0,-68.0,-53.0,,,,100.0,,,,100.0,22.06,,,,22.06,1년치 존재,1,,14.02,-16.84,70174.0,up,46.2,8230.0,5900.0,mixed,bear_cross,,,,,KOSDAQ,6810,1123,75248,1.1,자동차부품
38460,바이오스마트,4562.0,4843.0,4828.0,,,,101.0,202.0,226.0,,,,-0.31,,,,-0.31,11.88,,,,11.88,1년치 존재,1,3.91,0.63,6.59,473371.0,up,51.7,6250.0,4005.0,mixed,bull,,,,,KOSDAQ,4450,1125,1848,0.0,전자장비와기기
96350,대창솔루션,717.0,614.0,599.0,,,,56.0,4.0,-1.0,,,,-2.44,,,,-2.44,-125.0,,,,-125.0,1년치 존재,1,30.56,2.3,-22.5,1169381.0,up,51.1,3870.0,1849.0,up,bear,,,,,KOSDAQ,3045,1122,776257,0.7,조선
439580,블루엠텍,1139.0,1333.0,1859.0,,,,13.0,-69.0,-20.0,,,,39.46,,,,39.46,71.01,,,,71.01,1년치 존재,1,,6.37,-9.81,144829.0,down,43.5,4555.0,3230.0,mixed,bull,,,,,KOSDAQ,3320,1124,298,0.0,건강관리업체및서비스
377480,마음AI,102.0,78.0,98.0,,,,-39.0,-71.0,-64.0,,,,25.64,,,,25.64,9.86,,,,9.86,1년치 존재,1,,7.95,-38.67,113245.0,down,52.2,18550.0,13140.0,mixed,bull,,,,,KOSDAQ,15850,1127,113905,1.0,IT서비스
67290,JW신약,1042.0,930.0,810.0,,,,56.0,100.0,75.0,,,,-12.9,,,,-12.9,-25.0,,,,-25.0,1년치 존재,1,,7.5,46.3,709607.0,down,46.6,2480.0,1869.0,mixed,bear,,,,,KOSDAQ,2000,1121,403884,0.6,제약
208370,셀바스헬스케어,298.0,317.0,308.0,,,,33.0,33.0,-2.0,,,,-2.84,,,,-2.84,-106.06,,,,-106.06,1년치 존재,1,50.0,2.92,5.76,185849.0,down,45.6,5490.0,3950.0,mixed,bull,,,,,KOSDAQ,4340,1117,203493,1.1,건강관리장비와용품
277880,티에스아이,2611.0,2720.0,2647.0,,,,20.0,156.0,82.0,,,,-2.68,,,,-2.68,-47.44,,,,-47.44,1년치 존재,1,,2.35,3.08,130691.0,up,58.4,6050.0,4470.0,up,bull,,,,,KOSDAQ,5620,1115,89090,0.7,전자장비와기기
131400,이브이첨단소재,628.0,819.0,590.0,,,,-58.0,26.0,-32.0,,,,-27.96,,,,-27.96,-223.08,,,,-223.08,1년치 존재,1,126.36,1.84,-17.09,3806400.0,up,58.2,2065.0,1360.0,up,bull,,,,,KOSDAQ,1860,1108,1562988,0.4,전자장비와기기
94840,슈프리마에이치큐,204.0,201.0,212.0,240.0,,,-27.0,25.0,39.0,47.0,,,5.47,13.21,,,13.21,56.0,20.51,,,56.0,2년치 존재,2,1.89,0.3,5.78,133575.0,up,79.1,11720.0,6250.0,up,bull,,,,,KOSDAQ,11350,1113,27897,0.2,전자장비와기기
101330,모베이스,12628.0,13017.0,13713.0,,,,403.0,533.0,418.0,,,,5.35,,,,5.35,-21.58,,,,-21.58,1년치 존재,1,5.13,0.26,3.38,220918.0,up,45.8,7180.0,4335.0,mixed,bull,,,,,KOSDAQ,4745,1098,204539,0.9,자동차부품
460940,피앤에스로보틱스,60.0,71.0,76.0,,,,13.0,16.0,10.0,,,,7.04,,,,7.04,-37.5,,,,-37.5,1년치 존재,1,26.21,2.51,6.67,79286.0,up,50.4,11630.0,7260.0,mixed,bull,,,,,KOSDAQ,8180,1101,286522,3.6,건강관리장비와용품
303810,동국생명과학,1202.0,1318.0,1303.0,,,,85.0,119.0,130.0,,,,-1.14,,,,-1.14,9.24,,,,9.24,1년치 존재,1,13.33,0.84,7.32,178335.0,down,51.7,3840.0,3210.0,mixed,bull,,,,,KOSDAQ,3460,1107,105360,0.6,건강관리장비와용품
11370,서한,6217.0,7494.0,6451.0,,,,251.0,265.0,626.0,,,,-13.92,,,,-13.92,136.23,,,,136.23,1년치 존재,1,2.01,0.2,5.54,261795.0,down,55.4,1217.0,889.0,up,bull,,,,,KOSDAQ,1086,1096,176501,0.7,건설
261780,차백신연구소,3.0,4.0,2.0,,,,-64.0,-77.0,-143.0,,,,-50.0,,,,-50.0,-85.71,,,,-85.71,1년치 존재,1,,4.26,-81.07,2282585.0,up,60.3,5700.0,2480.0,up,bull,,,,,KOSDAQ,4100,1103,15121930,6.6,제약
362320,청담글로벌,2378.0,2343.0,2174.0,,,,57.0,69.0,54.0,,,,-7.21,,,,-7.21,-21.74,,,,-21.74,1년치 존재,1,,2.42,2.32,84196.0,up,49.3,5950.0,4590.0,mixed,bull,,,,,KOSDAQ,5180,1096,75858,0.9,인터넷과카탈로그소매
48550,SM C&C,1273.0,1099.0,1005.0,,,,21.0,16.0,-13.0,,,,-8.55,,,,-8.55,-181.25,,,,-181.25,1년치 존재,1,,1.86,-2.55,139334.0,down,47.0,1297.0,1031.0,mixed,bear_cross,,,,,KOSDAQ,1140,1103,172043,1.2,광고
105740,디케이락,1114.0,984.0,1288.0,,,,118.0,-2.0,111.0,,,,30.89,,,,30.89,5650.0,,,,5650.0,1년치 존재,1,7.52,0.69,5.03,218663.0,up,58.4,11220.0,8280.0,up,bull,,,,,KOSDAQ,10800,1098,166260,0.8,기계
65440,이루온,560.0,685.0,616.0,,,,30.0,31.0,15.0,,,,-10.07,,,,-10.07,-51.61,,,,-51.61,1년치 존재,1,13.28,1.06,3.17,8915139.0,up,61.2,4475.0,1207.0,mixed,bear,,,,,KOSDAQ,4010,1094,19928583,2.2,IT서비스
278650,HLB바이오스텝,528.0,582.0,741.0,,,,-13.0,-130.0,-86.0,,,,27.32,,,,27.32,33.85,,,,33.85,1년치 존재,1,,2.38,-18.14,372756.0,down,46.6,1425.0,1099.0,,bull,,,,,KOSDAQ,1272,1109,0,,생명과학도구및서비스
39340,한국경제TV,805.0,795.0,759.0,,,,51.0,11.0,-24.0,,,,-4.53,,,,-4.53,-318.18,,,,-318.18,1년치 존재,1,12.69,0.72,1.87,13629.0,down,45.1,6110.0,4495.0,down,bull,,,,,KOSDAQ,4945,1088,7996,0.6,방송과엔터테인먼트
40910,아이씨디,623.0,1476.0,1970.0,,,,-393.0,-267.0,45.0,,,,33.47,,,,33.47,116.85,,,,116.85,1년치 존재,1,,1.15,-1.94,81538.0,up,58.5,6030.0,4050.0,up,bull,,,,,KOSDAQ,5880,1092,78436,1.0,디스플레이장비및부품
30960,양지사,621.0,582.0,559.0,,,,-69.0,2.0,-61.0,,,,-3.95,,,,-3.95,-3150.0,,,,-3150.0,1년치 존재,1,231.07,1.3,-1.55,28202.0,down,42.4,9190.0,6370.0,mixed,bull,,,,,KOSDAQ,6800,1087,45643,1.6,상업서비스와공급품
149980,하이로닉,337.0,316.0,321.0,,,,53.0,-64.0,41.0,,,,1.58,,,,1.58,164.06,,,,164.06,1년치 존재,1,17.42,1.84,4.8,,,,,,,,,,,,KOSDAQ,5090,1079,0,,건강관리장비와용품
382480,지아이텍,366.0,378.0,362.0,,,,45.0,30.0,11.0,,,,-4.23,,,,-4.23,-63.33,,,,-63.33,1년치 존재,1,19.41,1.6,1.08,450132.0,up,63.7,2835.0,2080.0,up,bull,,,,,KOSDAQ,2765,1088,418240,0.9,전기제품
25550,한국선재,2484.0,2234.0,2194.0,,,,51.0,60.0,82.0,,,,-1.79,,,,-1.79,36.67,,,,36.67,1년치 존재,1,,0.7,0.27,634736.0,up,72.8,4255.0,2900.0,up,bull,,,,,KOSDAQ,4255,1086,3075404,4.8,철강
82850,우리바이오,12639.0,12372.0,10440.0,,,,260.0,152.0,10.0,,,,-15.62,,,,-15.62,-93.42,,,,-93.42,1년치 존재,1,10.25,0.78,-4.5,1135084.0,up,67.3,2310.0,1542.0,up,bull,,,,,KOSDAQ,2240,1085,551770,0.5,디스플레이장비및부품
348350,위드텍,496.0,436.0,578.0,,,,24.0,10.0,51.0,,,,32.57,,,,32.57,410.0,,,,410.0,1년치 존재,1,16.58,0.9,5.23,48620.0,up,60.4,11340.0,8330.0,up,bull,,,,,KOSDAQ,11050,1103,58136,1.2,반도체와반도체장비
419050,삼기에너지솔루션즈,909.0,987.0,1442.0,,,,7.0,-63.0,54.0,,,,46.1,,,,46.1,185.71,,,,185.71,1년치 존재,1,32.36,2.29,-12.89,2127454.0,up,65.1,1935.0,1441.0,up,bull,,,,,KOSDAQ,1890,1081,829520,0.4,자동차부품
14970,삼륭물산,863.0,940.0,943.0,,,,12.0,58.0,65.0,,,,0.32,,,,0.32,12.07,,,,12.07,1년치 존재,1,26.57,0.89,11.04,382510.0,down,41.0,10440.0,5560.0,mixed,bear,,,,,KOSDAQ,7260,1076,181103,0.5,포장재
463480,모티브링크,829.0,617.0,674.0,,,,45.0,17.0,-17.0,,,,9.24,,,,9.24,-200.0,,,,-200.0,1년치 존재,1,,2.94,-0.4,192604.0,up,64.6,8980.0,6360.0,mixed,bull,,,,,KOSDAQ,8720,1080,462080,2.4,자동차부품
6140,피제이전자,1668.0,1693.0,1786.0,,,,74.0,108.0,110.0,,,,5.49,,,,5.49,1.85,,,,1.85,1년치 존재,1,16.45,0.8,6.88,53465.0,down,54.7,8140.0,6270.0,mixed,bull,,,,,KOSDAQ,7120,1068,71609,1.3,건강관리장비와용품
311320,지오엘리먼트,178.0,448.0,546.0,628.0,,,8.0,53.0,44.0,61.0,,,21.88,15.02,,,21.88,-16.98,38.64,,,38.64,2년치 존재,2,67.36,2.98,9.69,102800.0,up,59.0,8980.0,6210.0,up,bull,,,,,KOSDAQ,8460,1067,68369,0.7,반도체와반도체장비
222040,코스맥스엔비티,3336.0,3180.0,2875.0,3285.0,,,120.0,99.0,40.0,226.0,,,-9.59,14.26,,,14.26,-59.6,465.0,,,465.0,2년치 존재,2,,3.64,-29.61,121545.0,up,68.3,5170.0,3100.0,up,bull,,,,,KOSDAQ,5170,1066,280991,2.3,건강관리업체및서비스
59270,해성에어로보틱스,137.0,149.0,151.0,,,,-15.0,-7.0,-6.0,,,,1.34,,,,1.34,14.29,,,,14.29,1년치 존재,1,,2.11,0.37,230240.0,down,42.3,15250.0,9380.0,down,bull,,,,,KOSDAQ,9560,1067,372952,1.6,기계
66590,스모트로닉,3480.0,3542.0,3686.0,,,,84.0,90.0,5.0,,,,4.07,,,,4.07,-94.44,,,,-94.44,1년치 존재,1,9.74,1.21,-12.57,151279.0,up,53.6,3325.0,2480.0,mixed,bull,,,,,KOSDAQ,2760,1068,254794,1.7,자동차부품
413390,엠오티,737.0,849.0,755.0,,,,43.0,65.0,44.0,,,,-11.07,,,,-11.07,-32.31,,,,-32.31,1년치 존재,1,9.78,1.76,5.9,355925.0,up,53.4,10370.0,7320.0,up,bull,,,,,KOSDAQ,9180,1063,24,0.0,전기제품
1540,안국약품,2337.0,2711.0,3069.0,,,,51.0,67.0,98.0,,,,13.21,,,,13.21,46.27,,,,46.27,1년치 존재,1,95.13,0.7,4.52,23458.0,down,53.5,9400.0,7280.0,mixed,bull,,,,,KOSDAQ,8120,1059,31111,1.3,제약
100590,머큐리,1536.0,1343.0,1239.0,,,,49.0,-9.0,-7.0,,,,-7.74,,,,-7.74,22.22,,,,22.22,1년치 존재,1,20.13,0.84,-2.07,4809710.0,down,46.0,11320.0,3145.0,mixed,bear,,,,,KOSDAQ,6200,1063,1147436,0.2,통신장비
315640,딥노이드,19.0,108.0,75.0,,,,-67.0,-101.0,-106.0,,,,-30.56,,,,-30.56,-4.95,,,,-4.95,1년치 존재,1,,8.93,-45.23,217580.0,down,51.9,3730.0,2960.0,up,bull,,,,,KOSDAQ,3600,1057,269587,1.2,IT서비스
9300,삼아제약,972.0,956.0,778.0,,,,235.0,245.0,110.0,,,,-18.62,,,,-18.62,-55.1,,,,-55.1,1년치 존재,1,4.89,0.5,5.78,5357.0,up,65.6,16600.0,15070.0,up,bull,,,,,KOSDAQ,16600,1057,17172,3.2,제약
950190,고스트스튜디오,991.0,857.0,1125.0,,,,251.0,154.0,153.0,,,,31.27,,,,31.27,-0.65,,,,-0.65,1년치 존재,1,6.95,1.02,5.59,46186.0,down,42.3,8570.0,7560.0,up,bear_cross,,,,,KOSDAQ,8120,1057,26430,0.6,게임엔터테인먼트
234300,에스트래픽,1472.0,1890.0,1682.0,,,,174.0,113.0,90.0,,,,-11.01,,,,-11.01,-20.35,,,,-20.35,1년치 존재,1,6.21,1.11,4.84,126824.0,up,69.1,3900.0,3245.0,up,bull,,,,,KOSDAQ,3845,1046,128152,1.0,IT서비스
205470,휴마시스,138.0,254.0,301.0,,,,-524.0,-106.0,-106.0,,,,18.5,,,,18.5,0.0,,,,0.0,1년치 존재,1,,0.84,-7.03,,,,,,,,,,,,KOSDAQ,801,1036,0,,생명과학도구및서비스
475430,키스트론,559.0,690.0,693.0,,,,37.0,59.0,74.0,,,,0.43,,,,0.43,25.42,,,,25.42,1년치 존재,1,8.88,0.55,5.16,841711.0,up,83.5,5860.0,4095.0,up,bull,,,,,KOSDAQ,5860,1046,8748,0.0,전기장비
41930,SY동아,3687.0,3832.0,4034.0,,,,216.0,184.0,172.0,,,,5.27,,,,5.27,-6.52,,,,-6.52,1년치 존재,1,9.1,0.81,15.64,40128.0,up,64.2,7070.0,5770.0,mixed,bull,,,,,KOSDAQ,6850,1041,89226,2.2,자동차부품
7820,엠엑스로보틱스,1738.0,1632.0,1491.0,,,,-188.0,71.0,-80.0,,,,-8.64,,,,-8.64,-212.68,,,,-212.68,1년치 존재,1,,2.18,-14.48,129742.0,up,51.8,6960.0,4480.0,mixed,bull,,,,,KOSDAQ,5210,1044,164230,1.3,기계
347860,알체라,116.0,173.0,148.0,,,,-185.0,-104.0,-102.0,,,,-14.45,,,,-14.45,1.92,,,,1.92,1년치 존재,1,,20.63,-17.29,1941057.0,up,59.0,3100.0,1372.0,up,bull,,,,,KOSDAQ,2700,1045,795297,0.4,소프트웨어
137950,제이씨케미칼,4392.0,3673.0,3675.0,,,,323.0,107.0,77.0,,,,0.05,,,,0.05,-28.04,,,,-28.04,1년치 존재,1,7.8,0.97,-2.57,2349872.0,up,54.2,5720.0,3185.0,mixed,bear,,,,,KOSDAQ,4755,1059,1399686,0.6,에너지장비및서비스
352090,스톰테크,552.0,669.0,697.0,,,,117.0,124.0,119.0,,,,4.19,,,,4.19,-4.03,,,,-4.03,1년치 존재,1,10.47,1.61,11.13,51559.0,up,69.9,3885.0,3390.0,up,bull,,,,,KOSDAQ,3865,1039,64239,1.2,가정용기기와용품
43610,KT지니뮤직,3070.0,3016.0,3029.0,3252.0,,,154.0,122.0,162.0,201.0,,,0.43,7.36,,,7.36,32.79,24.07,,,32.79,2년치 존재,2,14.43,1.11,-17.81,649455.0,down,59.5,1916.0,1650.0,mixed,bull,,,,,KOSDAQ,1787,1039,94668,0.1,방송과엔터테인먼트
52860,아이앤씨,643.0,234.0,369.0,,,,14.0,-107.0,40.0,,,,57.69,,,,57.69,137.38,,,,137.38,1년치 존재,1,,1.09,14.03,235499.0,down,59.9,6550.0,2940.0,up,bull,,,,,KOSDAQ,5790,1034,112200,0.5,반도체와반도체장비
291650,압타머사이언스,2.0,11.0,35.0,,,,-122.0,-71.0,-78.0,,,,218.18,,,,218.18,-9.86,,,,-9.86,1년치 존재,1,,4.38,-32.13,253497.0,down,48.7,1941.0,1065.0,mixed,bear,,,,,KOSDAQ,1705,1041,153594,0.6,생물공학
382150,온코크로스,1.0,11.0,4.0,,,,-68.0,-70.0,-88.0,,,,-63.64,,,,-63.64,-25.71,,,,-25.71,1년치 존재,1,,7.65,-52.79,1104389.0,up,54.2,9150.0,6210.0,up,bull,,,,,KOSDAQ,8500,1037,237577,0.2,생명과학도구및서비스
35610,솔본,1172.0,1161.0,1207.0,,,,299.0,212.0,246.0,,,,3.96,,,,3.96,16.04,,,,16.04,1년치 존재,1,2.99,0.64,10.28,33687.0,up,61.1,4075.0,3410.0,mixed,bull,,,,,KOSDAQ,3785,1035,40831,1.2,건강관리기술
217190,제너셈,565.0,687.0,568.0,,,,36.0,65.0,10.0,,,,-17.32,,,,-17.32,-84.62,,,,-84.62,1년치 존재,1,31.94,2.79,1.86,183304.0,up,73.2,7890.0,5030.0,up,bull,,,,,KOSDAQ,7890,1038,762,0.0,반도체와반도체장비
19550,SBI인베스트먼트,293.0,287.0,327.0,,,,85.0,117.0,93.0,,,,13.94,,,,13.94,-20.51,,,,-20.51,1년치 존재,1,16.72,1.1,6.56,1001032.0,up,52.6,930.0,594.0,,bull,,,,,KOSDAQ,638,1034,0,,창업투자
58630,엠게임,816.0,834.0,917.0,,,,213.0,128.0,176.0,,,,9.95,,,,9.95,37.5,,,,37.5,1년치 존재,1,5.54,1.04,12.28,50054.0,up,54.9,5780.0,4750.0,mixed,bull,,,,,KOSDAQ,5360,1029,39751,0.8,게임엔터테인먼트
201490,미투온,1090.0,943.0,1209.0,,,,221.0,118.0,126.0,,,,28.21,,,,28.21,6.78,,,,6.78,1년치 존재,1,12.3,0.73,0.52,2117968.0,down,46.9,4525.0,2760.0,mixed,bull,,,,,KOSDAQ,3170,1033,315465,0.1,게임엔터테인먼트
348150,고바이오랩,331.0,684.0,693.0,,,,-185.0,-69.0,-97.0,,,,1.32,,,,1.32,-40.58,,,,-40.58,1년치 존재,1,,3.67,-18.0,134667.0,down,46.5,6720.0,4190.0,mixed,bear,,,,,KOSDAQ,5320,1033,59954,0.4,건강관리업체및서비스
228850,레이언스,1430.0,1256.0,1147.0,1241.0,,,197.0,66.0,-40.0,85.0,,,-8.68,8.2,,,8.2,-160.61,312.5,,,312.5,2년치 존재,2,7.91,0.61,-2.19,10951.0,down,54.3,6430.0,4990.0,up,bear,,,,,KOSDAQ,6190,1027,6812,0.6,건강관리장비와용품
263600,덕우전자,1548.0,1610.0,1769.0,,,,-88.0,-10.0,16.0,,,,9.88,,,,9.88,260.0,,,,260.0,1년치 존재,1,,1.47,6.68,66846.0,up,72.7,6460.0,4765.0,up,bull,,,,,KOSDAQ,6460,1029,73680,1.1,핸드셋
347890,엠엑스온,330.0,368.0,623.0,,,,56.0,56.0,-58.0,,,,69.29,,,,69.29,-203.57,,,,-203.57,1년치 존재,1,20.48,1.76,8.63,91966.0,up,64.4,6700.0,5150.0,mixed,bull,,,,,KOSDAQ,6040,1025,77735,0.8,전자장비와기기
33130,디지틀조선,366.0,370.0,399.0,,,,22.0,24.0,55.0,,,,7.84,,,,7.84,129.17,,,,129.17,1년치 존재,1,24.22,0.97,6.06,154401.0,down,55.4,3050.0,1740.0,up,bull,,,,,KOSDAQ,2760,1024,392255,2.5,IT서비스
46940,우원개발,2525.0,3028.0,3763.0,,,,14.0,28.0,672.0,,,,24.27,,,,24.27,2300.0,,,,2300.0,1년치 존재,1,38.35,0.55,36.78,401194.0,up,60.9,5890.0,4130.0,up,bull,,,,,KOSDAQ,5640,1019,601,0.0,건설
54670,대한뉴팜,2042.0,2022.0,2024.0,,,,188.0,187.0,117.0,,,,0.1,,,,0.1,-37.43,,,,-37.43,1년치 존재,1,10.36,1.16,11.5,79998.0,down,48.3,7510.0,6380.0,mixed,bear,,,,,KOSDAQ,7110,1021,32848,0.4,제약
124560,태웅로직스,7703.0,10438.0,11173.0,,,,360.0,408.0,22.0,,,,7.04,,,,7.04,-94.61,,,,-94.61,1년치 존재,1,5.52,0.66,-2.13,175402.0,down,40.1,2970.0,2590.0,down,bear,,,,,KOSDAQ,2615,1013,155515,0.9,해운사
311690,CJ 바이오사이언스,56.0,35.0,37.0,,,,-321.0,-342.0,-248.0,,,,5.71,,,,5.71,27.49,,,,27.49,1년치 존재,1,,2.06,-36.54,22945.0,down,44.3,9140.0,7420.0,mixed,bull,,,,,KOSDAQ,7790,1018,32216,1.4,생명과학도구및서비스
64800,포니링크,715.0,613.0,449.0,,,,-93.0,-262.0,-211.0,,,,-26.75,,,,-26.75,19.47,,,,19.47,1년치 존재,1,,0.69,7.65,681824.0,up,66.9,822.0,603.0,,bull,,,,,KOSDAQ,799,1021,0,,전문소매
49480,오픈베이스,2040.0,2263.0,2331.0,,,,66.0,67.0,79.0,,,,3.0,,,,3.0,17.91,,,,17.91,1년치 존재,1,15.93,1.02,8.85,5924593.0,up,60.7,3630.0,1926.0,up,bull,,,,,KOSDAQ,3245,1020,1619124,0.3,컴퓨터와주변기기
299170,더블유에스아이,309.0,404.0,517.0,,,,33.0,38.0,39.0,,,,27.97,,,,27.97,2.63,,,,2.63,1년치 존재,1,23.12,1.65,-7.18,489759.0,up,44.4,3535.0,2310.0,mixed,bull,,,,,KOSDAQ,2435,1011,391437,0.8,제약
91440,한울소재과학,376.0,173.0,134.0,,,,-41.0,-129.0,-246.0,,,,-22.54,,,,-22.54,-90.7,,,,-90.7,1년치 존재,1,,7.6,-91.08,526501.0,down,54.6,3535.0,2690.0,up,bull,,,,,KOSDAQ,3200,1018,651723,1.2,통신장비
105550,엣지파운드리,370.0,373.0,364.0,,,,-48.0,-51.0,-155.0,,,,-2.41,,,,-2.41,-203.92,,,,-203.92,1년치 존재,1,,2.1,15.29,738452.0,up,51.8,1610.0,1120.0,mixed,bull,,,,,KOSDAQ,1294,1013,555489,0.8,자동차부품
191420,테고사이언스,78.0,68.0,59.0,,,,-12.0,-22.0,-44.0,,,,-13.24,,,,-13.24,-100.0,,,,-100.0,1년치 존재,1,,2.53,-13.97,6754.0,down,42.8,14530.0,11620.0,down,bear,,,,,KOSDAQ,12450,1010,4613,0.7,생물공학
246720,아스타,31.0,34.0,26.0,,,,-27.0,-40.0,-26.0,,,,-23.53,,,,-23.53,35.0,,,,35.0,1년치 존재,1,,13.26,-49.41,,,,,,,,,,,,KOSDAQ,6070,994,0,,건강관리장비와용품
173130,오파스넷,2250.0,1929.0,2333.0,,,,140.0,107.0,140.0,,,,20.94,,,,20.94,30.84,,,,30.84,1년치 존재,1,14.63,3.32,21.36,183424.0,down,47.9,8350.0,6550.0,up,bear,,,,,KOSDAQ,7670,1001,128623,0.7,IT서비스
19990,에너토크,269.0,252.0,235.0,,,,-9.0,1.0,-41.0,,,,-6.75,,,,-6.75,-4200.0,,,,-4200.0,1년치 존재,1,,1.5,-10.4,239066.0,up,64.8,10590.0,7100.0,up,bull,,,,,KOSDAQ,10310,1006,266612,1.1,기계
36630,세종텔레콤,3393.0,3714.0,2842.0,,,,-31.0,-121.0,-108.0,,,,-23.48,,,,-23.48,10.74,,,,10.74,1년치 존재,1,4.45,0.51,3.74,36693.0,down,46.5,11680.0,6940.0,mixed,bear,,,,,KOSDAQ,10050,1005,11030,0.3,다각화된통신서비스
238090,앤디포스,489.0,525.0,504.0,,,,-28.0,20.0,48.0,,,,-4.0,,,,-4.0,140.0,,,,140.0,1년치 존재,1,,0.91,5.64,228595.0,down,46.5,3950.0,1601.0,mixed,bear,,,,,KOSDAQ,3310,1009,95776,0.4,핸드셋
39610,화성밸브,916.0,913.0,814.0,,,,100.0,80.0,-16.0,,,,-10.84,,,,-10.84,-120.0,,,,-120.0,1년치 존재,1,7.14,0.65,-2.08,1691780.0,up,55.4,10250.0,6990.0,up,bear_cross,,,,,KOSDAQ,9650,1005,350384,0.2,기계
12700,리드코프,4906.0,4205.0,3877.0,,,,-135.0,216.0,109.0,,,,-7.8,,,,-7.8,-49.54,,,,-49.54,1년치 존재,1,18.01,0.37,3.15,62840.0,up,59.8,4005.0,3490.0,up,bull,,,,,KOSDAQ,3810,998,37568,0.6,석유와가스
65530,와이어블,726.0,794.0,755.0,,,,29.0,38.0,55.0,,,,-4.91,,,,-4.91,44.74,,,,44.74,1년치 존재,1,42.08,1.18,5.91,3152584.0,down,46.0,3075.0,1209.0,mixed,bear,,,,,KOSDAQ,2080,995,732866,0.2,무선통신서비스
251630,브이원텍,818.0,727.0,490.0,,,,20.0,-44.0,-128.0,,,,-32.6,,,,-32.6,-190.91,,,,-190.91,1년치 존재,1,57.62,1.43,-8.48,62864.0,up,60.2,7970.0,5160.0,mixed,bull,,,,,KOSDAQ,6220,992,100433,1.6,기계
461030,아이엠비디엑스,40.0,34.0,53.0,,,,-78.0,-106.0,-87.0,,,,55.88,,,,55.88,17.92,,,,17.92,1년치 존재,1,,3.88,-27.54,54018.0,down,48.2,9320.0,6070.0,mixed,bull,,,,,KOSDAQ,6960,998,34926,0.6,생명과학도구및서비스
95910,에스에너지,1699.0,1478.0,1024.0,,,,31.0,-145.0,-187.0,,,,-30.72,,,,-30.72,-28.97,,,,-28.97,1년치 존재,1,,0.58,-38.1,6863894.0,up,75.3,2660.0,1092.0,up,bull,,,,,KOSDAQ,2660,992,15440458,2.2,에너지장비및서비스
41910,폴라리스AI파마,642.0,596.0,555.0,,,,53.0,2.0,32.0,,,,-6.88,,,,-6.88,1500.0,,,,1500.0,1년치 존재,1,21.47,0.7,4.66,944731.0,up,61.7,8920.0,5860.0,up,bull,,,,,KOSDAQ,7480,994,14723808,15.6,제약
67370,선바이오,123.0,87.0,137.0,,,,52.0,-5.0,50.0,,,,57.47,,,,57.47,1100.0,,,,1100.0,1년치 존재,1,30.2,4.95,9.98,38945.0,up,81.8,8290.0,4945.0,up,bull,,,,,KOSDAQ,8280,1010,38854,1.0,생물공학
175140,휴먼테크놀로지,385.0,427.0,555.0,,,,-80.0,-66.0,-116.0,,,,29.98,,,,29.98,-75.76,,,,-75.76,1년치 존재,1,,1.19,-43.7,110868.0,up,48.4,4485.0,3415.0,mixed,bear,,,,,KOSDAQ,3970,990,97497,0.9,전자제품
84650,랩지노믹스,711.0,859.0,882.0,,,,-69.0,-185.0,-535.0,,,,2.68,,,,2.68,-189.19,,,,-189.19,1년치 존재,1,,1.26,-35.18,6087069.0,down,45.0,1835.0,1218.0,down,bear,,,,,KOSDAQ,1328,986,412,0.0,생명과학도구및서비스
120240,대정화금,933.0,923.0,1081.0,,,,110.0,85.0,112.0,,,,17.12,,,,17.12,31.76,,,,31.76,1년치 존재,1,9.28,0.72,7.6,18641.0,down,48.8,14210.0,12600.0,up,bear,,,,,KOSDAQ,13880,998,32831,1.8,화학
453860,에이에스텍,473.0,426.0,246.0,,,,92.0,87.0,-1.0,,,,-42.25,,,,-42.25,-101.15,,,,-101.15,1년치 존재,1,22.66,4.21,3.73,18389.0,up,58.3,16130.0,13050.0,mixed,bull,,,,,KOSDAQ,15270,984,12360,0.7,화장품
20710,시공테크,1349.0,1471.0,1684.0,,,,56.0,64.0,151.0,,,,14.48,,,,14.48,135.94,,,,135.94,1년치 존재,1,10.5,0.63,17.78,1450456.0,down,55.0,5990.0,3595.0,up,bear,,,,,KOSDAQ,4905,983,334286,0.2,"호텔,레스토랑,레저"
66790,씨씨에스,192.0,183.0,183.0,,,,5.0,-8.0,-50.0,,,,0.0,,,,0.0,-525.0,,,,-525.0,1년치 존재,1,43.88,3.7,-30.3,,,,,,,,,,,,KOSDAQ,1493,973,0,,방송과엔터테인먼트
60560,HC홈센타,4275.0,3690.0,2988.0,,,,397.0,123.0,-185.0,,,,-19.02,,,,-19.02,-250.41,,,,-250.41,1년치 존재,1,7.75,1.11,-13.14,526372.0,up,97.7,3865.0,644.0,,bull,,,,,KOSDAQ,3865,981,131562,0.2,건축자재
33230,인성정보,3652.0,3596.0,3427.0,,,,52.0,-47.0,-43.0,,,,-4.7,,,,-4.7,8.51,,,,8.51,1년치 존재,1,,1.66,-3.83,4493479.0,up,54.4,2185.0,1398.0,up,bull,,,,,KOSDAQ,1946,983,4739340,1.1,IT서비스
19540,일지테크,6285.0,7573.0,8551.0,,,,354.0,244.0,480.0,,,,12.91,,,,12.91,96.72,,,,96.72,1년치 존재,1,1.57,0.4,26.7,209699.0,down,56.9,7760.0,4350.0,up,bear,,,,,KOSDAQ,7210,974,95507,0.5,자동차부품
48430,유라테크,2097.0,2014.0,1973.0,,,,60.0,105.0,18.0,,,,-2.04,,,,-2.04,-82.86,,,,-82.86,1년치 존재,1,5.59,0.72,7.38,315661.0,down,57.4,8950.0,7210.0,up,bull,,,,,KOSDAQ,8460,975,57835,0.2,자동차부품
348080,큐라티스,10.0,4.0,25.0,,,,-169.0,-197.0,-103.0,,,,525.0,,,,525.0,47.72,,,,47.72,1년치 존재,1,,2.56,-91.67,532362.0,down,39.3,1285.0,805.0,down,bear_cross,,,,,KOSDAQ,848,979,176286,0.3,생물공학
212560,네오오토,1982.0,2186.0,2321.0,,,,104.0,126.0,137.0,,,,6.18,,,,6.18,8.73,,,,8.73,1년치 존재,1,6.22,0.69,11.38,58426.0,down,54.7,11980.0,7210.0,mixed,bull,,,,,KOSDAQ,8340,985,75739,1.3,자동차부품
68240,다원시스,3578.0,3015.0,1121.0,,,,193.0,76.0,-1207.0,,,,-62.82,,,,-62.82,-1688.16,,,,-1688.16,1년치 존재,1,125.7,2.26,150.62,,,,,,,,,,,,KOSDAQ,2530,966,0,,기계
72950,빛샘전자,741.0,851.0,1209.0,,,,37.0,51.0,90.0,,,,42.07,,,,42.07,76.47,,,,76.47,1년치 존재,1,9.08,0.51,9.57,2050401.0,down,50.9,23650.0,5570.0,up,bear,,,,,KOSDAQ,12110,975,495,0.0,전자장비와기기
93920,서원인텍,2598.0,2240.0,1949.0,,,,118.0,96.0,34.0,,,,-12.99,,,,-12.99,-64.58,,,,-64.58,1년치 존재,1,7.49,0.53,3.06,24788.0,down,57.8,5350.0,4870.0,up,bull,,,,,KOSDAQ,5210,969,26807,1.1,핸드셋
14950,삼익제약,505.0,559.0,600.0,,,,24.0,37.0,33.0,,,,7.33,,,,7.33,-10.81,,,,-10.81,1년치 존재,1,,1.29,-1.25,42234.0,down,37.9,15890.0,9400.0,down,bull,,,,,KOSDAQ,9680,969,37755,0.9,제약
290670,대보마그네틱,400.0,284.0,261.0,,,,1.0,-98.0,-104.0,,,,-8.1,,,,-8.1,-6.12,,,,-6.12,1년치 존재,1,,3.45,-99.48,55205.0,up,52.8,14020.0,10110.0,mixed,bull,,,,,KOSDAQ,12350,970,24867,0.5,전자장비와기기
46210,HLB파나진,123.0,132.0,150.0,,,,-18.0,-14.0,-34.0,,,,13.64,,,,13.64,-142.86,,,,-142.86,1년치 존재,1,,2.66,-4.21,247014.0,down,40.9,2650.0,1642.0,mixed,bear,,,,,KOSDAQ,2125,967,227182,0.9,생명과학도구및서비스
84730,팅크웨어,4206.0,4898.0,5366.0,6037.0,,,354.0,266.0,159.0,229.0,,,9.55,12.5,,,12.5,-40.23,44.03,,,44.03,2년치 존재,2,13.13,0.99,-12.75,26973.0,up,55.1,10270.0,7510.0,mixed,bull,,,,,KOSDAQ,8720,969,34581,1.3,전자제품
48910,대원미디어,3161.0,2564.0,3428.0,3600.0,,,138.0,16.0,100.0,130.0,,,33.7,5.02,,,33.7,525.0,30.0,,,525.0,2년치 존재,2,24.35,1.44,5.51,50916.0,down,51.6,9150.0,6980.0,mixed,bull,,,,,KOSDAQ,7700,969,35774,0.7,방송과엔터테인먼트
83790,CG인바이츠,49.0,73.0,274.0,,,,-309.0,-388.0,-238.0,,,,275.34,,,,275.34,38.66,,,,38.66,1년치 존재,1,,1.75,-3.46,260583.0,down,39.7,1637.0,1220.0,down,bear,,,,,KOSDAQ,1258,967,173922,0.7,생명과학도구및서비스
140070,서플러스글로벌,1660.0,2516.0,2084.0,,,,130.0,142.0,-117.0,,,,-17.17,,,,-17.17,-182.39,,,,-182.39,1년치 존재,1,23.29,0.67,-7.88,174063.0,up,79.3,2610.0,1809.0,up,bull,,,,,KOSDAQ,2610,965,507874,2.9,반도체와반도체장비
4650,창해에탄올,1164.0,1375.0,1223.0,,,,146.0,174.0,159.0,,,,-11.05,,,,-11.05,-8.62,,,,-8.62,1년치 존재,1,,0.59,9.63,2069881.0,down,51.3,12010.0,9300.0,mixed,bear,,,,,KOSDAQ,10520,967,532816,0.3,음료
33320,제이씨현시스템,2116.0,2639.0,3138.0,,,,-56.0,36.0,77.0,,,,18.91,,,,18.91,113.89,,,,113.89,1년치 존재,1,,0.87,7.83,344784.0,down,51.9,5240.0,4070.0,up,bear,,,,,KOSDAQ,5040,963,211190,0.6,컴퓨터와주변기기
290660,다이나믹솔루션,266.0,173.0,161.0,,,,-18.0,-34.0,-29.0,,,,-6.94,,,,-6.94,14.71,,,,14.71,1년치 존재,1,,1.66,-26.67,2423569.0,up,53.9,1652.0,680.0,up,bull_cross,,,,,KOSDAQ,1146,964,114974,0.0,건강관리장비와용품
72020,중앙백신,419.0,456.0,491.0,,,,70.0,58.0,65.0,,,,7.68,,,,7.68,12.07,,,,12.07,1년치 존재,1,18.27,1.07,5.88,42128.0,up,69.9,10140.0,8780.0,up,bull,,,,,KOSDAQ,10080,953,39002,0.9,제약
44340,위닉스,3753.0,3512.0,3695.0,,,,65.0,-59.0,-607.0,,,,5.21,,,,5.21,-928.81,,,,-928.81,1년치 존재,1,18.91,0.8,-11.63,30987.0,down,60.1,5500.0,4545.0,up,bull,,,,,KOSDAQ,5380,962,24864,0.8,가정용기기와용품
323350,다원넥스뷰,107.0,187.0,269.0,,,,-6.0,13.0,40.0,,,,43.85,,,,43.85,207.69,,,,207.69,1년치 존재,1,990.32,24.09,20.38,146469.0,up,49.4,18700.0,8740.0,mixed,bull,,,,,KOSDAQ,11920,955,136878,0.9,반도체와반도체장비
302550,리메드,185.0,256.0,245.0,,,,-29.0,11.0,7.0,,,,-4.3,,,,-4.3,-36.36,,,,-36.36,1년치 존재,1,125.1,3.24,1.31,115225.0,down,50.5,3690.0,2760.0,mixed,bull,,,,,KOSDAQ,3085,953,47195,0.4,건강관리장비와용품
40420,정상제이엘에스,1134.0,1058.0,1031.0,1050.0,,,164.0,101.0,98.0,113.0,,,-2.55,1.84,,,1.84,-2.97,15.31,,,15.31,2년치 존재,2,8.24,1.25,7.92,26366.0,up,61.2,6040.0,5610.0,up,bull,,,,,KOSDAQ,6010,942,15746,0.6,교육서비스
58400,KNN,661.0,689.0,685.0,,,,61.0,45.0,32.0,,,,-0.58,,,,-0.58,-28.89,,,,-28.89,1년치 존재,1,18.95,0.74,5.02,317492.0,down,38.8,859.0,689.0,down,bear,,,,,KOSDAQ,713,944,198181,0.6,방송과엔터테인먼트
60590,씨티씨바이오,1379.0,1199.0,1238.0,,,,-46.0,-50.0,62.0,,,,3.25,,,,3.25,224.0,,,,224.0,1년치 존재,1,,3.39,4.55,63294.0,down,50.9,4385.0,3620.0,mixed,bull,,,,,KOSDAQ,3915,947,36885,0.6,제약
56360,코위버,834.0,468.0,626.0,,,,-26.0,-76.0,3.0,,,,33.76,,,,33.76,103.95,,,,103.95,1년치 존재,1,73.35,0.42,2.43,1666265.0,down,54.5,12460.0,4540.0,mixed,bear,,,,,KOSDAQ,9680,948,405293,0.2,통신장비
99220,SDN,757.0,844.0,875.0,,,,-76.0,-65.0,5.0,,,,3.67,,,,3.67,107.69,,,,107.69,1년치 존재,1,,0.75,-2.43,1545065.0,down,63.7,1449.0,1000.0,up,bull_cross,,,,,KOSDAQ,1449,941,3595,0.0,에너지장비및서비스
24830,세원물산,1930.0,2309.0,2116.0,,,,59.0,13.0,31.0,,,,-8.36,,,,-8.36,138.46,,,,138.46,1년치 존재,1,4.26,1.0,4.79,9926.0,down,50.5,12680.0,10740.0,mixed,bull,,,,,KOSDAQ,11250,939,14153,1.4,자동차부품
241690,유니테크노,1019.0,1051.0,1072.0,,,,114.0,81.0,21.0,,,,2.0,,,,2.0,-74.07,,,,-74.07,1년치 존재,1,11.3,0.8,-2.33,111850.0,down,52.3,4045.0,3400.0,mixed,bull,,,,,KOSDAQ,3865,946,301108,2.7,자동차부품
299660,셀리드,,42.0,88.0,,,,,-120.0,-113.0,,,,109.52,,,,109.52,5.83,,,,5.83,1년치 존재,1,,4.09,-19.25,2258521.0,up,54.9,4110.0,2315.0,up,bull,,,,,KOSDAQ,3180,938,512185,0.2,생물공학
110790,크리스에프앤씨,3670.0,3313.0,3119.0,,,,461.0,121.0,-47.0,,,,-5.86,,,,-5.86,-138.84,,,,-138.84,1년치 존재,1,8.2,0.2,3.55,12125.0,down,51.9,4385.0,3810.0,mixed,bull,,,,,KOSDAQ,3970,930,12131,1.0,"섬유,의류,신발,호화품"
76610,해성옵틱스,1212.0,1085.0,1603.0,,,,40.0,-134.0,-67.0,,,,47.74,,,,47.74,50.0,,,,50.0,1년치 존재,1,,1.06,-59.71,2543448.0,up,65.5,1930.0,927.0,up,bull_cross,,,,,KOSDAQ,1739,925,42977,0.0,핸드셋
253840,수젠텍,71.0,101.0,94.0,,,,-228.0,-220.0,-188.0,,,,-6.93,,,,-6.93,14.55,,,,14.55,1년치 존재,1,,1.05,-26.88,2761443.0,up,52.5,6950.0,4490.0,mixed,bull,,,,,KOSDAQ,5580,934,460771,0.2,건강관리장비와용품
67570,엔브이에이치코리아,13714.0,15874.0,16239.0,,,,629.0,676.0,-219.0,,,,2.3,,,,2.3,-132.4,,,,-132.4,1년치 존재,1,20.49,0.55,-5.99,77840.0,down,51.6,2450.0,2105.0,mixed,bull,,,,,KOSDAQ,2200,928,95725,1.2,자동차부품
478560,블랙야크아이앤씨,352.0,377.0,573.0,,,,81.0,83.0,93.0,,,,51.99,,,,51.99,12.05,,,,12.05,1년치 존재,1,,2.43,-18.79,91635.0,up,64.6,3830.0,2990.0,up,bull,,,,,KOSDAQ,3600,930,363051,4.0,"섬유,의류,신발,호화품"
134580,탑코미디어,192.0,233.0,486.0,,,,-27.0,-37.0,37.0,,,,108.58,,,,108.58,200.0,,,,200.0,1년치 존재,1,,2.02,-7.16,300095.0,up,67.1,2020.0,1518.0,mixed,bull,,,,,KOSDAQ,1924,948,363619,1.2,양방향미디어와서비스
11320,유니크,3290.0,3748.0,4302.0,,,,93.0,83.0,144.0,,,,14.78,,,,14.78,73.49,,,,73.49,1년치 존재,1,15.71,0.85,8.28,111438.0,up,70.1,4875.0,3615.0,up,bull,,,,,KOSDAQ,4780,924,93041,0.8,자동차부품
126880,제이엔케이글로벌,1667.0,1386.0,1473.0,,,,41.0,36.0,32.0,,,,6.28,,,,6.28,-11.11,,,,-11.11,1년치 존재,1,32.81,1.09,1.57,190375.0,down,53.4,4120.0,3320.0,up,bear_cross,,,,,KOSDAQ,3975,922,149720,0.8,석유와가스
54040,한국컴퓨터,3717.0,4210.0,4178.0,,,,238.0,122.0,229.0,,,,-0.76,,,,-0.76,87.7,,,,87.7,1년치 존재,1,3.91,0.52,13.04,62001.0,up,65.4,5800.0,4740.0,up,bull,,,,,KOSDAQ,5750,924,34495,0.6,디스플레이장비및부품
171120,라이온켐텍,1308.0,1418.0,1303.0,,,,78.0,94.0,114.0,,,,-8.11,,,,-8.11,21.28,,,,21.28,1년치 존재,1,17.43,0.93,6.28,1954726.0,down,61.3,2925.0,1998.0,up,bull,,,,,KOSDAQ,2560,919,662380,0.3,건축자재
60570,드림어스컴퍼니,2290.0,2251.0,2250.0,,,,-33.0,-32.0,6.0,,,,-0.04,,,,-0.04,118.75,,,,118.75,1년치 존재,1,,1.35,1.79,110261.0,down,41.7,1419.0,1098.0,down,bear,,,,,KOSDAQ,1237,917,80109,0.7,방송과엔터테인먼트
39010,현대에이치티,1314.0,1689.0,1533.0,,,,-8.0,111.0,70.0,,,,-9.24,,,,-9.24,-36.94,,,,-36.94,1년치 존재,1,,0.51,13.0,158931.0,up,57.3,12340.0,7910.0,up,bull,,,,,KOSDAQ,10540,909,58082,0.4,통신장비
32850,비트컴퓨터,335.0,371.0,360.0,,,,62.0,67.0,59.0,,,,-2.96,,,,-2.96,-11.94,,,,-11.94,1년치 존재,1,50.0,1.45,10.24,345282.0,down,54.2,5710.0,4900.0,up,bull,,,,,KOSDAQ,5490,913,856333,2.5,건강관리기술
347000,센코,340.0,359.0,367.0,,,,22.0,27.0,25.0,,,,2.23,,,,2.23,-7.41,,,,-7.41,1년치 존재,1,,2.35,9.96,532652.0,up,62.6,2495.0,2065.0,up,bull,,,,,KOSDAQ,2405,909,317056,0.6,전자장비와기기
214270,FSN,1756.0,1854.0,2723.0,,,,-60.0,111.0,305.0,,,,46.87,,,,46.87,174.77,,,,174.77,1년치 존재,1,,1.2,-31.13,229844.0,down,44.2,2665.0,1820.0,down,bear,,,,,KOSDAQ,2050,917,134259,0.6,양방향미디어와서비스
192250,케이사인,471.0,519.0,484.0,,,,43.0,13.0,29.0,,,,-6.74,,,,-6.74,123.08,,,,123.08,1년치 존재,1,20.03,1.01,2.68,628859.0,down,57.2,15880.0,8680.0,up,bear,,,,,KOSDAQ,12850,908,114529,0.2,소프트웨어
451250,삐아,383.0,576.0,680.0,,,,42.0,55.0,45.0,,,,18.06,,,,18.06,-18.18,,,,-18.18,1년치 존재,1,153.68,1.96,10.98,79511.0,up,56.9,9340.0,7640.0,mixed,bull,,,,,KOSDAQ,8880,908,55276,0.7,화장품
217500,러셀,447.0,375.0,271.0,,,,19.0,20.0,-52.0,,,,-27.73,,,,-27.73,-360.0,,,,-360.0,1년치 존재,1,37.78,1.66,-4.8,934306.0,up,52.1,3800.0,2470.0,mixed,bull,,,,,KOSDAQ,2835,902,743753,0.8,반도체와반도체장비
128660,피제이메탈,2293.0,2545.0,3490.0,,,,53.0,92.0,122.0,,,,37.13,,,,37.13,32.61,,,,32.61,1년치 존재,1,6.92,1.3,10.63,1143360.0,up,54.6,3975.0,2950.0,up,bear,,,,,KOSDAQ,3615,897,244426,0.2,비철금속
38680,에스넷,4771.0,4499.0,4574.0,,,,145.0,107.0,107.0,,,,1.67,,,,1.67,0.0,,,,0.0,1년치 존재,1,4.44,0.89,4.4,2382235.0,up,52.8,5610.0,2860.0,mixed,bear,,,,,KOSDAQ,4520,900,298,0.0,IT서비스
65510,휴비츠,1177.0,1179.0,1180.0,,,,164.0,133.0,56.0,,,,0.08,,,,0.08,-57.89,,,,-57.89,1년치 존재,1,22.97,1.87,-4.5,43491.0,down,43.9,9720.0,7660.0,mixed,bull,,,,,KOSDAQ,7870,904,83729,1.9,건강관리장비와용품
391710,코닉오토메이션,273.0,555.0,301.0,,,,18.0,0.0,-27.0,,,,-45.77,,,,-45.77,,,,,,1년치 존재,1,46.06,4.12,-11.44,211519.0,up,54.3,2570.0,1715.0,mixed,bull,,,,,KOSDAQ,2100,895,228340,1.1,IT서비스
2800,신신제약,1026.0,1064.0,1138.0,,,,60.0,69.0,108.0,,,,6.95,,,,6.95,56.52,,,,56.52,1년치 존재,1,20.23,1.52,13.21,72616.0,up,54.6,6280.0,5190.0,up,bull,,,,,KOSDAQ,5860,889,42885,0.6,제약
16250,SGC E&C,18637.0,12056.0,13420.0,,,,-216.0,106.0,528.0,,,,11.31,,,,11.31,398.11,,,,398.11,1년치 존재,1,,0.28,-18.8,17382.0,down,52.3,20850.0,14970.0,up,bear_cross,,,,,KOSDAQ,17640,889,12172,0.7,건설
203690,아크솔루션스,373.0,332.0,161.0,,,,-48.0,-62.0,-74.0,,,,-51.51,,,,-51.51,-19.35,,,,-19.35,1년치 존재,1,,4.57,-45.45,,,,,,,,,,,,KOSDAQ,4425,892,0,,가정용품
187420,HLB제넥스,270.0,354.0,434.0,,,,-95.0,-19.0,12.0,,,,22.6,,,,22.6,163.16,,,,163.16,1년치 존재,1,,4.14,69.88,199520.0,down,52.8,3310.0,2350.0,up,bear,,,,,KOSDAQ,2940,887,98349,0.5,생물공학
443250,레뷰코퍼레이션,397.0,478.0,565.0,,,,42.0,77.0,89.0,,,,18.2,,,,18.2,15.58,,,,15.58,1년치 존재,1,41.68,3.69,11.37,71517.0,down,29.6,11820.0,7660.0,down,bear,,,,,KOSDAQ,7970,888,204943,2.9,양방향미디어와서비스
900250,크리스탈신소재,637.0,632.0,699.0,,,,163.0,137.0,107.0,,,,10.6,,,,10.6,-21.9,,,,-21.9,1년치 존재,1,19.71,0.39,-0.53,1408183.0,down,53.3,701.0,516.0,mixed,bull,,,,,KOSDAQ,617,884,730466,0.5,비철금속
71670,에이테크솔루션,2685.0,2895.0,3055.0,,,,39.0,5.0,6.0,,,,5.53,,,,5.53,20.0,,,,20.0,1년치 존재,1,67.98,1.26,0.53,44816.0,down,48.8,11360.0,8110.0,mixed,bull,,,,,KOSDAQ,8850,885,50011,1.1,기계
170030,현대공업,3075.0,3269.0,3679.0,,,,154.0,109.0,123.0,,,,12.54,,,,12.54,12.84,,,,12.84,1년치 존재,1,8.33,0.75,7.53,46631.0,up,51.1,6650.0,5270.0,mixed,bull,,,,,KOSDAQ,5740,881,46474,1.0,자동차부품
104040,디에스엠,294.0,38.0,285.0,,,,-20.0,-71.0,-79.0,,,,650.0,,,,650.0,-11.27,,,,-11.27,1년치 존재,1,,0.74,-14.75,359422.0,up,48.7,770.0,600.0,,bull,,,,,KOSDAQ,677,908,0,,자동차부품
212710,아이에스티이,272.0,411.0,322.0,,,,-7.0,6.0,-58.0,,,,-21.65,,,,-21.65,-1066.67,,,,-1066.67,1년치 존재,1,,4.18,-30.74,146371.0,down,65.4,10850.0,7020.0,mixed,bull,,,,,KOSDAQ,9130,879,165607,1.1,반도체와반도체장비
36640,HRS,782.0,802.0,789.0,,,,125.0,149.0,134.0,,,,-1.62,,,,-1.62,-10.07,,,,-10.07,1년치 존재,1,7.27,0.75,10.72,62383.0,up,62.2,5380.0,4770.0,up,bull,,,,,KOSDAQ,5350,875,43206,0.7,화학
61040,알에프텍,3144.0,3583.0,2660.0,,,,50.0,18.0,-252.0,,,,-25.76,,,,-25.76,-1500.0,,,,-1500.0,1년치 존재,1,31.07,0.53,-13.41,1969149.0,down,50.2,2610.0,1521.0,mixed,bear,,,,,KOSDAQ,1937,876,885496,0.4,핸드셋
435570,에르코스,330.0,365.0,356.0,,,,31.0,32.0,3.0,,,,-2.47,,,,-2.47,-90.62,,,,-90.62,1년치 존재,1,,1.61,-13.38,58268.0,up,58.5,13890.0,9080.0,mixed,bull,,,,,KOSDAQ,11500,876,54470,0.9,식품
216050,인크로스,468.0,488.0,505.0,,,,126.0,100.0,115.0,,,,3.48,,,,3.48,15.0,,,,15.0,1년치 존재,1,10.87,1.13,9.59,36047.0,up,52.4,7330.0,6390.0,mixed,bull,,,,,KOSDAQ,6810,875,33951,0.9,광고
94940,푸른기술,323.0,348.0,235.0,,,,19.0,23.0,-10.0,,,,-32.47,,,,-32.47,-143.48,,,,-143.48,1년치 존재,1,27.78,1.78,-1.6,163202.0,down,58.0,12150.0,8220.0,mixed,bull,,,,,KOSDAQ,10460,875,1460462,8.9,컴퓨터와주변기기
81150,티플랙스,2511.0,2075.0,2092.0,,,,-15.0,48.0,52.0,,,,0.82,,,,0.82,8.33,,,,8.33,1년치 존재,1,,0.5,2.02,820133.0,down,56.2,3820.0,2720.0,up,bear,,,,,KOSDAQ,3655,887,292457,0.4,비철금속
14470,부방,3310.0,3482.0,3195.0,,,,-3.0,49.0,18.0,,,,-8.24,,,,-8.24,-63.27,,,,-63.27,1년치 존재,1,,1.06,1.37,154465.0,up,63.4,1480.0,1260.0,up,bull,,,,,KOSDAQ,1456,874,134986,0.9,가정용기기와용품
263800,데이타솔루션,993.0,1101.0,1038.0,,,,13.0,1.0,12.0,,,,-5.72,,,,-5.72,1100.0,,,,1100.0,1년치 존재,1,51.58,2.48,3.03,954320.0,up,59.5,5700.0,4115.0,up,bull,,,,,KOSDAQ,5370,871,217934,0.2,IT서비스
53280,예스24,6571.0,6711.0,6265.0,,,,72.0,163.0,29.0,,,,-6.65,,,,-6.65,-82.21,,,,-82.21,1년치 존재,1,,0.55,-5.84,42903.0,down,49.3,3735.0,3345.0,mixed,bull,,,,,KOSDAQ,3495,874,14313,0.3,인터넷과카탈로그소매
227950,엔투텍,131.0,136.0,288.0,,,,-33.0,-35.0,94.0,,,,111.76,,,,111.76,368.57,,,,368.57,1년치 존재,1,5.94,0.58,17.7,3904942.0,down,53.1,605.0,332.0,up,bear,,,,,KOSDAQ,503,868,6566212,1.7,반도체와반도체장비
66430,아이로보틱스,358.0,361.0,364.0,,,,1.0,9.0,2.0,,,,0.83,,,,0.83,-77.78,,,,-77.78,1년치 존재,1,9.61,0.64,3.93,800325.0,up,58.2,3690.0,1787.0,mixed,bull,,,,,KOSDAQ,2220,869,3395776,4.2,화학
111710,남화산업,247.0,207.0,168.0,,,,118.0,80.0,41.0,,,,-18.84,,,,-18.84,-48.75,,,,-48.75,1년치 존재,1,7.47,0.73,3.56,12153.0,up,64.9,4255.0,3805.0,up,bull,,,,,KOSDAQ,4200,865,31513,2.6,"호텔,레스토랑,레저"
378800,샤페론,2.0,,2.0,,,,-132.0,-151.0,-158.0,,,,,,,,,-4.64,,,,-4.64,1년치 존재,1,,4.57,-76.22,1074566.0,up,56.6,1959.0,1606.0,up,bull,,,,,KOSDAQ,1876,868,2688,0.0,제약
102370,케이옥션,122.0,195.0,123.0,,,,-42.0,-48.0,-41.0,,,,-36.92,,,,-36.92,14.58,,,,14.58,1년치 존재,1,,1.38,-4.72,100606.0,down,41.9,4180.0,3105.0,down,bull,,,,,KOSDAQ,3175,865,119909,1.2,판매업체
408900,스튜디오미르,232.0,176.0,164.0,,,,9.0,-19.0,-21.0,,,,-6.82,,,,-6.82,-10.53,,,,-10.53,1년치 존재,1,61.05,4.21,-3.71,709330.0,up,68.3,2825.0,2095.0,mixed,bull,,,,,KOSDAQ,2640,865,12213949,17.2,방송과엔터테인먼트
130580,나이스디앤비,879.0,897.0,914.0,,,,142.0,158.0,154.0,,,,1.9,,,,1.9,-2.53,,,,-2.53,1년치 존재,1,9.29,1.06,11.69,7070.0,down,43.8,6070.0,5440.0,mixed,bear_cross,,,,,KOSDAQ,5580,859,5054,0.7,상업서비스와공급품
307870,비투엔,320.0,251.0,146.0,,,,-24.0,-26.0,-67.0,,,,-41.83,,,,-41.83,-157.69,,,,-157.69,1년치 존재,1,,3.79,-36.66,1095383.0,down,46.3,1459.0,620.0,mixed,bear,,,,,KOSDAQ,1157,860,295828,0.3,IT서비스
215360,우리산업,4622.0,5106.0,5320.0,,,,205.0,150.0,187.0,,,,4.19,,,,4.19,24.67,,,,24.67,1년치 존재,1,7.26,1.31,12.2,34969.0,up,62.3,9530.0,7950.0,up,bull,,,,,KOSDAQ,9340,853,47102,1.3,자동차부품
360350,코셈,137.0,147.0,134.0,,,,15.0,-2.0,-15.0,,,,-8.84,,,,-8.84,-650.0,,,,-650.0,1년치 존재,1,43.74,4.25,-3.13,92042.0,down,49.2,17110.0,6170.0,mixed,bear,,,,,KOSDAQ,15000,859,102959,1.1,전자장비와기기
459100,위츠,995.0,908.0,1687.0,,,,103.0,22.0,26.0,,,,85.79,,,,85.79,18.18,,,,18.18,1년치 존재,1,66.78,1.87,4.5,58289.0,up,56.6,6980.0,5180.0,mixed,bull,,,,,KOSDAQ,6320,851,38856,0.7,핸드셋
207760,미스터블루,741.0,703.0,675.0,,,,7.0,-136.0,-25.0,,,,-3.98,,,,-3.98,81.62,,,,81.62,1년치 존재,1,,2.49,-37.47,333281.0,up,47.3,1252.0,965.0,mixed,bull,,,,,KOSDAQ,1025,852,450390,1.4,양방향미디어와서비스
49180,셀루메드,956.0,1291.0,1402.0,,,,-105.0,-68.0,-51.0,,,,8.6,,,,8.6,25.0,,,,25.0,1년치 존재,1,,4.1,-26.06,,,,,,,,,,,,KOSDAQ,1009,839,0,,건설
4590,한국가구,1029.0,1287.0,1416.0,,,,124.0,178.0,175.0,,,,10.02,,,,10.02,-1.69,,,,-1.69,1년치 존재,1,5.43,0.35,7.46,47913.0,up,83.0,5680.0,4390.0,up,bull,,,,,KOSDAQ,5680,852,146867,3.1,식품과기본식료품소매
109080,옵티시스,220.0,238.0,257.0,,,,8.0,27.0,45.0,,,,7.98,,,,7.98,66.67,,,,66.67,1년치 존재,1,25.75,0.97,7.7,730678.0,up,50.9,20400.0,8060.0,mixed,bear,,,,,KOSDAQ,15010,846,145837,0.2,통신장비
452400,이닉스,1189.0,1045.0,1226.0,,,,108.0,-15.0,-10.0,,,,17.32,,,,17.32,33.33,,,,33.33,1년치 존재,1,81.19,0.68,0.2,23572.0,down,52.2,11140.0,8050.0,mixed,bull,,,,,KOSDAQ,9290,843,23662,1.0,전기제품
123420,위메이드플레이,1217.0,1204.0,1253.0,,,,-4.0,11.0,107.0,,,,4.07,,,,4.07,872.73,,,,872.73,1년치 존재,1,33.01,0.59,7.38,336676.0,up,59.7,8670.0,6260.0,up,bull,,,,,KOSDAQ,8000,844,78304,0.2,게임엔터테인먼트
162300,신스틸,3238.0,3866.0,3522.0,,,,131.0,105.0,30.0,,,,-8.9,,,,-8.9,-71.43,,,,-71.43,1년치 존재,1,19.05,1.72,1.61,657485.0,up,63.7,2225.0,1487.0,up,bull,,,,,KOSDAQ,2050,850,311990,0.5,철강
27830,대성창투,124.0,201.0,93.0,,,,21.0,102.0,8.0,,,,-53.73,,,,-53.73,-92.16,,,,-92.16,1년치 존재,1,41.03,1.18,0.32,525529.0,down,50.2,1807.0,1373.0,mixed,bull,,,,,KOSDAQ,1574,850,290744,0.6,창업투자
214260,라파스,279.0,272.0,310.0,,,,-40.0,-35.0,-30.0,,,,13.97,,,,13.97,14.29,,,,14.29,1년치 존재,1,,5.43,-14.96,27791.0,down,43.3,12110.0,9320.0,down,bull,,,,,KOSDAQ,9500,848,36773,1.3,화장품
142280,녹십자엠에스,940.0,1039.0,1084.0,,,,18.0,23.0,29.0,,,,4.33,,,,4.33,26.09,,,,26.09,1년치 존재,1,56.04,2.91,8.57,265741.0,down,52.9,4160.0,3255.0,up,bull,,,,,KOSDAQ,3865,840,73536,0.3,건강관리장비와용품
17650,대림제지,1644.0,1663.0,1688.0,,,,218.0,98.0,53.0,,,,1.5,,,,1.5,-45.92,,,,-45.92,1년치 존재,1,3.89,0.26,2.3,19219.0,down,63.3,10140.0,8300.0,mixed,bull,,,,,KOSDAQ,9520,836,48826,2.5,포장재
246690,TS인베스트먼트,262.0,176.0,196.0,,,,143.0,-30.0,90.0,,,,11.36,,,,11.36,400.0,,,,400.0,1년치 존재,1,5.53,0.69,8.19,1303144.0,up,54.9,2110.0,1348.0,mixed,bull,,,,,KOSDAQ,1785,838,840415,0.6,창업투자
36090,위지트,352.0,3574.0,4830.0,,,,37.0,138.0,258.0,,,,35.14,,,,35.14,86.96,,,,86.96,1년치 존재,1,,0.82,5.7,9570444.0,down,51.0,872.0,558.0,,bear,,,,,KOSDAQ,710,841,0,,디스플레이장비및부품
104620,노랑풍선,986.0,1319.0,1197.0,,,,66.0,-65.0,22.0,,,,-9.25,,,,-9.25,133.85,,,,133.85,1년치 존재,1,17.57,2.58,-7.36,289579.0,up,59.2,5650.0,4260.0,mixed,bull,,,,,KOSDAQ,4955,833,117647,0.4,"호텔,레스토랑,레저"
163280,에어레인,163.0,245.0,281.0,,,,2.0,19.0,31.0,,,,14.69,,,,14.69,63.16,,,,63.16,1년치 존재,1,48.84,1.21,4.21,156985.0,up,42.0,15280.0,5500.0,mixed,bull,,,,,KOSDAQ,6120,832,223381,1.4,화학
183490,엔지켐생명과학,760.0,774.0,678.0,,,,-144.0,-132.0,-143.0,,,,-12.4,,,,-12.4,-8.33,,,,-8.33,1년치 존재,1,,0.8,-12.17,,,,,,,,,,,,KOSDAQ,990,838,0,,제약
241790,티이엠씨씨엔에스,1403.0,1935.0,1680.0,,,,133.0,59.0,90.0,,,,-13.18,,,,-13.18,52.54,,,,52.54,1년치 존재,1,9.91,1.21,3.78,81786.0,up,58.7,8700.0,6170.0,up,bull,,,,,KOSDAQ,8320,832,56028,0.7,반도체와반도체장비
53450,세코닉스,5024.0,4627.0,4349.0,,,,162.0,144.0,30.0,,,,-6.01,,,,-6.01,-79.17,,,,-79.17,1년치 존재,1,9.12,0.83,3.44,142942.0,up,62.5,6270.0,4820.0,mixed,bull,,,,,KOSDAQ,5620,831,1043519,7.3,전자장비와기기
208140,정다운,1855.0,1820.0,1609.0,,,,358.0,147.0,68.0,,,,-11.59,,,,-11.59,-53.74,,,,-53.74,1년치 존재,1,2.8,0.75,4.6,74353.0,down,55.1,2765.0,2425.0,mixed,bull,,,,,KOSDAQ,2540,830,50971,0.7,식품
52900,KX하이텍,1547.0,1323.0,1263.0,,,,81.0,92.0,54.0,,,,-4.54,,,,-4.54,-41.3,,,,-41.3,1년치 존재,1,15.22,0.58,3.45,1020631.0,down,50.0,1486.0,1050.0,mixed,bull,,,,,KOSDAQ,1197,832,714432,0.7,반도체와반도체장비
37440,희림,2287.0,2410.0,2319.0,,,,74.0,153.0,91.0,,,,-3.78,,,,-3.78,-40.52,,,,-40.52,1년치 존재,1,17.4,1.38,9.22,3010449.0,up,60.7,6360.0,3725.0,up,bear,,,,,KOSDAQ,5950,828,1069,0.0,건설
127980,화인써키트,692.0,859.0,818.0,,,,43.0,45.0,-15.0,,,,-4.77,,,,-4.77,-133.33,,,,-133.33,1년치 존재,1,20.82,2.26,-9.44,529261.0,up,75.1,7010.0,4885.0,up,bull,,,,,KOSDAQ,7010,830,3486101,6.6,전자장비와기기
412540,제일엠앤에스,1432.0,2475.0,1513.0,,,,18.0,-1296.0,-72.0,,,,-38.87,,,,-38.87,94.44,,,,94.44,1년치 존재,1,,,103.17,,,,,,,,,,,,KOSDAQ,3935,811,0,,전기제품
417790,트루엔,472.0,536.0,491.0,,,,114.0,155.0,133.0,,,,-8.4,,,,-8.4,-14.19,,,,-14.19,1년치 존재,1,10.87,1.42,11.61,24042.0,up,62.2,8260.0,7080.0,mixed,bull,,,,,KOSDAQ,7910,828,66746,2.8,전자장비와기기
302430,이노메트리,838.0,530.0,386.0,,,,82.0,-72.0,-57.0,,,,-27.17,,,,-27.17,20.83,,,,20.83,1년치 존재,1,14.22,1.72,-6.97,64414.0,up,71.5,8410.0,5820.0,up,bull,,,,,KOSDAQ,8390,825,52373,0.8,전기제품
45660,에이텍,37.0,455.0,1602.0,,,,-7.0,21.0,87.0,,,,252.09,,,,252.09,314.29,,,,314.29,1년치 존재,1,22.47,1.1,0.23,37553.0,down,49.2,10830.0,8790.0,up,bear_cross,,,,,KOSDAQ,9920,819,38011,1.0,컴퓨터와주변기기
89850,유비벨록스,5436.0,6071.0,6679.0,,,,493.0,341.0,215.0,,,,10.01,,,,10.01,-36.95,,,,-36.95,1년치 존재,1,6.51,1.0,-5.39,43623.0,down,52.9,5880.0,4740.0,up,bear_cross,,,,,KOSDAQ,5560,819,31890,0.7,전자제품
168330,내츄럴엔도텍,188.0,223.0,222.0,,,,-41.0,-38.0,-33.0,,,,-0.45,,,,-0.45,13.16,,,,13.16,1년치 존재,1,,2.04,-12.59,41768.0,down,53.0,3055.0,1961.0,mixed,bull,,,,,KOSDAQ,2560,813,46008,1.1,화장품
479960,위너스일렉,276.0,264.0,312.0,,,,35.0,29.0,53.0,,,,18.18,,,,18.18,82.76,,,,82.76,1년치 존재,1,14.87,1.99,14.15,56172.0,up,67.7,12200.0,8420.0,up,bull,,,,,KOSDAQ,11810,809,54,0.0,전기장비
136410,아셈스,477.0,572.0,603.0,,,,60.0,92.0,120.0,,,,5.42,,,,5.42,30.43,,,,30.43,1년치 존재,1,24.03,1.24,12.97,27796.0,down,43.9,9390.0,6960.0,mixed,bull,,,,,KOSDAQ,7370,812,28711,1.0,화학
204840,지엘팜텍,260.0,260.0,353.0,,,,-32.0,-18.0,3.0,,,,35.77,,,,35.77,116.67,,,,116.67,1년치 존재,1,,5.77,0.06,156969.0,down,46.4,1148.0,1008.0,mixed,bear_cross,,,,,KOSDAQ,1045,810,110135,0.7,제약
175250,아이큐어,568.0,507.0,834.0,,,,-225.0,-152.0,-120.0,,,,64.5,,,,64.5,21.05,,,,21.05,1년치 존재,1,,1.38,-79.19,,,,,,,,,,,,KOSDAQ,2170,815,0,,화장품
340360,다보링크,754.0,659.0,632.0,,,,-9.0,-17.0,-19.0,,,,-4.1,,,,-4.1,-11.76,,,,-11.76,1년치 존재,1,,6.25,-85.25,1030387.0,down,43.6,2215.0,1436.0,down,bear,,,,,KOSDAQ,1554,809,201002,0.2,통신장비
222160,NPX,,83.0,36.0,,,,,-32.0,-146.0,,,,-56.63,,,,-56.63,-356.25,,,,-356.25,1년치 존재,1,,3.38,-51.79,,,,,,,,,,,,KOSDAQ,8040,796,0,,반도체와반도체장비
424980,마이크로투나노,94.0,102.0,222.0,,,,-126.0,-95.0,-34.0,,,,117.65,,,,117.65,64.21,,,,64.21,1년치 존재,1,,2.76,-17.64,30921.0,down,50.3,16050.0,10680.0,up,bull,,,,,KOSDAQ,13660,809,30860,1.0,반도체와반도체장비
222110,팬젠,73.0,147.0,134.0,,,,-42.0,10.0,15.0,,,,-8.84,,,,-8.84,50.0,,,,50.0,1년치 존재,1,,5.85,7.48,359636.0,down,52.3,7340.0,4555.0,up,bear,,,,,KOSDAQ,5950,803,69507,0.2,생물공학
61250,화일약품,1225.0,1198.0,1008.0,,,,20.0,8.0,-23.0,,,,-15.86,,,,-15.86,-387.5,,,,-387.5,1년치 존재,1,3.8,0.05,-0.11,,,,,,,,,,,,KOSDAQ,943,794,0,,제약
27050,코리아나,860.0,825.0,737.0,,,,9.0,4.0,-44.0,,,,-10.67,,,,-10.67,-1200.0,,,,-1200.0,1년치 존재,1,64.18,1.02,-9.07,1217461.0,up,57.4,2260.0,1740.0,mixed,bull,,,,,KOSDAQ,2005,802,585060,0.5,화장품
159580,제로투세븐,694.0,669.0,710.0,,,,23.0,15.0,25.0,,,,6.13,,,,6.13,66.67,,,,66.67,1년치 존재,1,132.79,1.57,4.2,33542.0,up,63.5,4255.0,3380.0,up,bull,,,,,KOSDAQ,3995,800,36619,1.1,화장품
39240,경남스틸,3903.0,3955.0,3571.0,,,,107.0,94.0,60.0,,,,-9.71,,,,-9.71,-36.17,,,,-36.17,1년치 존재,1,9.86,0.78,4.1,1681911.0,up,59.4,3040.0,2370.0,up,bull,,,,,KOSDAQ,2955,797,562709,0.3,철강
37760,쎄니트,1404.0,1324.0,1270.0,,,,49.0,33.0,-11.0,,,,-4.08,,,,-4.08,-133.33,,,,-133.33,1년치 존재,1,17.91,0.52,-5.64,54432.0,down,74.0,2380.0,1728.0,up,bear,,,,,KOSDAQ,2365,800,42056,0.8,철강
66980,한성크린텍,3684.0,1552.0,1999.0,,,,14.0,-507.0,28.0,,,,28.8,,,,28.8,105.52,,,,105.52,1년치 존재,1,91.71,0.63,0.18,531885.0,down,52.7,1653.0,1150.0,up,bear,,,,,KOSDAQ,1531,795,218164,0.4,건설
94850,참좋은여행,687.0,808.0,921.0,,,,64.0,20.0,98.0,,,,13.99,,,,13.99,390.0,,,,390.0,1년치 존재,1,13.46,1.1,11.69,58956.0,up,61.1,6140.0,4750.0,mixed,bull,,,,,KOSDAQ,5670,794,55988,0.9,"호텔,레스토랑,레저"
376930,노을,27.0,16.0,51.0,,,,-161.0,-228.0,-201.0,,,,218.75,,,,218.75,11.84,,,,11.84,1년치 존재,1,,3.49,-87.04,334076.0,down,37.9,1918.0,1434.0,down,bear_cross,,,,,KOSDAQ,1548,794,762403,2.3,건강관리장비와용품
261520,이지스,214.0,303.0,213.0,,,,30.0,24.0,-68.0,,,,-29.7,,,,-29.7,-383.33,,,,-383.33,1년치 존재,1,,1.57,-11.92,44571.0,down,41.8,13240.0,7820.0,mixed,bull,,,,,KOSDAQ,7870,809,79885,1.8,IT서비스
99410,동방선기,273.0,357.0,419.0,,,,34.0,41.0,93.0,,,,17.37,,,,17.37,126.83,,,,126.83,1년치 존재,1,6.51,0.89,17.34,184053.0,up,64.2,6190.0,4450.0,mixed,bull,,,,,KOSDAQ,5660,792,190447,1.0,조선
43710,서울리거,226.0,175.0,357.0,,,,-75.0,-30.0,-83.0,,,,104.0,,,,104.0,-176.67,,,,-176.67,1년치 존재,1,,1.38,-23.35,,,,,,,,,,,,KOSDAQ,905,783,0,,건강관리업체및서비스
41460,한국전자인증,383.0,371.0,367.0,,,,31.0,47.0,67.0,,,,-1.08,,,,-1.08,42.55,,,,42.55,1년치 존재,1,36.74,1.62,7.46,424145.0,down,50.4,4480.0,3560.0,up,bear,,,,,KOSDAQ,4175,793,113394,0.3,IT서비스
67920,이글루,1051.0,1112.0,1433.0,1954.0,,,75.0,61.0,160.0,177.0,,,28.87,36.36,,,36.36,162.3,10.62,,,162.3,2년치 존재,2,7.91,0.86,-0.05,229971.0,down,59.0,8070.0,5130.0,up,bear,,,,,KOSDAQ,7190,791,54114,0.2,IT서비스
49470,비트플래닛,434.0,361.0,248.0,,,,-68.0,2.0,-45.0,,,,-31.3,,,,-31.3,-2350.0,,,,-2350.0,1년치 존재,1,,0.8,-19.04,732350.0,up,50.6,877.0,570.0,,bull,,,,,KOSDAQ,672,791,0,,소프트웨어
145170,노브랜드,4591.0,5462.0,6022.0,,,,105.0,176.0,133.0,,,,10.25,,,,10.25,-24.43,,,,-24.43,1년치 존재,1,,0.5,3.3,1215120.0,up,58.3,5000.0,3300.0,up,bull,,,,,KOSDAQ,4670,790,183756,0.2,"섬유,의류,신발,호화품"
317690,퀀타매트릭스,31.0,25.0,37.0,,,,-224.0,-161.0,-156.0,,,,48.0,,,,48.0,3.11,,,,3.11,1년치 존재,1,,4.25,-83.64,87234.0,down,50.0,4335.0,3320.0,mixed,bear_cross,,,,,KOSDAQ,3910,787,85942,1.0,생명과학도구및서비스
32540,TJ미디어,964.0,919.0,944.0,,,,63.0,47.0,33.0,,,,2.72,,,,2.72,-29.79,,,,-29.79,1년치 존재,1,18.33,1.0,4.71,19220.0,down,28.4,6530.0,3725.0,down,bull,,,,,KOSDAQ,3770,788,6531,0.3,전자제품
39020,이건홀딩스,4585.0,4974.0,4471.0,,,,32.0,66.0,-12.0,,,,-10.11,,,,-10.11,-118.18,,,,-118.18,1년치 존재,1,,0.31,-2.58,67248.0,up,53.9,4080.0,2920.0,mixed,bull,,,,,KOSDAQ,3475,785,98429,1.5,건축자재
458350,에스팀,187.0,356.0,352.0,,,,-16.0,20.0,25.0,,,,-1.12,,,,-1.12,25.0,,,,25.0,1년치 존재,1,,5.11,14.99,212168.0,up,37.2,34000.0,8500.0,down,bull,,,,,KOSDAQ,9070,788,258645,1.2,광고
446840,지슨,138.0,136.0,113.0,281.0,,,16.0,-18.0,-66.0,46.0,,,-16.91,148.67,,,148.67,-266.67,169.7,,,169.7,2년치 존재,2,,13.22,1.89,524992.0,up,51.4,1780.0,1203.0,mixed,bull,,,,,KOSDAQ,1419,782,178901,0.3,소프트웨어
155650,와이엠씨,2046.0,1677.0,1728.0,,,,158.0,69.0,46.0,,,,3.04,,,,3.04,-33.33,,,,-33.33,1년치 존재,1,8.14,0.92,1.15,43213.0,up,61.2,4170.0,3375.0,up,bull,,,,,KOSDAQ,4095,777,14365,0.3,디스플레이장비및부품
17480,삼현철강,2624.0,2237.0,2180.0,,,,97.0,36.0,51.0,,,,-2.55,,,,-2.55,41.67,,,,41.67,1년치 존재,1,7.69,0.4,3.24,221654.0,up,57.2,5420.0,4280.0,up,bull,,,,,KOSDAQ,4980,782,145669,0.7,철강
53050,지에스이,1688.0,1556.0,1701.0,,,,44.0,49.0,73.0,,,,9.32,,,,9.32,48.98,,,,48.98,1년치 존재,1,17.87,1.08,4.05,714721.0,down,43.2,4010.0,2325.0,down,bear,,,,,KOSDAQ,2610,783,723081,1.0,가스유틸리티
950220,네오이뮨텍,,2.0,1.0,,,,-535.0,-400.0,-252.0,,,,-50.0,,,,-50.0,37.0,,,,37.0,1년치 존재,1,,2.65,-63.65,1342039.0,down,36.5,705.0,468.0,down,bear,,,,,KOSDAQ,468,785,917179,0.7,제약
10280,아이티센엔텍,3925.0,4418.0,5720.0,6308.0,,,84.0,94.0,209.0,269.0,,,29.47,10.28,,,29.47,122.34,28.71,,,122.34,2년치 존재,2,10.69,0.92,26.23,779218.0,up,95.7,5940.0,995.0,,bull,,,,,KOSDAQ,5940,774,754871,1.0,IT서비스
42110,에스씨디,1940.0,2140.0,2161.0,,,,57.0,93.0,63.0,,,,0.98,,,,0.98,-32.26,,,,-32.26,1년치 존재,1,17.5,0.7,4.78,516343.0,up,70.0,1601.0,1240.0,up,bull_cross,,,,,KOSDAQ,1601,774,2337067,4.5,전기제품
54930,유신,3411.0,3396.0,3855.0,,,,183.0,58.0,92.0,,,,13.52,,,,13.52,58.62,,,,58.62,1년치 존재,1,4.93,0.78,6.95,63488.0,down,47.7,28400.0,20850.0,mixed,bear,,,,,KOSDAQ,25700,771,19745,0.3,건설
60310,3S,419.0,436.0,290.0,,,,22.0,12.0,-58.0,,,,-33.49,,,,-33.49,-583.33,,,,-583.33,1년치 존재,1,75.21,2.41,-22.42,1398722.0,up,57.3,1520.0,1107.0,up,bear,,,,,KOSDAQ,1454,771,729494,0.5,기계
260930,씨티케이,889.0,836.0,892.0,,,,27.0,1.0,-57.0,,,,6.7,,,,6.7,-5800.0,,,,-5800.0,1년치 존재,1,15.96,4.0,-4.6,189529.0,up,46.6,4595.0,3560.0,mixed,bull,,,,,KOSDAQ,3960,766,86807,0.5,화장품
222420,쎄노텍,311.0,315.0,356.0,,,,-11.0,10.0,32.0,,,,13.02,,,,13.02,220.0,,,,220.0,1년치 존재,1,,1.97,3.77,700598.0,up,58.6,1998.0,1185.0,up,bull,,,,,KOSDAQ,1582,765,1945,0.0,화학
226330,신테카바이오,1.0,1.0,34.0,77.0,,,-123.0,-143.0,-108.0,-21.0,,,3300.0,126.47,,,3300.0,24.48,80.56,,,80.56,2년치 존재,2,,6.95,-61.27,143296.0,down,45.4,3845.0,2895.0,down,bear_cross,,,,,KOSDAQ,3170,769,121885,0.9,건강관리업체및서비스
294140,레몬,105.0,73.0,75.0,,,,-117.0,-63.0,-71.0,,,,2.74,,,,2.74,-12.7,,,,-12.7,1년치 존재,1,,5.65,-48.56,197093.0,up,44.1,6880.0,2985.0,mixed,bull,,,,,KOSDAQ,3405,763,91178,0.5,화학
43650,국순당,705.0,688.0,675.0,,,,45.0,-23.0,-8.0,,,,-1.89,,,,-1.89,65.22,,,,65.22,1년치 존재,1,16.98,0.4,2.66,50798.0,down,55.5,4395.0,3910.0,up,bear,,,,,KOSDAQ,4280,764,47420,0.9,음료
153710,옵티팜,174.0,196.0,223.0,,,,-26.0,-25.0,-24.0,,,,13.78,,,,13.78,4.0,,,,4.0,1년치 존재,1,,4.1,-9.48,29802.0,down,47.9,5850.0,4940.0,mixed,bear,,,,,KOSDAQ,5190,761,8934,0.3,제약
317870,엔바이오니아,147.0,142.0,143.0,,,,-2.0,-21.0,-62.0,,,,0.7,,,,0.7,-195.24,,,,-195.24,1년치 존재,1,,3.25,-27.16,26594.0,down,44.9,10470.0,8260.0,down,bear_cross,,,,,KOSDAQ,8520,753,38860,1.5,가정용기기와용품
64240,홈캐스트,637.0,615.0,980.0,,,,-102.0,14.0,-29.0,,,,59.35,,,,59.35,-307.14,,,,-307.14,1년치 존재,1,,1.28,0.03,285681.0,up,59.9,2325.0,1730.0,mixed,bull,,,,,KOSDAQ,2190,760,480695,1.7,전문소매
147760,피엠티,330.0,244.0,253.0,,,,-53.0,-131.0,-204.0,,,,3.69,,,,3.69,-55.73,,,,-55.73,1년치 존재,1,,1.23,-112.95,451036.0,up,79.2,7400.0,3070.0,up,bull,,,,,KOSDAQ,6980,755,363,0.0,반도체와반도체장비
12790,신일제약,891.0,894.0,806.0,,,,140.0,152.0,74.0,,,,-9.84,,,,-9.84,-51.32,,,,-51.32,1년치 존재,1,6.77,0.66,5.04,24471.0,down,54.6,6480.0,5750.0,up,bear_cross,,,,,KOSDAQ,6280,753,21263,0.9,제약
333620,엔시스,512.0,629.0,488.0,,,,19.0,105.0,-61.0,,,,-22.42,,,,-22.42,-158.1,,,,-158.1,1년치 존재,1,47.12,1.8,-11.74,325507.0,up,66.5,7340.0,5540.0,up,bull,,,,,KOSDAQ,7130,753,102225,0.3,전자장비와기기
33170,시그네틱스,1855.0,1182.0,1030.0,,,,-150.0,-258.0,-238.0,,,,-12.86,,,,-12.86,7.75,,,,7.75,1년치 존재,1,,0.9,-30.16,1002297.0,up,53.8,1020.0,690.0,up,bull,,,,,KOSDAQ,876,751,1046949,1.0,반도체와반도체장비
288620,에스프리즘,325.0,337.0,158.0,,,,-25.0,-41.0,-150.0,,,,-53.12,,,,-53.12,-265.85,,,,-265.85,1년치 존재,1,,1.72,-38.44,58295.0,up,70.9,10790.0,7670.0,up,bull,,,,,KOSDAQ,10770,752,155120,2.7,전기제품
72470,우리산업홀딩스,5753.0,6453.0,7050.0,,,,213.0,150.0,342.0,,,,9.25,,,,9.25,128.0,,,,128.0,1년치 존재,1,8.57,0.51,8.0,62124.0,up,58.3,4700.0,3170.0,mixed,bull,,,,,KOSDAQ,3970,750,48034,0.8,자동차부품
347740,피엔케이피부임상연구센타,148.0,178.0,228.0,271.0,,,14.0,26.0,39.0,61.0,,,28.09,18.86,,,28.09,50.0,56.41,,,56.41,2년치 존재,2,15.34,0.99,5.95,117345.0,up,65.8,2590.0,1996.0,up,bull,,,,,KOSDAQ,2495,749,142925,1.2,생명과학도구및서비스
457370,한켐,269.0,367.0,339.0,,,,50.0,65.0,49.0,,,,-7.63,,,,-7.63,-24.62,,,,-24.62,1년치 존재,1,10.51,1.22,10.09,63760.0,up,60.0,10710.0,7640.0,mixed,bull,,,,,KOSDAQ,9280,748,82092,1.3,디스플레이장비및부품
321820,아티스트컴퍼니,213.0,213.0,467.0,,,,-33.0,-31.0,-40.0,,,,119.25,,,,119.25,-29.03,,,,-29.03,1년치 존재,1,,9.57,4.12,172731.0,down,56.6,5370.0,2940.0,up,bear,,,,,KOSDAQ,4805,749,43428,0.3,방송과엔터테인먼트
331380,포커스에이아이,595.0,582.0,453.0,,,,26.0,-51.0,-102.0,,,,-22.16,,,,-22.16,-100.0,,,,-100.0,1년치 존재,1,16.06,1.74,-54.55,180221.0,down,41.8,3450.0,2200.0,down,bull,,,,,KOSDAQ,2310,749,277113,1.5,전자장비와기기
900260,로스웰,3629.0,5096.0,,,,,145.0,195.0,,,,,,,,,,,,,,,0년치 존재,0,,0.22,4.6,16396.0,up,44.7,1772.0,1575.0,down,bear,,,,,KOSDAQ,1620,746,54787,3.3,통신장비
317850,대모,444.0,413.0,407.0,,,,-4.0,1.0,19.0,,,,-1.45,,,,-1.45,1800.0,,,,1800.0,1년치 존재,1,,1.67,4.0,565882.0,down,47.3,10300.0,7200.0,mixed,bear,,,,,KOSDAQ,8980,748,290,0.0,기계
104540,코렌텍,920.0,856.0,1004.0,,,,71.0,34.0,91.0,,,,17.29,,,,17.29,167.65,,,,167.65,1년치 존재,1,38.67,2.15,8.33,38344.0,down,50.1,7160.0,5460.0,mixed,bull,,,,,KOSDAQ,5830,745,46536,1.2,건강관리장비와용품
40610,SG&G,419.0,508.0,477.0,,,,30.0,64.0,37.0,,,,-6.1,,,,-6.1,-42.19,,,,-42.19,1년치 존재,1,2.72,0.16,6.82,110826.0,down,58.0,2315.0,1800.0,,bull,,,,,KOSDAQ,2175,741,0,,자동차부품
234100,폴라리스세원,1604.0,2046.0,2426.0,,,,74.0,12.0,34.0,,,,18.57,,,,18.57,183.33,,,,183.33,1년치 존재,1,21.9,0.65,0.23,416978.0,down,45.6,1239.0,938.0,,bear,,,,,KOSDAQ,1020,745,0,,자동차부품
87260,모바일어플라이언스,498.0,405.0,349.0,,,,5.0,10.0,-9.0,,,,-13.83,,,,-13.83,-190.0,,,,-190.0,1년치 존재,1,44.27,1.94,-1.15,765048.0,up,56.2,2455.0,1650.0,up,bull,,,,,KOSDAQ,2255,734,716075,0.9,자동차부품
219550,디와이디,285.0,374.0,449.0,,,,-33.0,-0.0,-5.0,,,,20.05,,,,20.05,,,,,,1년치 존재,1,,1.42,-223.32,206641.0,down,53.7,2075.0,1230.0,up,bear,,,,,KOSDAQ,1883,728,88972,0.4,화장품
49550,잉크테크,628.0,739.0,775.0,,,,38.0,27.0,8.0,,,,4.87,,,,4.87,-70.37,,,,-70.37,1년치 존재,1,21.76,1.1,3.25,22559.0,up,71.9,4120.0,2900.0,up,bull,,,,,KOSDAQ,3750,735,24910,1.1,컴퓨터와주변기기
36000,예림당,205.0,170.0,103.0,,,,-27.0,-49.0,-14.0,,,,-39.41,,,,-39.41,71.43,,,,71.43,1년치 존재,1,4.55,1.0,74.25,57288.0,down,51.1,3490.0,2750.0,up,bear_cross,,,,,KOSDAQ,3205,738,31526,0.6,출판
198440,강동씨앤엘,505.0,474.0,718.0,,,,-172.0,56.0,74.0,,,,51.48,,,,51.48,32.14,,,,32.14,1년치 존재,1,,0.59,0.49,86607.0,down,58.4,1235.0,1025.0,up,bear,,,,,KOSDAQ,1195,728,52557,0.6,건축자재
170790,파이오링크,590.0,583.0,656.0,,,,90.0,26.0,54.0,,,,12.52,,,,12.52,107.69,,,,107.69,1년치 존재,1,6.89,0.88,8.98,173498.0,up,62.8,12440.0,7420.0,up,bear,,,,,KOSDAQ,11380,728,40446,0.2,통신장비
234920,자이글,41.0,121.0,82.0,,,,-87.0,-49.0,-37.0,,,,-32.23,,,,-32.23,24.49,,,,24.49,1년치 존재,1,,2.93,-24.54,,,,,,,,,,,,KOSDAQ,5310,718,0,,건강관리장비와용품
24910,경창산업,6673.0,6380.0,7053.0,,,,210.0,96.0,73.0,,,,10.55,,,,10.55,-23.96,,,,-23.96,1년치 존재,1,9.4,0.63,-17.23,233279.0,down,47.9,2360.0,1733.0,mixed,bear,,,,,KOSDAQ,2030,727,237117,1.0,자동차부품
40350,크레오에스지,98.0,82.0,109.0,,,,-37.0,-57.0,-64.0,,,,32.93,,,,32.93,-12.28,,,,-12.28,1년치 존재,1,,2.41,-17.46,,,,,,,,,,,,KOSDAQ,732,714,0,,IT서비스
459550,알트,852.0,1276.0,1129.0,1456.0,,,109.0,153.0,90.0,142.0,,,-11.52,28.96,,,28.96,-41.18,57.78,,,57.78,2년치 존재,2,17.59,1.48,24.96,408444.0,up,47.2,4240.0,2645.0,mixed,bull,,,,,KOSDAQ,2900,727,2928,0.0,핸드셋
10470,오리콤,2186.0,2149.0,2277.0,,,,122.0,120.0,89.0,,,,5.96,,,,5.96,-25.83,,,,-25.83,1년치 존재,1,12.89,1.04,6.11,21762.0,up,55.8,6140.0,5470.0,up,bull,,,,,KOSDAQ,6060,726,23372,1.1,광고
80010,이상네트웍스,823.0,978.0,1038.0,,,,151.0,207.0,229.0,,,,6.13,,,,6.13,10.63,,,,10.63,1년치 존재,1,8.61,0.43,10.8,13429.0,up,72.0,7600.0,6370.0,mixed,bull,,,,,KOSDAQ,7360,724,9003,0.7,다각화된소비자서비스
42940,상지건설,1739.0,204.0,186.0,,,,325.0,-218.0,-68.0,,,,-8.82,,,,-8.82,68.81,,,,68.81,1년치 존재,1,1.13,0.41,-14.41,1230967.0,up,51.3,11860.0,7890.0,up,bear,,,,,KOSDAQ,10530,719,432,0.0,건설
373200,엑스플러스,98.0,104.0,101.0,,,,-37.0,-39.0,-52.0,,,,-2.88,,,,-2.88,-33.33,,,,-33.33,1년치 존재,1,,27.28,-13.56,700614.0,down,36.1,1040.0,560.0,,bear,,,,,KOSDAQ,643,723,0,,핸드셋
52220,iMBC,463.0,454.0,400.0,,,,12.0,6.0,-76.0,,,,-11.89,,,,-11.89,-1366.67,,,,-1366.67,1년치 존재,1,34.8,1.24,-9.19,652588.0,down,47.6,3445.0,2895.0,mixed,bear_cross,,,,,KOSDAQ,3135,721,85485,0.1,방송과엔터테인먼트
460870,에스엠씨지,374.0,546.0,558.0,,,,27.0,44.0,49.0,,,,2.2,,,,2.2,11.36,,,,11.36,1년치 존재,1,54.22,1.68,3.83,331016.0,up,49.7,4470.0,2715.0,up,bull,,,,,KOSDAQ,3590,721,152777,0.5,포장재
318160,셀바이오휴먼텍,273.0,284.0,511.0,620.0,,,31.0,40.0,93.0,150.0,,,79.93,21.33,,,79.93,132.5,61.29,,,132.5,2년치 존재,2,,0.85,16.91,35434.0,up,56.8,8960.0,6350.0,mixed,bull,,,,,KOSDAQ,7650,715,22903,0.6,화장품
33310,엠투엔,770.0,912.0,865.0,,,,32.0,37.0,28.0,,,,-5.15,,,,-5.15,-24.32,,,,-24.32,1년치 존재,1,42.93,0.97,-0.41,215801.0,down,40.9,2010.0,1657.0,down,bear,,,,,KOSDAQ,1786,714,99745,0.5,자동차부품
340440,세림B&G,582.0,554.0,480.0,,,,43.0,31.0,9.0,,,,-13.36,,,,-13.36,-70.97,,,,-70.97,1년치 존재,1,14.03,1.62,5.34,14882472.0,up,62.8,2510.0,1110.0,up,bear,,,,,KOSDAQ,2510,712,17372,0.0,포장재
184230,SGA솔루션즈,461.0,429.0,616.0,,,,12.0,-41.0,148.0,,,,43.59,,,,43.59,460.98,,,,460.98,1년치 존재,1,,0.91,39.54,11250508.0,up,51.4,1168.0,497.0,up,bear,,,,,KOSDAQ,754,712,5422774,0.5,소프트웨어
92300,현우산업,2373.0,2062.0,2374.0,,,,139.0,77.0,110.0,,,,15.13,,,,15.13,42.86,,,,42.86,1년치 존재,1,7.43,0.75,6.86,143910.0,up,71.4,3865.0,2755.0,mixed,bull,,,,,KOSDAQ,3715,708,154722,1.1,전자장비와기기
37230,한국팩키지,2281.0,2256.0,2241.0,,,,86.0,68.0,99.0,,,,-0.66,,,,-0.66,45.59,,,,45.59,1년치 존재,1,14.57,0.55,5.19,3205636.0,down,46.9,3410.0,1725.0,mixed,bear,,,,,KOSDAQ,2370,706,983966,0.3,포장재
317530,에피소드컴퍼니,85.0,57.0,57.0,,,,-37.0,-36.0,-36.0,,,,0.0,,,,0.0,0.0,,,,0.0,1년치 존재,1,,6.17,-36.06,8511.0,down,49.1,4730.0,3870.0,mixed,bull,,,,,KOSDAQ,4045,708,12161,1.4,양방향미디어와서비스
177900,쓰리에이로직스,142.0,181.0,145.0,305.0,,,-80.0,17.0,-27.0,65.0,,,-19.89,110.34,,,110.34,-258.82,340.74,,,340.74,2년치 존재,2,6.69,1.49,-7.47,910609.0,up,59.4,7820.0,5030.0,up,bull,,,,,KOSDAQ,7350,708,336135,0.4,통신장비
306040,에스제이그룹,2037.0,1818.0,1634.0,,,,154.0,-32.0,-159.0,,,,-10.12,,,,-10.12,-396.88,,,,-396.88,1년치 존재,1,7.05,0.67,-7.13,364683.0,down,44.9,14080.0,5840.0,mixed,bull,,,,,KOSDAQ,7170,707,68231,0.2,"섬유,의류,신발,호화품"
73640,테라사이언스,231.0,173.0,141.0,,,,-35.0,-94.0,-101.0,,,,-18.5,,,,-18.5,-7.45,,,,-7.45,1년치 존재,1,,1.71,-45.12,,,,,,,,,,,,KOSDAQ,654,696,0,,기계
393210,토마토시스템,266.0,216.0,273.0,,,,28.0,-34.0,-24.0,,,,26.39,,,,26.39,29.41,,,,29.41,1년치 존재,1,18.07,2.07,-7.46,84298.0,down,51.4,5380.0,3890.0,mixed,bull,,,,,KOSDAQ,4505,703,55478,0.7,IT서비스
65500,오리엔트정공,1628.0,1734.0,1571.0,,,,20.0,12.0,9.0,,,,-9.4,,,,-9.4,-25.0,,,,-25.0,1년치 존재,1,,1.02,4.63,213727.0,down,44.5,3175.0,2000.0,mixed,bull,,,,,KOSDAQ,2115,703,218270,1.0,자동차부품
321260,프로이천,334.0,360.0,315.0,,,,15.0,12.0,28.0,,,,-12.5,,,,-12.5,133.33,,,,133.33,1년치 존재,1,21.83,2.04,9.39,8387896.0,down,50.8,3075.0,1475.0,mixed,bear,,,,,KOSDAQ,2485,701,502671,0.1,디스플레이장비및부품
299900,위지윅스튜디오,1473.0,804.0,1020.0,,,,-203.0,-118.0,-96.0,,,,26.87,,,,26.87,18.64,,,,18.64,1년치 존재,1,12.68,2.89,-23.99,1356706.0,down,40.0,645.0,404.0,down,bear_cross,,,,,KOSDAQ,410,701,352270,0.3,방송과엔터테인먼트
7370,진양제약,937.0,1133.0,1207.0,,,,87.0,117.0,25.0,,,,6.53,,,,6.53,-78.63,,,,-78.63,1년치 존재,1,6.02,0.75,15.93,36224.0,down,63.3,5180.0,4370.0,mixed,bull,,,,,KOSDAQ,4950,700,41582,1.1,제약
352910,오비고,151.0,144.0,335.0,,,,-5.0,-27.0,-37.0,,,,132.64,,,,132.64,-37.04,,,,-37.04,1년치 존재,1,317.78,3.46,-5.61,91841.0,up,61.7,5800.0,4140.0,up,bull,,,,,KOSDAQ,5520,698,31301,0.3,소프트웨어
10240,흥국,1494.0,1287.0,1370.0,,,,158.0,88.0,149.0,,,,6.45,,,,6.45,69.32,,,,69.32,1년치 존재,1,5.54,0.66,10.73,49253.0,down,66.5,5950.0,4880.0,up,bull_cross,,,,,KOSDAQ,5950,696,31231,0.6,기계
39420,케이엘넷,509.0,502.0,476.0,,,,83.0,100.0,105.0,,,,-5.18,,,,-5.18,5.0,,,,5.0,1년치 존재,1,8.43,1.06,14.85,145819.0,up,53.4,3165.0,2640.0,up,bear_cross,,,,,KOSDAQ,3040,698,59820,0.4,IT서비스
950200,소마젠,323.0,437.0,592.0,,,,-36.0,-52.0,-23.0,,,,35.47,,,,35.47,55.77,,,,55.77,1년치 존재,1,,3.04,-10.48,168575.0,down,50.1,3980.0,3165.0,mixed,bull,,,,,KOSDAQ,3625,697,22291,0.1,생명과학도구및서비스
36670,삼양케이씨아이,1099.0,1102.0,1168.0,,,,103.0,150.0,109.0,,,,5.99,,,,5.99,-27.33,,,,-27.33,1년치 존재,1,7.45,0.74,7.99,16520.0,down,53.7,6500.0,5750.0,up,bull,,,,,KOSDAQ,6240,703,9689,0.6,화학
215090,솔디펜스,163.0,218.0,268.0,,,,-24.0,30.0,13.0,,,,22.94,,,,22.94,-56.67,,,,-56.67,1년치 존재,1,,6.48,24.87,630709.0,up,58.1,3455.0,2600.0,mixed,bull,,,,,KOSDAQ,3000,695,602027,1.0,우주항공과국방
15710,코콤,1005.0,1050.0,958.0,,,,19.0,37.0,30.0,,,,-8.76,,,,-8.76,-18.92,,,,-18.92,1년치 존재,1,27.19,0.63,4.48,124372.0,down,55.4,4130.0,3365.0,up,bear,,,,,KOSDAQ,4010,703,61785,0.5,통신장비
246960,SCL사이언스,13.0,47.0,220.0,349.0,,,-40.0,-37.0,-34.0,6.0,,,368.09,58.64,,,368.09,8.11,117.65,,,117.65,2년치 존재,2,,3.4,-19.69,107994.0,up,42.3,2300.0,1774.0,mixed,bear,,,,,KOSDAQ,2040,694,70445,0.7,건강관리업체및서비스
289220,자이언트스텝,423.0,501.0,367.0,,,,-261.0,-173.0,-190.0,,,,-26.75,,,,-26.75,-9.83,,,,-9.83,1년치 존재,1,,2.87,-28.29,122177.0,down,41.8,4285.0,2770.0,down,bull,,,,,KOSDAQ,3110,694,43728,0.4,양방향미디어와서비스
332370,아이디피,364.0,465.0,491.0,543.0,,,55.0,111.0,109.0,122.0,,,5.59,10.59,,,10.59,-1.8,11.93,,,11.93,2년치 존재,2,7.54,0.82,15.7,8179.0,down,51.6,5340.0,4380.0,up,bear,,,,,KOSDAQ,5220,693,7454,0.9,컴퓨터와주변기기
36120,서울평가정보,344.0,381.0,413.0,445.0,,,4.0,52.0,68.0,77.0,,,8.4,7.75,,,8.4,30.77,13.24,,,30.77,2년치 존재,2,262.37,4.22,23.39,107679.0,down,40.9,2190.0,1926.0,down,bear,,,,,KOSDAQ,1966,691,133331,1.2,상업서비스와공급품
206560,덱스터,677.0,537.0,554.0,,,,-0.0,-89.0,-65.0,,,,3.17,,,,3.17,26.97,,,,26.97,1년치 존재,1,,4.19,-15.29,154154.0,down,40.5,4060.0,2455.0,down,bull,,,,,KOSDAQ,2710,689,130953,0.8,방송과엔터테인먼트
373160,데이원컴퍼니,1166.0,1277.0,1239.0,,,,11.0,-3.0,46.0,,,,-2.98,,,,-2.98,1633.33,,,,1633.33,1년치 존재,1,14.76,1.53,13.73,109036.0,up,52.8,5380.0,3915.0,up,bull,,,,,KOSDAQ,5010,692,87739,0.8,교육서비스
384470,코어라인소프트,41.0,39.0,43.0,,,,-117.0,-138.0,-134.0,,,,10.26,,,,10.26,2.9,,,,2.9,1년치 존재,1,,29.34,-132.77,104026.0,down,63.3,4415.0,2910.0,mixed,bull,,,,,KOSDAQ,3805,683,117491,1.1,건강관리기술
68330,일신바이오,164.0,108.0,145.0,,,,62.0,23.0,45.0,,,,34.26,,,,34.26,95.65,,,,95.65,1년치 존재,1,9.56,0.98,7.65,1055369.0,down,52.6,1686.0,1360.0,up,bull,,,,,KOSDAQ,1555,688,244791,0.2,생명과학도구및서비스
24950,삼천리자전거,1068.0,1612.0,1756.0,,,,-63.0,30.0,124.0,,,,8.93,,,,8.93,313.33,,,,313.33,1년치 존재,1,18.17,0.85,6.14,1784138.0,,,6740.0,5110.0,,,,,,,KOSDAQ,5110,678,138633,0.1,레저용장비와제품
256630,포인트엔지니어링,262.0,310.0,360.0,,,,-90.0,-13.0,8.0,,,,16.13,,,,16.13,161.54,,,,161.54,1년치 존재,1,,1.32,-8.53,115862.0,up,81.3,1175.0,968.0,,bull,,,,,KOSDAQ,1175,681,0,,디스플레이장비및부품
72990,에이치시티,741.0,944.0,1075.0,,,,80.0,112.0,83.0,,,,13.88,,,,13.88,-25.89,,,,-25.89,1년치 존재,1,8.44,0.76,6.68,269478.0,down,43.2,6580.0,4275.0,mixed,bear_cross,,,,,KOSDAQ,4705,682,249977,0.9,전자장비와기기
109860,동일금속,1104.0,860.0,917.0,,,,124.0,6.0,14.0,,,,6.63,,,,6.63,133.33,,,,133.33,1년치 존재,1,270.45,0.51,3.25,16902.0,up,54.3,7730.0,7000.0,mixed,bull,,,,,KOSDAQ,7460,679,3141,0.2,기계
218150,미래생명자원,600.0,625.0,676.0,,,,0.0,2.0,-14.0,,,,8.16,,,,8.16,-800.0,,,,-800.0,1년치 존재,1,198.69,1.92,-8.4,375096.0,up,58.4,3470.0,2935.0,up,bull,,,,,KOSDAQ,3285,671,755272,2.0,식품
196300,HLB펩,56.0,62.0,50.0,,,,-67.0,-54.0,-73.0,,,,-19.35,,,,-19.35,-35.19,,,,-35.19,1년치 존재,1,,8.3,-4.13,17143.0,down,49.4,8240.0,6750.0,down,bear,,,,,KOSDAQ,7250,677,20967,1.2,생물공학
122310,제노레이,979.0,1070.0,1080.0,,,,128.0,65.0,-2.0,,,,0.93,,,,0.93,-103.08,,,,-103.08,1년치 존재,1,8.16,1.0,0.89,89587.0,down,54.6,4750.0,3810.0,up,bear_cross,,,,,KOSDAQ,4620,672,16269,0.2,건강관리장비와용품
65170,비엘팜텍,245.0,88.0,65.0,,,,-68.0,-32.0,-28.0,,,,-26.14,,,,-26.14,12.5,,,,12.5,1년치 존재,1,,1.41,-104.39,1225369.0,down,39.4,6850.0,2310.0,,bull,,,,,KOSDAQ,2400,670,568815,0.5,건강관리업체및서비스
199550,레이저옵텍,344.0,330.0,257.0,,,,45.0,-2.0,-120.0,,,,-22.12,,,,-22.12,-5900.0,,,,-5900.0,1년치 존재,1,,3.24,-41.52,49359.0,down,47.4,6890.0,4560.0,mixed,bull,,,,,KOSDAQ,5430,666,34434,0.7,건강관리장비와용품
232830,아이티센피엔에스,162.0,1044.0,2696.0,,,,-13.0,-16.0,-3.0,,,,158.24,,,,158.24,81.25,,,,81.25,1년치 존재,1,,4.33,-33.98,607620.0,up,64.5,4220.0,1931.0,up,bull,,,,,KOSDAQ,4025,665,281599,0.5,IT서비스
63440,SM Life Design,473.0,448.0,533.0,,,,27.0,35.0,46.0,,,,18.97,,,,18.97,31.43,,,,31.43,1년치 존재,1,18.83,1.56,8.52,90186.0,down,47.0,1664.0,1380.0,down,bull,,,,,KOSDAQ,1467,665,90818,1.0,방송과엔터테인먼트
150900,파수에이아이,427.0,461.0,467.0,,,,38.0,39.0,25.0,,,,1.3,,,,1.3,-35.9,,,,-35.9,1년치 존재,1,25.17,3.16,7.25,2934025.0,up,69.4,6200.0,3315.0,up,bull,,,,,KOSDAQ,5660,662,1752,0.0,소프트웨어
189860,서전기전,433.0,633.0,681.0,,,,-35.0,6.0,-88.0,,,,7.58,,,,7.58,-1566.67,,,,-1566.67,1년치 존재,1,,1.39,19.86,744316.0,up,67.3,7150.0,3755.0,up,bull,,,,,KOSDAQ,6850,664,40,0.0,전기장비
53350,이니텍,457.0,389.0,328.0,,,,-35.0,2.0,-24.0,,,,-15.68,,,,-15.68,-1300.0,,,,-1300.0,1년치 존재,1,,0.51,12.92,351915.0,down,41.2,4265.0,2845.0,down,bear,,,,,KOSDAQ,3015,664,69593,0.2,소프트웨어
198080,캐프,2357.0,3149.0,2952.0,,,,59.0,200.0,243.0,,,,-6.26,,,,-6.26,21.5,,,,21.5,1년치 존재,1,14.43,0.51,15.73,215705.0,up,60.6,3170.0,2125.0,up,bull,,,,,KOSDAQ,3060,659,105502,0.5,핸드셋
351330,이삭엔지니어링,1005.0,685.0,790.0,,,,1.0,-45.0,-72.0,,,,15.33,,,,15.33,-60.0,,,,-60.0,1년치 존재,1,,1.49,-22.99,37878.0,up,59.2,9510.0,6890.0,mixed,bull,,,,,KOSDAQ,7970,661,66365,1.8,IT서비스
137080,나래나노텍,529.0,404.0,545.0,,,,-150.0,-221.0,-88.0,,,,34.9,,,,34.9,60.18,,,,60.18,1년치 존재,1,,0.75,42.7,38893.0,down,62.0,6130.0,3830.0,up,bear_cross,,,,,KOSDAQ,5980,661,36217,0.9,디스플레이장비및부품
407400,꿈비,289.0,395.0,864.0,,,,-26.0,4.0,-42.0,,,,118.73,,,,118.73,-1150.0,,,,-1150.0,1년치 존재,1,,3.94,-21.28,138313.0,up,57.8,4970.0,3900.0,mixed,bull,,,,,KOSDAQ,4560,667,160761,1.2,가정용기기와용품
37330,인지디스플레,6873.0,7327.0,7218.0,,,,53.0,109.0,171.0,,,,-1.49,,,,-1.49,56.88,,,,56.88,1년치 존재,1,8.33,0.45,3.38,87178.0,down,57.5,1570.0,1300.0,up,bull,,,,,KOSDAQ,1525,669,64426,0.7,디스플레이장비및부품
189980,흥국에프엔비,1011.0,1026.0,994.0,,,,103.0,107.0,85.0,,,,-3.12,,,,-3.12,-20.56,,,,-20.56,1년치 존재,1,9.41,0.82,8.1,133381.0,down,48.1,2265.0,1510.0,mixed,bull,,,,,KOSDAQ,1638,657,78895,0.6,음료
88910,동우팜투테이블,3492.0,3031.0,3255.0,,,,211.0,-43.0,132.0,,,,7.39,,,,7.39,406.98,,,,406.98,1년치 존재,1,3.03,0.36,12.55,48174.0,down,61.7,2540.0,2065.0,up,bear,,,,,KOSDAQ,2540,656,102511,2.1,식품
96630,에스코넥,2753.0,2893.0,2787.0,,,,80.0,105.0,133.0,,,,-3.66,,,,-3.66,26.67,,,,26.67,1년치 존재,1,,1.72,49.77,,,,,,,,,,,,KOSDAQ,813,645,0,,핸드셋
452200,민테크,175.0,209.0,210.0,,,,-66.0,-110.0,-88.0,,,,0.48,,,,0.48,20.0,,,,20.0,1년치 존재,1,,2.03,-7.75,147525.0,up,62.7,2855.0,1935.0,up,bull,,,,,KOSDAQ,2765,658,119629,0.8,전기제품
263690,디알젬,1129.0,1040.0,1027.0,,,,101.0,88.0,90.0,,,,-1.25,,,,-1.25,2.27,,,,2.27,1년치 존재,1,12.83,1.45,7.58,33892.0,up,64.7,5760.0,4905.0,up,bull,,,,,KOSDAQ,5760,652,39626,1.2,건강관리장비와용품
104200,NHN벅스,568.0,521.0,449.0,,,,8.0,4.0,-7.0,,,,-13.82,,,,-13.82,-275.0,,,,-275.0,1년치 존재,1,,0.9,-11.6,290719.0,up,53.0,6380.0,3540.0,mixed,bull,,,,,KOSDAQ,4395,652,619728,2.1,방송과엔터테인먼트
82210,옵트론텍,2330.0,2180.0,1957.0,,,,101.0,-44.0,-31.0,,,,-10.23,,,,-10.23,29.55,,,,29.55,1년치 존재,1,38.75,4.08,-30.51,172840.0,down,42.2,2420.0,1844.0,down,bear_cross,,,,,KOSDAQ,1860,650,108660,0.6,전자장비와기기
53270,구영테크,3574.0,3774.0,4262.0,,,,290.0,289.0,243.0,,,,12.93,,,,12.93,-15.92,,,,-15.92,1년치 존재,1,4.22,0.72,15.87,107846.0,down,50.6,2570.0,2110.0,mixed,bear_cross,,,,,KOSDAQ,2360,647,101532,0.9,자동차부품
97800,윈팩,862.0,741.0,755.0,,,,-229.0,-233.0,-143.0,,,,1.89,,,,1.89,38.63,,,,38.63,1년치 존재,1,,2.05,-21.22,1046850.0,up,60.8,569.0,390.0,,bull,,,,,KOSDAQ,477,651,0,,반도체와반도체장비
5670,푸드웰,2285.0,2730.0,3203.0,,,,83.0,139.0,184.0,,,,17.33,,,,17.33,32.37,,,,32.37,1년치 존재,1,7.79,0.51,9.9,47644.0,down,58.5,6860.0,5550.0,up,bull,,,,,KOSDAQ,6520,652,46312,1.0,식품
444530,심플랫폼,44.0,72.0,104.0,,,,-15.0,-1.0,-27.0,,,,44.44,,,,44.44,-2600.0,,,,-2600.0,1년치 존재,1,,4.36,-28.78,85213.0,up,75.2,10100.0,5320.0,up,bull,,,,,KOSDAQ,10100,646,477228,5.6,IT서비스
4780,대륙제관,2711.0,2747.0,2666.0,,,,156.0,158.0,103.0,,,,-2.95,,,,-2.95,-34.81,,,,-34.81,1년치 존재,1,4.99,0.46,5.93,53160.0,up,63.9,4080.0,3495.0,up,bull,,,,,KOSDAQ,4060,646,40750,0.8,포장재
303360,프로티아,82.0,105.0,151.0,,,,2.0,15.0,37.0,,,,43.81,,,,43.81,146.67,,,,146.67,1년치 존재,1,85.77,1.79,15.72,36258.0,down,56.2,5590.0,4410.0,mixed,bull,,,,,KOSDAQ,5010,645,11655,0.3,건강관리장비와용품
50960,수산아이앤티,239.0,267.0,307.0,,,,65.0,57.0,51.0,,,,14.98,,,,14.98,-10.53,,,,-10.53,1년치 존재,1,12.44,0.82,5.85,35578.0,down,51.7,10140.0,8300.0,up,bear,,,,,KOSDAQ,9540,644,12841,0.4,소프트웨어
8370,원풍,738.0,796.0,876.0,,,,46.0,45.0,66.0,,,,10.05,,,,10.05,46.67,,,,46.67,1년치 존재,1,7.94,0.55,7.9,7795.0,down,68.5,5370.0,4580.0,up,bull,,,,,KOSDAQ,5360,643,4685,0.6,화학
215790,이노인스트루먼트,439.0,412.0,437.0,,,,-189.0,-275.0,-92.0,,,,6.07,,,,6.07,66.55,,,,66.55,1년치 존재,1,,0.58,-28.31,18948446.0,down,47.2,4340.0,260.0,,bear,,,,,KOSDAQ,1596,643,6743504,0.4,통신장비
67170,오텍,9597.0,9092.0,8521.0,,,,-98.0,-149.0,-23.0,,,,-6.28,,,,-6.28,84.56,,,,84.56,1년치 존재,1,,0.52,-7.3,1010398.0,up,65.4,2745.0,1689.0,up,bull,,,,,KOSDAQ,2655,640,354404,0.4,가정용기기와용품
54300,팬스타엔터프라이즈,691.0,629.0,672.0,,,,16.0,3.0,-28.0,,,,6.84,,,,6.84,-1033.33,,,,-1033.33,1년치 존재,1,165.61,0.9,-2.17,649163.0,up,81.9,1099.0,489.0,,bull,,,,,KOSDAQ,1099,636,1093745,1.7,해운사
1840,이화공영,1402.0,1283.0,1152.0,,,,-134.0,-198.0,33.0,,,,-10.21,,,,-10.21,116.67,,,,116.67,1년치 존재,1,,3.15,28.15,,,,,,,,,,,,KOSDAQ,2215,626,0,,건설
452300,캡스톤파트너스,95.0,97.0,75.0,,,,-24.0,22.0,23.0,,,,-22.68,,,,-22.68,4.55,,,,4.55,1년치 존재,1,,2.35,6.9,5794196.0,up,53.2,5100.0,2830.0,up,bear,,,,,KOSDAQ,4455,631,454508,0.1,창업투자
173940,에프엔씨엔터,901.0,862.0,1024.0,,,,-80.0,-42.0,-6.0,,,,18.79,,,,18.79,85.71,,,,85.71,1년치 존재,1,,2.09,-47.06,42602.0,down,50.5,5050.0,3305.0,mixed,bear,,,,,KOSDAQ,4110,633,11308,0.3,방송과엔터테인먼트
261200,덴티스,943.0,1143.0,1142.0,,,,4.0,-4.0,-104.0,,,,-0.09,,,,-0.09,-2500.0,,,,-2500.0,1년치 존재,1,35.75,2.49,-27.9,24569.0,down,49.9,4280.0,3545.0,mixed,bear,,,,,KOSDAQ,3970,628,28398,1.2,건강관리장비와용품
196450,코아시아씨엠,2940.0,2673.0,2582.0,,,,-130.0,-95.0,53.0,,,,-3.4,,,,-3.4,155.79,,,,155.79,1년치 존재,1,,0.94,5.53,188026.0,up,52.7,1840.0,945.0,up,bull,,,,,KOSDAQ,1389,629,225701,1.2,핸드셋
89790,제이티,472.0,489.0,384.0,,,,30.0,4.0,-22.0,,,,-21.47,,,,-21.47,-650.0,,,,-650.0,1년치 존재,1,16.06,1.3,-0.46,96850.0,up,53.9,7800.0,5010.0,mixed,bull,,,,,KOSDAQ,6080,627,110643,1.1,반도체와반도체장비
14190,원익큐브,2444.0,2868.0,2848.0,,,,56.0,36.0,33.0,,,,-0.7,,,,-0.7,-8.33,,,,-8.33,1년치 존재,1,18.58,0.88,2.58,142900.0,down,47.3,2130.0,1656.0,mixed,bull,,,,,KOSDAQ,1769,626,201727,1.4,화학
294090,이오플로우,66.0,52.0,37.0,,,,-394.0,-703.0,-222.0,,,,-28.85,,,,-28.85,68.42,,,,68.42,1년치 존재,1,,2.28,30.93,,,,,,,,,,,,KOSDAQ,1490,620,0,,건강관리장비와용품
413640,비아이매트릭스,259.0,309.0,314.0,,,,-27.0,20.0,9.0,,,,1.62,,,,1.62,-55.0,,,,-55.0,1년치 존재,1,,2.43,7.66,74886.0,down,56.3,11050.0,7680.0,mixed,bull,,,,,KOSDAQ,8700,627,50636,0.7,IT서비스
100030,인지소프트,242.0,189.0,189.0,,,,38.0,11.0,23.0,,,,0.0,,,,0.0,109.09,,,,109.09,1년치 존재,1,10.31,0.87,35.1,2902.0,down,53.6,23000.0,16520.0,mixed,bull,,,,,KOSDAQ,18920,621,3479,1.2,소프트웨어
53980,오상자이엘,1033.0,1169.0,1364.0,,,,63.0,80.0,110.0,,,,16.68,,,,16.68,37.5,,,,37.5,1년치 존재,1,4.41,1.09,9.73,127406.0,down,57.1,3375.0,3045.0,mixed,bull,,,,,KOSDAQ,3275,622,71078,0.6,소프트웨어
153460,네이블,134.0,172.0,192.0,,,,-21.0,4.0,26.0,,,,11.63,,,,11.63,550.0,,,,550.0,1년치 존재,1,,1.54,7.33,236270.0,down,50.0,15370.0,6250.0,mixed,bear,,,,,KOSDAQ,9610,628,59926,0.3,소프트웨어
189330,씨이랩,37.0,91.0,103.0,,,,-69.0,-53.0,-32.0,,,,13.19,,,,13.19,39.62,,,,39.62,1년치 존재,1,,4.38,-17.96,651370.0,down,56.9,8950.0,3475.0,up,bull,,,,,KOSDAQ,6620,621,249873,0.4,IT서비스
48770,TPC로보틱스,862.0,864.0,863.0,,,,-52.0,-25.0,-23.0,,,,-0.12,,,,-0.12,8.0,,,,8.0,1년치 존재,1,,1.15,-6.61,299459.0,up,67.6,4820.0,2755.0,mixed,bull,,,,,KOSDAQ,3945,619,1718663,5.7,기계
52790,액토즈소프트,894.0,796.0,699.0,,,,424.0,295.0,286.0,,,,-12.19,,,,-12.19,-3.05,,,,-3.05,1년치 존재,1,2.9,0.38,12.77,22125.0,down,54.0,6050.0,4985.0,mixed,bull,,,,,KOSDAQ,5660,618,30986,1.4,게임엔터테인먼트
297570,알로이스,266.0,309.0,429.0,,,,42.0,48.0,65.0,,,,38.83,,,,38.83,35.42,,,,35.42,1년치 존재,1,10.62,1.28,-2.47,470491.0,down,56.9,1907.0,1287.0,up,bear,,,,,KOSDAQ,1781,617,314456,0.7,전자제품
185490,아이진,31.0,34.0,36.0,,,,-271.0,-133.0,-99.0,,,,5.88,,,,5.88,25.56,,,,25.56,1년치 존재,1,,1.89,-29.23,773276.0,down,47.3,1720.0,1193.0,mixed,bear,,,,,KOSDAQ,1432,619,163771,0.2,생물공학
365590,하이딥,105.0,59.0,18.0,,,,-86.0,-91.0,-117.0,,,,-69.49,,,,-69.49,-28.57,,,,-28.57,1년치 존재,1,,13.78,-303.4,57555.0,down,47.9,3820.0,1848.0,mixed,bull,,,,,KOSDAQ,2035,630,17944,0.3,반도체와반도체장비
53620,태양,1570.0,1522.0,1404.0,,,,65.0,22.0,24.0,,,,-7.75,,,,-7.75,9.09,,,,9.09,1년치 존재,1,8.96,0.34,6.27,8549.0,up,58.8,7320.0,6430.0,up,bear,,,,,KOSDAQ,7240,623,4653,0.5,가정용품
45340,토탈소프트,161.0,207.0,275.0,,,,36.0,52.0,94.0,,,,32.85,,,,32.85,80.77,,,,80.77,1년치 존재,1,10.01,1.73,26.65,57084.0,up,51.7,8320.0,5970.0,up,bear,,,,,KOSDAQ,7200,616,40394,0.7,운송인프라
238120,얼라인드,152.0,158.0,160.0,,,,33.0,28.0,24.0,,,,1.27,,,,1.27,-14.29,,,,-14.29,1년치 존재,1,17.91,1.85,8.01,34081.0,down,50.4,6050.0,3790.0,mixed,bull,,,,,KOSDAQ,4315,620,38371,1.1,생명과학도구및서비스
440290,HB인베스트먼트,205.0,152.0,174.0,,,,106.0,65.0,73.0,,,,14.47,,,,14.47,12.31,,,,12.31,1년치 존재,1,6.99,0.7,6.98,89605.0,up,65.5,2260.0,1975.0,mixed,bull,,,,,KOSDAQ,2240,616,78885,0.9,창업투자
239890,피엔에이치테크,402.0,336.0,301.0,,,,65.0,25.0,22.0,,,,-10.42,,,,-10.42,-12.0,,,,-12.0,1년치 존재,1,40.19,4.84,5.32,167117.0,up,61.9,6750.0,4360.0,up,bull,,,,,KOSDAQ,6190,615,528,0.0,디스플레이장비및부품
127710,아시아경제,931.0,780.0,731.0,,,,-285.0,-352.0,55.0,,,,-6.28,,,,-6.28,115.62,,,,115.62,1년치 존재,1,,0.25,3.39,208576.0,down,32.2,1782.0,993.0,mixed,bear,,,,,KOSDAQ,1398,616,176130,0.8,출판
38010,제일테크노스,2429.0,1839.0,1336.0,,,,352.0,207.0,71.0,,,,-27.35,,,,-27.35,-65.7,,,,-65.7,1년치 존재,1,2.94,0.62,7.27,38403.0,up,67.1,6910.0,5690.0,up,bull,,,,,KOSDAQ,6830,615,18422,0.5,건축제품
66360,체리부로,3990.0,3829.0,4054.0,,,,210.0,29.0,285.0,,,,5.88,,,,5.88,882.76,,,,882.76,1년치 존재,1,4.67,0.78,27.0,348022.0,down,58.9,1384.0,768.0,up,bear,,,,,KOSDAQ,1274,611,251358,0.7,식품
70300,엑스큐어,348.0,107.0,185.0,,,,-1.0,-22.0,19.0,,,,72.9,,,,72.9,186.36,,,,186.36,1년치 존재,1,,1.06,5.83,1910590.0,up,54.0,3100.0,1436.0,up,bear,,,,,KOSDAQ,2625,612,538860,0.3,핸드셋
53950,경남제약,593.0,608.0,559.0,,,,-36.0,-9.0,-17.0,,,,-8.06,,,,-8.06,-88.89,,,,-88.89,1년치 존재,1,,0.66,-7.92,,,,,,,,,,,,KOSDAQ,769,601,0,,제약
94970,제이엠티,1227.0,1640.0,2002.0,,,,148.0,53.0,131.0,,,,22.07,,,,22.07,147.17,,,,147.17,1년치 존재,1,3.0,0.3,10.17,267199.0,up,58.1,3760.0,2500.0,up,bear,,,,,KOSDAQ,3610,605,107082,0.4,디스플레이장비및부품
90410,덕신이피씨,2181.0,1466.0,1065.0,,,,289.0,107.0,-1.0,,,,-27.35,,,,-27.35,-100.93,,,,-100.93,1년치 존재,1,3.79,0.8,1.23,276376.0,down,54.2,1445.0,1122.0,up,bear_cross,,,,,KOSDAQ,1313,605,116629,0.4,건축자재
452160,제이엔비,153.0,160.0,149.0,,,,33.0,34.0,2.0,,,,-6.88,,,,-6.88,-94.12,,,,-94.12,1년치 존재,1,,3.39,-0.9,80282.0,up,57.9,6950.0,4800.0,mixed,bull,,,,,KOSDAQ,6330,609,42347,0.5,반도체와반도체장비
237820,플레이디,373.0,386.0,402.0,,,,25.0,40.0,62.0,,,,4.15,,,,4.15,55.0,,,,55.0,1년치 존재,1,29.02,1.03,5.16,20007.0,down,48.2,4890.0,3900.0,up,bear_cross,,,,,KOSDAQ,4690,602,68701,3.4,광고
432430,와이랩,194.0,240.0,371.0,,,,-55.0,-95.0,-87.0,,,,54.58,,,,54.58,8.42,,,,8.42,1년치 존재,1,,4.14,-21.79,40878.0,down,65.0,3905.0,2830.0,mixed,bull,,,,,KOSDAQ,3640,601,39618,1.0,출판
223310,사토시홀딩스,195.0,217.0,189.0,,,,-4.0,-32.0,-75.0,,,,-12.9,,,,-12.9,-134.38,,,,-134.38,1년치 존재,1,,1.15,-165.15,,,,,,,,,,,,KOSDAQ,2275,592,0,,식품과기본식료품소매
364950,에이아이코리아,768.0,1146.0,869.0,,,,45.0,88.0,28.0,,,,-24.17,,,,-24.17,-68.18,,,,-68.18,1년치 존재,1,,1.06,-1.54,193524.0,up,59.3,7780.0,5460.0,up,bull,,,,,KOSDAQ,7280,604,157971,0.8,전자장비와기기
419080,엔젯,121.0,63.0,54.0,,,,-21.0,-65.0,-63.0,,,,-14.29,,,,-14.29,3.08,,,,3.08,1년치 존재,1,541.26,3.52,-19.24,102060.0,down,49.7,8400.0,4740.0,mixed,bull,,,,,KOSDAQ,5620,600,66809,0.7,디스플레이장비및부품
33830,티비씨,435.0,403.0,427.0,,,,41.0,15.0,15.0,,,,5.96,,,,5.96,0.0,,,,0.0,1년치 존재,1,15.82,0.73,2.93,186570.0,down,44.8,678.0,548.0,mixed,bear,,,,,KOSDAQ,599,599,70625,0.4,방송과엔터테인먼트
89150,케이씨티,161.0,117.0,231.0,,,,22.0,16.0,40.0,,,,97.44,,,,97.44,150.0,,,,150.0,1년치 존재,1,42.72,1.45,7.95,1444668.0,up,47.3,3960.0,2045.0,mixed,bear,,,,,KOSDAQ,3475,596,137780,0.1,컴퓨터와주변기기
466410,사이냅소프트,127.0,133.0,135.0,,,,64.0,51.0,47.0,,,,1.5,,,,1.5,-7.84,,,,-7.84,1년치 존재,1,11.39,0.82,8.53,116082.0,down,54.0,12570.0,10010.0,mixed,bull,,,,,KOSDAQ,11820,595,26582,0.2,소프트웨어
33560,블루콤,328.0,51.0,58.0,,,,-77.0,33.0,6.0,,,,13.73,,,,13.73,-81.82,,,,-81.82,1년치 존재,1,,0.33,9.92,58975.0,down,51.9,3830.0,2830.0,mixed,bear,,,,,KOSDAQ,3495,598,40305,0.7,부동산
311390,네오크레마,249.0,403.0,819.0,,,,3.0,-7.0,54.0,,,,103.23,,,,103.23,871.43,,,,871.43,1년치 존재,1,,1.74,4.13,48191.0,up,55.8,5440.0,4085.0,mixed,bull,,,,,KOSDAQ,4720,597,46038,1.0,식품과기본식료품소매
37950,엘컴텍,566.0,574.0,463.0,,,,21.0,36.0,22.0,,,,-19.34,,,,-19.34,-38.89,,,,-38.89,1년치 존재,1,43.83,1.46,3.05,,,,,,,,,,,,KOSDAQ,709,599,0,,핸드셋
471820,셀로맥스사이언스,193.0,216.0,222.0,,,,46.0,55.0,28.0,,,,2.78,,,,2.78,-49.09,,,,-49.09,1년치 존재,1,14.99,1.24,6.49,31135.0,up,54.0,5500.0,4770.0,up,bull,,,,,KOSDAQ,5220,590,11897,0.4,제약
38070,서린바이오,896.0,754.0,771.0,,,,25.0,10.0,7.0,,,,2.25,,,,2.25,-30.0,,,,-30.0,1년치 존재,1,,0.95,0.87,60584.0,down,47.6,6720.0,6050.0,up,bear_cross,,,,,KOSDAQ,6340,590,42233,0.7,생물공학
99520,DGI,134.0,214.0,252.0,,,,-44.0,5.0,-33.0,,,,17.76,,,,17.76,-760.0,,,,-760.0,1년치 존재,1,,2.27,-13.39,,,,,,,,,,,,KOSDAQ,1284,581,0,,통신장비
143540,영우디에스피,478.0,591.0,805.0,,,,-111.0,-50.0,59.0,,,,36.21,,,,36.21,218.0,,,,218.0,1년치 존재,1,,1.52,19.84,438594.0,down,49.8,1519.0,1045.0,mixed,bear,,,,,KOSDAQ,1350,602,338975,0.8,디스플레이장비및부품
460470,아이빔테크놀로지,45.0,36.0,44.0,,,,-29.0,-43.0,-42.0,,,,22.22,,,,22.22,2.33,,,,2.33,1년치 존재,1,,2.12,-12.91,179922.0,up,64.0,3900.0,2880.0,up,bull_cross,,,,,KOSDAQ,3880,587,1231380,6.8,생명과학도구및서비스
450330,하스,160.0,162.0,166.0,,,,16.0,12.0,9.0,,,,2.47,,,,2.47,-25.0,,,,-25.0,1년치 존재,1,27.22,1.26,3.37,28427.0,down,53.1,7540.0,5660.0,up,bear,,,,,KOSDAQ,7140,585,14181,0.5,건강관리장비와용품
277070,린드먼아시아,97.0,91.0,74.0,,,,34.0,42.0,36.0,,,,-18.68,,,,-18.68,-14.29,,,,-14.29,1년치 존재,1,18.08,1.09,5.01,9510.0,down,46.1,5290.0,3985.0,mixed,bear_cross,,,,,KOSDAQ,4280,586,5994,0.6,창업투자
72770,멤레이비티,900.0,1301.0,896.0,,,,-20.0,-28.0,-28.0,,,,-31.13,,,,-31.13,0.0,,,,0.0,1년치 존재,1,,2.65,-39.59,497282.0,down,40.3,850.0,689.0,,bear,,,,,KOSDAQ,707,587,0,,IT서비스
114450,그린생명과학,224.0,249.0,403.0,,,,-46.0,4.0,2.0,,,,61.85,,,,61.85,-50.0,,,,-50.0,1년치 존재,1,,1.23,0.3,1062001.0,down,50.3,3470.0,2340.0,up,bear,,,,,KOSDAQ,2930,586,148772,0.1,제약
419120,산돌,142.0,157.0,200.0,,,,28.0,29.0,45.0,,,,27.39,,,,27.39,55.17,,,,55.17,1년치 존재,1,18.95,1.1,6.19,64245.0,down,47.0,4450.0,3500.0,mixed,bear,,,,,KOSDAQ,4040,595,43276,0.7,소프트웨어
7680,대원,4361.0,2772.0,1121.0,,,,-620.0,2.0,-138.0,,,,-59.56,,,,-59.56,-7000.0,,,,-7000.0,1년치 존재,1,,0.25,-2.99,18631.0,up,50.2,4515.0,3925.0,up,bear,,,,,KOSDAQ,4335,583,24866,1.3,건설
476080,M83,421.0,582.0,1324.0,,,,44.0,15.0,-90.0,,,,127.49,,,,127.49,-700.0,,,,-700.0,1년치 존재,1,35.3,1.29,-14.17,45227.0,up,58.1,8770.0,5760.0,mixed,bull,,,,,KOSDAQ,7210,582,68266,1.5,방송과엔터테인먼트
245620,EDGC,885.0,309.0,79.0,,,,-94.0,-126.0,-16.0,,,,-74.43,,,,-74.43,87.3,,,,87.3,1년치 존재,1,,1.26,-73.09,,,,,,,,,,,,KOSDAQ,415,575,0,,생명과학도구및서비스
465480,인스피언,161.0,190.0,200.0,,,,40.0,38.0,26.0,,,,5.26,,,,5.26,-31.58,,,,-31.58,1년치 존재,1,15.01,1.04,7.05,388600.0,up,52.6,6570.0,4810.0,up,bear,,,,,KOSDAQ,5720,580,37011,0.1,IT서비스
122350,삼기,5374.0,5421.0,5705.0,,,,78.0,51.0,83.0,,,,5.24,,,,5.24,62.75,,,,62.75,1년치 존재,1,13.17,0.7,-6.39,363482.0,up,48.1,1855.0,1378.0,mixed,bull,,,,,KOSDAQ,1506,577,219934,0.6,자동차부품
88340,유라클,457.0,476.0,438.0,,,,31.0,20.0,-68.0,,,,-7.98,,,,-7.98,-440.0,,,,-440.0,1년치 존재,1,20.93,2.68,-28.65,386012.0,up,53.9,14900.0,10680.0,mixed,bull,,,,,KOSDAQ,13210,577,61775,0.2,소프트웨어
52460,아이크래프트,1387.0,1005.0,2065.0,,,,51.0,16.0,80.0,,,,105.47,,,,105.47,400.0,,,,400.0,1년치 존재,1,12.06,1.19,24.69,352072.0,down,54.7,4195.0,2820.0,up,bear,,,,,KOSDAQ,3960,578,225021,0.6,통신장비
219420,링크제니시스,142.0,131.0,170.0,,,,14.0,-1.0,12.0,,,,29.77,,,,29.77,1300.0,,,,1300.0,1년치 존재,1,59.87,1.69,6.29,53224.0,up,55.6,5930.0,4395.0,mixed,bull,,,,,KOSDAQ,5080,583,60361,1.1,소프트웨어
403490,우듬지팜,566.0,639.0,637.0,,,,34.0,36.0,-9.0,,,,-0.31,,,,-0.31,-125.0,,,,-125.0,1년치 존재,1,82.68,3.24,-10.48,183615.0,down,43.9,1510.0,1169.0,down,bear,,,,,KOSDAQ,1247,573,85778,0.5,식품
35460,기산텔레콤,739.0,931.0,995.0,,,,44.0,49.0,81.0,,,,6.87,,,,6.87,65.31,,,,65.31,1년치 존재,1,11.39,0.96,8.26,2684213.0,down,50.4,6200.0,1940.0,mixed,bear,,,,,KOSDAQ,3835,572,1876166,0.7,우주항공과국방
38060,루멘스,1712.0,1742.0,1755.0,,,,27.0,-16.0,-50.0,,,,0.75,,,,0.75,-212.5,,,,-212.5,1년치 존재,1,15.53,0.62,-6.12,6912232.0,up,55.0,1647.0,604.0,up,bear,,,,,KOSDAQ,1180,568,905952,0.1,디스플레이장비및부품
189690,포시에스,332.0,313.0,329.0,,,,52.0,45.0,44.0,,,,5.11,,,,5.11,-2.22,,,,-2.22,1년치 존재,1,16.0,1.19,5.85,140056.0,up,58.9,2135.0,1799.0,up,bull,,,,,KOSDAQ,2075,567,46822,0.3,소프트웨어
51490,나라엠앤디,2310.0,2038.0,1846.0,,,,107.0,50.0,-1.0,,,,-9.42,,,,-9.42,-102.0,,,,-102.0,1년치 존재,1,10.22,0.88,5.12,88525.0,up,68.1,4090.0,3400.0,mixed,bull,,,,,KOSDAQ,3970,564,374,0.0,기계
122690,서진오토모티브,24519.0,25891.0,29419.0,,,,738.0,365.0,268.0,,,,13.63,,,,13.63,-26.58,,,,-26.58,1년치 존재,1,8.45,0.84,-20.69,56153.0,down,46.7,2980.0,2295.0,mixed,bull,,,,,KOSDAQ,2445,564,64422,1.1,자동차부품
7530,와이엠,1663.0,1722.0,1771.0,,,,42.0,61.0,40.0,,,,2.85,,,,2.85,-34.43,,,,-34.43,1년치 존재,1,55.38,1.19,4.6,14029.0,down,61.8,2610.0,2210.0,mixed,bull,,,,,KOSDAQ,2535,564,24246,1.7,자동차부품
340930,유일에너테크,385.0,597.0,600.0,,,,-101.0,-167.0,-27.0,,,,0.5,,,,0.5,83.83,,,,83.83,1년치 존재,1,,1.97,-54.26,,,,,,,,,,,,KOSDAQ,806,555,0,,전자장비와기기
33200,모아텍,320.0,306.0,315.0,,,,-23.0,-22.0,-32.0,,,,2.94,,,,2.94,-45.45,,,,-45.45,1년치 존재,1,,0.72,-2.11,89360.0,down,52.9,4840.0,3365.0,up,bull,,,,,KOSDAQ,3950,566,20516,0.2,전자장비와기기
105760,포스뱅크,793.0,771.0,914.0,,,,84.0,30.0,34.0,,,,18.55,,,,18.55,13.33,,,,13.33,1년치 존재,1,10.18,0.73,4.96,42425.0,up,56.1,5720.0,4690.0,up,bull,,,,,KOSDAQ,5660,576,42137,1.0,상업서비스와공급품
97870,효성오앤비,297.0,281.0,244.0,,,,7.0,43.0,35.0,,,,-13.17,,,,-13.17,-18.6,,,,-18.6,1년치 존재,1,57.69,0.97,2.01,485765.0,up,59.4,6790.0,5550.0,up,bull_cross,,,,,KOSDAQ,6750,573,2482027,5.1,화학
66130,하츠,1546.0,1865.0,1769.0,,,,63.0,107.0,104.0,,,,-5.15,,,,-5.15,-2.8,,,,-2.8,1년치 존재,1,12.13,0.67,8.0,36436.0,up,61.6,4535.0,3920.0,up,bull,,,,,KOSDAQ,4480,573,23349,0.6,가정용기기와용품
361570,알비더블유,914.0,625.0,465.0,,,,-22.0,-122.0,2.0,,,,-25.6,,,,-25.6,101.64,,,,101.64,1년치 존재,1,,1.55,-6.88,69179.0,down,46.8,2125.0,1843.0,mixed,bear_cross,,,,,KOSDAQ,1945,559,32797,0.5,방송과엔터테인먼트
126640,화신정공,3599.0,3220.0,3789.0,,,,87.0,13.0,118.0,,,,17.67,,,,17.67,807.69,,,,807.69,1년치 존재,1,6.89,0.51,9.15,266274.0,up,61.9,1638.0,1353.0,up,bull,,,,,KOSDAQ,1604,562,584529,2.2,자동차부품
352700,씨앤투스,780.0,730.0,672.0,,,,-7.0,14.0,-58.0,,,,-7.95,,,,-7.95,-514.29,,,,-514.29,1년치 존재,1,28.34,0.56,-5.02,29830.0,down,62.1,2300.0,1918.0,up,bull,,,,,KOSDAQ,2145,564,25900,0.9,"섬유,의류,신발,호화품"
43910,자연과환경,697.0,407.0,373.0,,,,45.0,-21.0,-40.0,,,,-8.35,,,,-8.35,-90.48,,,,-90.48,1년치 존재,1,19.69,1.18,-7.65,527903.0,down,48.8,616.0,469.0,,bull,,,,,KOSDAQ,493,559,0,,상업서비스와공급품
100660,서암기계공업,458.0,424.0,465.0,,,,6.0,-13.0,0.0,,,,9.67,,,,9.67,100.0,,,,100.0,1년치 존재,1,29.72,0.87,-0.04,55398.0,up,55.0,5050.0,3905.0,mixed,bull,,,,,KOSDAQ,4545,573,56307,1.0,기계
79000,와토스코리아,177.0,175.0,141.0,,,,-1.0,-2.0,-43.0,,,,-19.43,,,,-19.43,-2050.0,,,,-2050.0,1년치 존재,1,13.18,0.44,-3.66,47103.0,up,46.1,12200.0,6900.0,down,bear,,,,,KOSDAQ,7900,569,21134,0.4,건축제품
57540,옴니시스템,914.0,1091.0,991.0,,,,3.0,60.0,10.0,,,,-9.17,,,,-9.17,-83.33,,,,-83.33,1년치 존재,1,70.72,0.53,-0.18,1521652.0,up,70.6,972.0,750.0,up,bull,,,,,KOSDAQ,957,568,2595,0.0,전자장비와기기
217480,에스디생명공학,469.0,345.0,301.0,,,,-137.0,-92.0,-63.0,,,,-12.75,,,,-12.75,31.52,,,,31.52,1년치 존재,1,,1.24,-25.18,,,,,,,,,,,,KOSDAQ,499,548,0,,화장품
190650,코리아에셋투자증권,2230.0,2173.0,2685.0,,,,-21.0,79.0,102.0,,,,23.56,,,,23.56,29.11,,,,29.11,1년치 존재,1,,0.57,5.57,14370.0,up,54.8,11330.0,7590.0,mixed,bull,,,,,KOSDAQ,8710,556,16488,1.1,증권
56700,신화인터텍,1775.0,2474.0,2291.0,,,,-155.0,58.0,91.0,,,,-7.4,,,,-7.4,56.9,,,,56.9,1년치 존재,1,,0.69,3.5,80528.0,down,62.7,1969.0,1701.0,up,bull,,,,,KOSDAQ,1951,568,118813,1.5,디스플레이장비및부품
221840,하이즈항공,808.0,865.0,846.0,,,,-45.0,-22.0,46.0,,,,-2.2,,,,-2.2,309.09,,,,309.09,1년치 존재,1,,1.06,5.28,82334.0,down,55.2,3155.0,2255.0,up,bull,,,,,KOSDAQ,2980,557,69788,0.8,우주항공과국방
260660,알리코제약,1872.0,1904.0,2012.0,,,,31.0,-52.0,10.0,,,,5.67,,,,5.67,119.23,,,,119.23,1년치 존재,1,28.54,0.96,-0.77,46620.0,down,54.7,4070.0,3145.0,mixed,bull,,,,,KOSDAQ,3620,555,43763,0.9,제약
50110,캠시스,5006.0,3782.0,4899.0,,,,72.0,-117.0,-113.0,,,,29.53,,,,29.53,3.42,,,,3.42,1년치 존재,1,,1.22,-27.89,1398746.0,down,51.2,2585.0,541.0,,bear,,,,,KOSDAQ,1894,554,835183,0.6,핸드셋
332290,누보,822.0,990.0,1042.0,1550.0,,,-23.0,37.0,41.0,82.0,,,5.25,48.75,,,48.75,10.81,100.0,,,100.0,2년치 존재,2,,2.29,3.37,1328831.0,up,53.9,1450.0,1080.0,mixed,bear,,,,,KOSDAQ,1382,551,2086294,1.6,화학
200350,아티스트스튜디오,419.0,273.0,146.0,,,,-78.0,-73.0,-30.0,,,,-46.52,,,,-46.52,58.9,,,,58.9,1년치 존재,1,,1.93,-9.06,103686.0,up,54.3,6240.0,3895.0,up,bear_cross,,,,,KOSDAQ,5520,552,35942,0.3,방송과엔터테인먼트
32860,더라미,510.0,698.0,509.0,,,,-35.0,16.0,-17.0,,,,-27.08,,,,-27.08,-206.25,,,,-206.25,1년치 존재,1,,2.76,-8.52,176332.0,down,53.1,1910.0,1210.0,mixed,bull,,,,,KOSDAQ,1363,551,191803,1.1,판매업체
66670,디티씨,346.0,119.0,1886.0,,,,20.0,24.0,-18.0,,,,1484.87,,,,1484.87,-175.0,,,,-175.0,1년치 존재,1,30.25,0.58,2.3,28818.0,up,60.8,3195.0,2485.0,mixed,bull,,,,,KOSDAQ,2920,546,13689,0.5,핸드셋
229000,젠큐릭스,26.0,51.0,75.0,,,,-112.0,-85.0,-66.0,,,,47.06,,,,47.06,22.35,,,,22.35,1년치 존재,1,,6.14,-47.25,591957.0,down,41.0,5870.0,1598.0,down,bull,,,,,KOSDAQ,2340,548,123754,0.2,건강관리장비와용품
417860,오브젠,170.0,152.0,240.0,,,,-58.0,-42.0,3.0,,,,57.89,,,,57.89,107.14,,,,107.14,1년치 존재,1,,10.42,-30.51,125716.0,up,59.7,13000.0,7500.0,up,bull,,,,,KOSDAQ,11620,546,104382,0.8,소프트웨어
376180,피코그램,277.0,321.0,309.0,,,,15.0,28.0,-7.0,,,,-3.74,,,,-3.74,-125.0,,,,-125.0,1년치 존재,1,22.71,2.81,-2.64,289509.0,up,56.0,3300.0,2155.0,up,bull,,,,,KOSDAQ,2925,543,194608,0.7,가정용기기와용품
314140,알피바이오,1510.0,1240.0,1362.0,,,,66.0,-7.0,51.0,,,,9.84,,,,9.84,828.57,,,,828.57,1년치 존재,1,13.75,0.73,4.47,12796.0,down,48.2,7230.0,5990.0,mixed,bull,,,,,KOSDAQ,6250,542,6437,0.5,제약
46310,백금T&A,1707.0,1525.0,1489.0,,,,171.0,127.0,68.0,,,,-2.36,,,,-2.36,-46.46,,,,-46.46,1년치 존재,1,3.79,0.83,5.86,320948.0,down,46.5,4330.0,2855.0,mixed,bear_cross,,,,,KOSDAQ,3270,537,82850,0.3,전자장비와기기
54780,키이스트,520.0,758.0,157.0,,,,-15.0,7.0,-39.0,,,,-79.29,,,,-79.29,-657.14,,,,-657.14,1년치 존재,1,,2.47,-6.49,63582.0,down,49.3,2995.0,2155.0,up,bear,,,,,KOSDAQ,2750,541,47556,0.7,방송과엔터테인먼트
273060,와이즈버즈,139.0,308.0,455.0,,,,2.0,23.0,76.0,,,,47.73,,,,47.73,230.43,,,,230.43,1년치 존재,1,90.93,1.74,3.85,259942.0,down,48.9,1380.0,962.0,mixed,bull,,,,,KOSDAQ,1070,540,88609,0.3,광고
6920,모헨즈,1114.0,1005.0,812.0,,,,121.0,27.0,-30.0,,,,-19.2,,,,-19.2,-211.11,,,,-211.11,1년치 존재,1,5.19,1.29,-8.74,1445099.0,down,45.6,6820.0,3330.0,mixed,bear,,,,,KOSDAQ,4915,537,148852,0.1,건축자재
171010,램테크놀러지,430.0,445.0,427.0,,,,-30.0,-17.0,-10.0,,,,-4.04,,,,-4.04,41.18,,,,41.18,1년치 존재,1,,1.6,-19.07,377007.0,down,56.4,3980.0,2995.0,up,bull,,,,,KOSDAQ,3730,533,77211,0.2,반도체와반도체장비
2290,삼일기업공사,786.0,1127.0,852.0,,,,31.0,57.0,74.0,,,,-24.4,,,,-24.4,29.82,,,,29.82,1년치 존재,1,13.34,0.78,9.62,75016.0,up,69.4,4290.0,3490.0,up,bull,,,,,KOSDAQ,4290,532,100741,1.3,건설
900300,오가닉티코스메틱,1779.0,1647.0,,,,,-741.0,-644.0,,,,,,,,,,,,,,,0년치 존재,0,,0.13,-26.83,63870026.0,up,62.6,253.0,99.0,up,bull,,,,,KOSDAQ,218,547,108455,0.0,화장품
355390,크라우드웍스,240.0,120.0,105.0,,,,-18.0,-117.0,-134.0,,,,-12.5,,,,-12.5,-14.53,,,,-14.53,1년치 존재,1,,8.68,-154.76,775787.0,up,57.7,3775.0,2325.0,up,bull,,,,,KOSDAQ,3425,534,178546,0.2,IT서비스
33540,파라텍,2184.0,2780.0,1739.0,,,,-160.0,37.0,-137.0,,,,-37.45,,,,-37.45,-470.27,,,,-470.27,1년치 존재,1,,1.38,-24.06,491037.0,down,34.4,1600.0,1018.0,down,bear,,,,,KOSDAQ,1019,532,241205,0.5,기계
86040,바이오톡스텍,326.0,413.0,470.0,,,,-82.0,-89.0,-48.0,,,,13.8,,,,13.8,46.07,,,,46.07,1년치 존재,1,,1.9,2.9,57515.0,down,53.6,3925.0,2525.0,up,bear_cross,,,,,KOSDAQ,3325,531,49541,0.9,생명과학도구및서비스
219750,한국비티비,27.0,301.0,320.0,,,,-73.0,10.0,-29.0,,,,6.31,,,,6.31,-390.0,,,,-390.0,1년치 존재,1,,32.27,-14.97,62006.0,up,37.0,969.0,683.0,mixed,bear,,,,,KOSDAQ,806,527,32825,0.5,건강관리장비와용품
65130,탑엔지니어링,9594.0,8154.0,7985.0,,,,219.0,-75.0,-352.0,,,,-2.07,,,,-2.07,-369.33,,,,-369.33,1년치 존재,1,7.15,0.45,-21.16,33805.0,down,51.2,3865.0,2880.0,mixed,bull,,,,,KOSDAQ,3300,528,46661,1.4,핸드셋
307280,원바이오젠,296.0,304.0,352.0,,,,71.0,64.0,79.0,,,,15.79,,,,15.79,23.44,,,,23.44,1년치 존재,1,11.32,1.87,16.55,55406.0,down,54.5,8250.0,6530.0,mixed,bull,,,,,KOSDAQ,7430,527,19961,0.4,건강관리장비와용품
53160,프리엠스,229.0,177.0,231.0,,,,-0.0,-23.0,4.0,,,,30.51,,,,30.51,117.39,,,,117.39,1년치 존재,1,113.63,1.25,1.42,64170.0,down,53.4,9580.0,6680.0,mixed,bear,,,,,KOSDAQ,9020,541,24308,0.4,기계
60850,영림원소프트랩,555.0,626.0,799.0,,,,29.0,22.0,42.0,,,,27.64,,,,27.64,90.91,,,,90.91,1년치 존재,1,19.72,1.64,12.62,20382.0,up,60.9,6510.0,5810.0,up,bull,,,,,KOSDAQ,6480,527,26275,1.3,소프트웨어
78590,휴림에이텍,637.0,703.0,644.0,,,,48.0,40.0,2.0,,,,-8.39,,,,-8.39,-95.0,,,,-95.0,1년치 존재,1,7.8,1.48,-22.96,7594430.0,down,29.2,1020.0,525.0,,bear,,,,,KOSDAQ,525,525,0,,자동차부품
73110,엘엠에스,758.0,677.0,696.0,,,,-86.0,-37.0,-96.0,,,,2.81,,,,2.81,-159.46,,,,-159.46,1년치 존재,1,,0.57,-16.2,13178.0,up,70.0,5880.0,4840.0,up,bull,,,,,KOSDAQ,5880,523,9248,0.7,디스플레이장비및부품
250000,보라티알,769.0,914.0,1023.0,,,,131.0,128.0,91.0,,,,11.93,,,,11.93,-28.91,,,,-28.91,1년치 존재,1,7.87,0.86,0.25,10608.0,down,47.2,8400.0,7600.0,mixed,bull,,,,,KOSDAQ,7750,523,2827,0.3,식품과기본식료품소매
103840,우양,1913.0,1763.0,1838.0,,,,13.0,5.0,47.0,,,,4.25,,,,4.25,840.0,,,,840.0,1년치 존재,1,,1.94,4.96,125237.0,down,56.5,3375.0,2800.0,up,bear,,,,,KOSDAQ,3245,531,119482,1.0,식품
16600,큐캐피탈,360.0,187.0,201.0,,,,105.0,28.0,38.0,,,,7.49,,,,7.49,35.71,,,,35.71,1년치 존재,1,9.03,0.46,1.75,1230765.0,down,50.7,400.0,242.0,,bull,,,,,KOSDAQ,293,522,0,,창업투자
263020,디케이앤디,898.0,1125.0,1426.0,,,,82.0,85.0,122.0,,,,26.76,,,,26.76,43.53,,,,43.53,1년치 존재,1,7.03,0.7,10.53,783252.0,down,64.7,4130.0,2690.0,up,bull,,,,,KOSDAQ,3770,522,1796258,2.3,"섬유,의류,신발,호화품"
388610,지에프씨생명과학,153.0,168.0,177.0,,,,8.0,17.0,4.0,,,,5.36,,,,5.36,-76.47,,,,-76.47,1년치 존재,1,15.37,2.21,3.2,42529.0,down,46.5,12930.0,9230.0,mixed,bull,,,,,KOSDAQ,9840,522,32686,0.8,생물공학
96610,알에프세미,271.0,244.0,245.0,,,,-173.0,-26.0,18.0,,,,0.41,,,,0.41,169.23,,,,169.23,1년치 존재,1,,4.24,12.96,,,,,,,,,,,,KOSDAQ,2965,516,0,,반도체와반도체장비
64480,브리지텍,535.0,436.0,497.0,,,,42.0,-33.0,3.0,,,,13.99,,,,13.99,109.09,,,,109.09,1년치 존재,1,22.74,1.56,1.1,62580.0,down,43.2,7580.0,4090.0,down,bull,,,,,KOSDAQ,4340,519,37521,0.6,IT서비스
199480,뱅크웨어글로벌,729.0,502.0,634.0,,,,-46.0,-149.0,-44.0,,,,26.29,,,,26.29,70.47,,,,70.47,1년치 존재,1,,2.9,-14.99,49609.0,down,55.7,5760.0,4205.0,mixed,bull,,,,,KOSDAQ,5100,520,17534,0.4,IT서비스
290120,DH오토리드,2356.0,2704.0,3556.0,,,,158.0,165.0,219.0,,,,31.51,,,,31.51,32.73,,,,32.73,1년치 존재,1,,0.71,15.03,91640.0,up,77.0,3295.0,2415.0,up,bull,,,,,KOSDAQ,3295,521,666498,7.3,자동차부품
97780,에코볼트,1802.0,2029.0,2174.0,,,,-192.0,-207.0,11.0,,,,7.15,,,,7.15,105.31,,,,105.31,1년치 존재,1,4.15,0.27,-8.18,,,,,,,,,,,,KOSDAQ,801,508,0,,자동차부품
263700,케어랩스,818.0,832.0,817.0,,,,-116.0,-45.0,-29.0,,,,-1.8,,,,-1.8,35.56,,,,35.56,1년치 존재,1,,1.23,32.8,57709.0,down,53.2,3550.0,2185.0,mixed,bull,,,,,KOSDAQ,2645,514,139224,2.4,건강관리업체및서비스
43340,에쎈테크,476.0,544.0,579.0,,,,-72.0,-4.0,20.0,,,,6.43,,,,6.43,600.0,,,,600.0,1년치 존재,1,,2.47,1.47,718533.0,up,52.9,655.0,429.0,,bear,,,,,KOSDAQ,549,522,0,,기계
376290,씨유테크,1729.0,2842.0,2165.0,,,,22.0,115.0,54.0,,,,-23.82,,,,-23.82,-53.04,,,,-53.04,1년치 존재,1,67.85,0.62,1.18,13982.0,up,69.4,2900.0,2620.0,up,bull,,,,,KOSDAQ,2900,512,11442,0.8,핸드셋
434480,모니터랩,142.0,149.0,192.0,,,,0.0,-6.0,9.0,,,,28.86,,,,28.86,250.0,,,,250.0,1년치 존재,1,,2.06,1.75,1411154.0,down,57.9,4570.0,3135.0,up,bull,,,,,KOSDAQ,4180,515,168329,0.1,소프트웨어
87600,픽셀플러스,507.0,535.0,427.0,,,,-63.0,8.0,-56.0,,,,-20.19,,,,-20.19,-800.0,,,,-800.0,1년치 존재,1,,0.53,-3.83,13999.0,up,53.0,7430.0,5660.0,mixed,bull,,,,,KOSDAQ,6350,519,5699,0.4,반도체와반도체장비
430690,한싹,241.0,205.0,263.0,,,,26.0,-27.0,-19.0,,,,28.29,,,,28.29,29.63,,,,29.63,1년치 존재,1,25.65,2.93,-7.82,2872947.0,up,50.3,6470.0,3305.0,up,bear,,,,,KOSDAQ,4760,519,134881,0.0,소프트웨어
393970,대진첨단소재,646.0,890.0,845.0,,,,10.0,60.0,-204.0,,,,-5.06,,,,-5.06,-440.0,,,,-440.0,1년치 존재,1,,0.8,-67.38,,,,,,,,,,,,KOSDAQ,2825,504,0,,전기제품
91590,남화토건,718.0,567.0,727.0,,,,-44.0,-20.0,38.0,,,,28.22,,,,28.22,290.0,,,,290.0,1년치 존재,1,,0.51,6.57,52364.0,up,65.8,4450.0,3480.0,up,bear,,,,,KOSDAQ,4370,513,21570,0.4,건설
119500,포메탈,711.0,651.0,660.0,,,,21.0,15.0,24.0,,,,1.38,,,,1.38,60.0,,,,60.0,1년치 존재,1,23.42,0.91,4.26,133597.0,up,54.2,5240.0,3705.0,mixed,bull,,,,,KOSDAQ,4320,512,60153,0.5,기계
464500,아이언디바이스,62.0,84.0,101.0,,,,-35.0,-49.0,-56.0,,,,20.24,,,,20.24,-14.29,,,,-14.29,1년치 존재,1,,1.92,-15.71,218778.0,up,52.2,4050.0,2790.0,up,bull,,,,,KOSDAQ,3655,511,163995,0.7,반도체와반도체장비
25880,케이씨피드,926.0,1030.0,1218.0,,,,60.0,81.0,122.0,,,,18.25,,,,18.25,50.62,,,,50.62,1년치 존재,1,6.28,0.6,13.66,161057.0,down,58.1,3100.0,2610.0,up,bear,,,,,KOSDAQ,3050,510,159793,1.0,식품
286750,나노실리칸첨단소재,65.0,53.0,60.0,,,,-25.0,-34.0,-66.0,,,,13.21,,,,13.21,-94.12,,,,-94.12,1년치 존재,1,,7.04,-25.42,281094.0,up,61.9,1667.0,1172.0,mixed,bull,,,,,KOSDAQ,1589,509,123965,0.4,화학
320000,한울반도체,160.0,95.0,115.0,,,,4.0,-44.0,-50.0,,,,21.05,,,,21.05,-13.64,,,,-13.64,1년치 존재,1,25.05,1.61,-42.62,,,,,,,,,,,,KOSDAQ,1533,511,0,,전자장비와기기
258610,케일럼,845.0,973.0,817.0,,,,-44.0,28.0,-8.0,,,,-16.03,,,,-16.03,-128.57,,,,-128.57,1년치 존재,1,,4.63,-5.5,74335.0,up,45.7,1705.0,1081.0,mixed,bear,,,,,KOSDAQ,1393,508,114862,1.5,핸드셋
81580,성우전자,1492.0,1469.0,1827.0,,,,-45.0,-51.0,40.0,,,,24.37,,,,24.37,178.43,,,,178.43,1년치 존재,1,,0.31,11.53,167830.0,down,51.9,3495.0,2655.0,up,bear,,,,,KOSDAQ,3270,507,112183,0.7,핸드셋
464280,티디에스팜,300.0,275.0,276.0,,,,50.0,37.0,38.0,,,,0.36,,,,0.36,2.7,,,,2.7,1년치 존재,1,18.53,1.14,10.52,18971.0,up,60.4,10330.0,8000.0,mixed,bull,,,,,KOSDAQ,9260,512,10117,0.5,제약
128540,에코캡,1359.0,1385.0,1518.0,,,,40.0,196.0,-32.0,,,,9.6,,,,9.6,-116.33,,,,-116.33,1년치 존재,1,35.95,0.81,-2.27,100154.0,up,50.4,2480.0,1736.0,mixed,bull,,,,,KOSDAQ,1895,506,118970,1.2,자동차부품
51390,YW,370.0,165.0,165.0,,,,65.0,54.0,58.0,,,,0.0,,,,0.0,7.41,,,,7.41,1년치 존재,1,8.12,0.4,6.15,10697.0,up,61.0,4440.0,3800.0,up,bear,,,,,KOSDAQ,4425,502,9574,0.9,판매업체
123010,알엔티엑스,323.0,394.0,384.0,,,,-101.0,-69.0,2.0,,,,-2.54,,,,-2.54,102.9,,,,102.9,1년치 존재,1,,1.16,-11.59,3419913.0,up,53.7,1989.0,689.0,up,bear,,,,,KOSDAQ,1541,504,979098,0.3,핸드셋
241840,에이스토리,569.0,148.0,118.0,,,,69.0,-35.0,-73.0,,,,-20.27,,,,-20.27,-108.57,,,,-108.57,1년치 존재,1,26.32,2.02,-13.61,21339.0,down,41.9,7230.0,5010.0,down,bull,,,,,KOSDAQ,5260,502,33729,1.6,방송과엔터테인먼트
263810,상신전자,1097.0,1250.0,1291.0,,,,15.0,21.0,26.0,,,,3.28,,,,3.28,23.81,,,,23.81,1년치 존재,1,29.5,1.52,3.49,337888.0,up,60.4,3240.0,2760.0,up,bull,,,,,KOSDAQ,3195,509,65680,0.2,전자장비와기기
32960,동일기연,252.0,241.0,216.0,,,,4.0,2.0,-1.0,,,,-10.37,,,,-10.37,-150.0,,,,-150.0,1년치 존재,1,21.89,0.72,9.99,13526.0,down,34.5,16940.0,14020.0,down,bear,,,,,KOSDAQ,14250,501,4362,0.3,전자장비와기기
263770,유에스티,991.0,732.0,580.0,,,,141.0,67.0,23.0,,,,-20.77,,,,-20.77,-65.67,,,,-65.67,1년치 존재,1,6.16,0.91,2.93,68148.0,up,54.1,2250.0,1863.0,up,bull,,,,,KOSDAQ,2115,501,61130,0.9,철강
44960,이글벳,428.0,417.0,433.0,,,,33.0,35.0,43.0,,,,3.84,,,,3.84,22.86,,,,22.86,1년치 존재,1,23.36,1.49,7.85,51652.0,up,56.0,4385.0,3715.0,mixed,bull,,,,,KOSDAQ,4010,507,27489,0.5,제약
336060,웨이버스,488.0,564.0,702.0,,,,51.0,17.0,20.0,,,,24.47,,,,24.47,17.65,,,,17.65,1년치 존재,1,10.09,2.04,6.68,255097.0,up,59.6,1065.0,881.0,mixed,bull_cross,,,,,KOSDAQ,1040,501,1165300,4.6,IT서비스
335810,프리시젼바이오,204.0,191.0,199.0,,,,-48.0,-54.0,-54.0,,,,4.19,,,,4.19,0.0,,,,0.0,1년치 존재,1,,1.73,-34.29,17060.0,down,47.5,2700.0,2065.0,down,bear,,,,,KOSDAQ,2265,497,27088,1.6,생명과학도구및서비스
129890,앱코,989.0,934.0,834.0,,,,22.0,48.0,32.0,,,,-10.71,,,,-10.71,-33.33,,,,-33.33,1년치 존재,1,23.44,0.73,7.36,464885.0,down,60.2,1136.0,835.0,up,bear,,,,,KOSDAQ,1099,501,166181,0.4,컴퓨터와주변기기
288980,모아데이타,245.0,344.0,232.0,,,,-4.0,-13.0,-59.0,,,,-32.56,,,,-32.56,-353.85,,,,-353.85,1년치 존재,1,327.72,2.12,-71.79,2846767.0,down,61.4,1505.0,564.0,up,bear,,,,,KOSDAQ,1366,497,670172,0.2,소프트웨어
186230,그린플러스,589.0,877.0,1057.0,,,,-82.0,25.0,-10.0,,,,20.52,,,,20.52,-140.0,,,,-140.0,1년치 존재,1,,2.12,-26.4,40823.0,down,44.0,5180.0,4380.0,down,bear,,,,,KOSDAQ,4545,496,29170,0.7,건축자재
290090,트윔,345.0,293.0,210.0,,,,20.0,6.0,-41.0,,,,-28.33,,,,-28.33,-783.33,,,,-783.33,1년치 존재,1,32.07,1.32,-4.36,17720.0,down,53.1,7090.0,5440.0,up,bull,,,,,KOSDAQ,6670,496,12020,0.7,소프트웨어
300120,라온피플,112.0,2202.0,2238.0,,,,-111.0,-162.0,-162.0,,,,1.63,,,,1.63,0.0,,,,0.0,1년치 존재,1,,2.84,-54.73,561818.0,down,40.5,2385.0,935.0,down,bull,,,,,KOSDAQ,1017,503,612781,1.1,소프트웨어
73570,리튬포어스,156.0,152.0,107.0,,,,-68.0,-52.0,-45.0,,,,-29.61,,,,-29.61,13.46,,,,13.46,1년치 존재,1,,1.73,-24.6,5057781.0,up,59.4,919.0,529.0,,bull,,,,,KOSDAQ,821,494,0,,핸드셋
160550,NEW,1291.0,1132.0,1427.0,,,,-56.0,-190.0,27.0,,,,26.06,,,,26.06,114.21,,,,114.21,1년치 존재,1,,1.18,0.88,71802.0,down,42.8,2625.0,1698.0,down,bear_cross,,,,,KOSDAQ,1773,495,75252,1.0,방송과엔터테인먼트
140520,대창스틸,4198.0,4024.0,3986.0,,,,57.0,30.0,34.0,,,,-0.94,,,,-0.94,13.33,,,,13.33,1년치 존재,1,22.25,0.38,1.91,87746.0,up,62.5,2430.0,1953.0,up,bull,,,,,KOSDAQ,2340,494,67269,0.8,철강
179530,애드바이오텍,105.0,111.0,129.0,,,,-48.0,-41.0,-35.0,,,,16.22,,,,16.22,14.63,,,,14.63,1년치 존재,1,,2.24,-32.78,286941.0,down,44.0,3100.0,1350.0,mixed,bear,,,,,KOSDAQ,2485,489,163826,0.6,제약
106240,파인테크닉스,596.0,578.0,429.0,,,,12.0,-17.0,-64.0,,,,-25.78,,,,-25.78,-276.47,,,,-276.47,1년치 존재,1,,0.31,-29.63,345821.0,down,41.1,2425.0,1813.0,mixed,bear,,,,,KOSDAQ,2140,489,2005,0.0,디스플레이장비및부품
69410,엔텔스,449.0,479.0,668.0,,,,-32.0,-2.0,22.0,,,,39.46,,,,39.46,1200.0,,,,1200.0,1년치 존재,1,,1.01,5.82,106104.0,down,43.5,5740.0,4000.0,mixed,bear,,,,,KOSDAQ,4775,489,38569,0.4,IT서비스
37370,EG,618.0,652.0,628.0,,,,-144.0,-55.0,-22.0,,,,-3.68,,,,-3.68,60.0,,,,60.0,1년치 존재,1,,1.74,-2.02,32953.0,up,61.5,6450.0,4710.0,mixed,bull,,,,,KOSDAQ,5640,486,85071,2.6,비철금속
31310,아이즈비전,1910.0,1828.0,1944.0,,,,68.0,10.0,34.0,,,,6.35,,,,6.35,240.0,,,,240.0,1년치 존재,1,,0.46,6.29,4570772.0,down,42.7,2490.0,1310.0,mixed,bear,,,,,KOSDAQ,1682,484,950527,0.2,통신장비
215380,우정바이오,386.0,432.0,376.0,,,,-45.0,18.0,-39.0,,,,-12.96,,,,-12.96,-316.67,,,,-316.67,1년치 존재,1,,1.41,-21.03,748609.0,down,46.7,3605.0,2105.0,up,bear,,,,,KOSDAQ,2890,486,146420,0.2,생명과학도구및서비스
19770,서연탑메탈,1731.0,1824.0,2071.0,,,,69.0,93.0,119.0,,,,13.54,,,,13.54,27.96,,,,27.96,1년치 존재,1,6.05,0.61,9.64,238607.0,up,55.4,4270.0,3705.0,up,bull,,,,,KOSDAQ,4155,484,88755,0.4,자동차부품
239610,에이치엘사이언스,256.0,177.0,167.0,,,,-47.0,-99.0,-111.0,,,,-5.65,,,,-5.65,-12.12,,,,-12.12,1년치 존재,1,,0.79,-13.46,4224.0,up,69.5,9180.0,7080.0,up,bull,,,,,KOSDAQ,8930,482,2629,0.6,건강관리업체및서비스
429270,시지트로닉스,125.0,122.0,127.0,,,,-54.0,-63.0,-76.0,,,,4.1,,,,4.1,-20.63,,,,-20.63,1년치 존재,1,,1.79,-35.11,819792.0,up,60.1,8800.0,3405.0,up,bull,,,,,KOSDAQ,7590,489,225651,0.3,반도체와반도체장비
82660,코스나인,96.0,97.0,,,,,-65.0,-83.0,,,,,,,,,,,,,,,0년치 존재,0,,1.57,-138.9,,,,,,,,,,,,KOSDAQ,480,478,0,,화장품
418250,시큐레터,22.0,14.0,12.0,,,,-59.0,-73.0,-43.0,,,,-14.29,,,,-14.29,41.1,,,,41.1,1년치 존재,1,,4.03,-98.27,,,,,,,,,,,,KOSDAQ,6550,476,0,,소프트웨어
6050,국영지앤엠,766.0,754.0,602.0,,,,9.0,9.0,9.0,,,,-20.16,,,,-20.16,0.0,,,,0.0,1년치 존재,1,62.45,0.97,3.28,392853.0,down,46.5,1610.0,1199.0,mixed,bear,,,,,KOSDAQ,1375,480,428119,1.1,건축제품
26040,제이에스티나,754.0,744.0,722.0,,,,-6.0,-26.0,7.0,,,,-2.96,,,,-2.96,126.92,,,,126.92,1년치 존재,1,46.66,0.74,4.26,86821.0,down,44.9,3395.0,2675.0,down,bear,,,,,KOSDAQ,2900,479,102791,1.2,"섬유,의류,신발,호화품"
363260,모비데이즈,239.0,372.0,444.0,,,,-19.0,3.0,45.0,,,,19.35,,,,19.35,1400.0,,,,1400.0,1년치 존재,1,,2.62,7.91,125004.0,down,49.3,1628.0,1387.0,mixed,bull,,,,,KOSDAQ,1490,479,799,0.0,광고
420570,제이투케이바이오,285.0,331.0,330.0,,,,56.0,36.0,29.0,,,,-0.3,,,,-0.3,-19.44,,,,-19.44,1년치 존재,1,,1.43,8.22,23646.0,up,54.5,8570.0,7210.0,up,bull,,,,,KOSDAQ,8260,483,17659,0.7,화장품
23440,제이스코홀딩스,553.0,284.0,411.0,,,,-84.0,-147.0,-85.0,,,,44.72,,,,44.72,42.18,,,,42.18,1년치 존재,1,,1.16,-61.93,,,,,,,,,,,,KOSDAQ,521,470,0,,철강
20180,대신정보통신,2285.0,2551.0,2029.0,,,,42.0,92.0,91.0,,,,-20.46,,,,-20.46,-1.09,,,,-1.09,1년치 존재,1,,1.49,30.98,4464169.0,up,53.8,1407.0,927.0,up,bear,,,,,KOSDAQ,1231,473,898158,0.2,IT서비스
224110,에이텍모빌리티,875.0,1042.0,643.0,,,,75.0,79.0,62.0,,,,-38.29,,,,-38.29,-21.52,,,,-21.52,1년치 존재,1,12.29,1.21,-0.66,29630.0,up,54.9,10030.0,8300.0,mixed,bull,,,,,KOSDAQ,9380,477,16917,0.6,컴퓨터와주변기기
373170,엠아이큐브솔루션,242.0,296.0,256.0,,,,18.0,-11.0,9.0,,,,-13.51,,,,-13.51,181.82,,,,181.82,1년치 존재,1,25.21,3.28,7.11,168840.0,up,47.2,13950.0,2230.0,mixed,bull,,,,,KOSDAQ,3200,484,59050,0.3,IT서비스
101240,씨큐브,511.0,601.0,565.0,,,,50.0,102.0,102.0,,,,-5.99,,,,-5.99,0.0,,,,0.0,1년치 존재,1,14.7,0.65,9.27,258599.0,down,54.8,4315.0,3600.0,up,bear_cross,,,,,KOSDAQ,4165,473,30439,0.1,화학
450520,인스웨이브,326.0,304.0,390.0,,,,52.0,-36.0,-49.0,,,,28.29,,,,28.29,-36.11,,,,-36.11,1년치 존재,1,15.53,1.89,-8.23,48937.0,up,55.7,3525.0,2565.0,up,bull,,,,,KOSDAQ,3225,474,26975,0.6,소프트웨어
206400,베노티앤알,99.0,253.0,48.0,,,,-70.0,-97.0,-54.0,,,,-81.03,,,,-81.03,44.33,,,,44.33,1년치 존재,1,,1.29,-28.49,219706.0,up,58.7,1592.0,1141.0,mixed,bull,,,,,KOSDAQ,1288,483,419576,1.9,건축제품
347770,핌스,853.0,607.0,634.0,707.0,813.0,,26.0,-49.0,-61.0,49.0,77.0,,4.45,11.51,14.99,,14.99,-24.49,180.33,57.14,,180.33,3년치 존재,3,31.49,1.45,-16.28,310513.0,down,69.7,2145.0,904.0,up,bull,,,,,KOSDAQ,2110,482,1887657,6.1,디스플레이장비및부품
153490,우리이앤엘하루틴,1420.0,1469.0,1212.0,,,,50.0,69.0,3.0,,,,-17.49,,,,-17.49,-95.65,,,,-95.65,1년치 존재,1,9.93,0.65,-0.71,345098.0,up,80.5,916.0,638.0,up,bull,,,,,KOSDAQ,915,471,121721,0.4,디스플레이장비및부품
52600,한네트,249.0,259.0,268.0,,,,33.0,42.0,44.0,,,,3.47,,,,3.47,4.76,,,,4.76,1년치 존재,1,23.41,1.58,9.44,592739.0,up,56.2,4380.0,3070.0,up,bear,,,,,KOSDAQ,4075,471,86236,0.1,IT서비스
57030,YBM넷,605.0,583.0,518.0,,,,51.0,28.0,10.0,,,,-11.15,,,,-11.15,-64.29,,,,-64.29,1년치 존재,1,15.52,1.51,3.05,25435.0,down,59.1,2945.0,2560.0,up,bear,,,,,KOSDAQ,2895,472,24703,1.0,교육서비스
200780,비씨월드제약,751.0,748.0,758.0,,,,64.0,15.0,20.0,,,,1.34,,,,1.34,33.33,,,,33.33,1년치 존재,1,21.82,0.67,-6.62,18602.0,down,41.5,5870.0,4310.0,down,bull,,,,,KOSDAQ,4445,474,20437,1.1,제약
178780,일월지엠엘,286.0,393.0,339.0,,,,-4.0,43.0,20.0,,,,-13.74,,,,-13.74,-53.49,,,,-53.49,1년치 존재,1,,4.96,14.03,17117.0,down,43.3,2915.0,2395.0,down,bear,,,,,KOSDAQ,2525,471,21538,1.3,전문소매
80520,오디텍,350.0,370.0,380.0,,,,-43.0,-64.0,-23.0,,,,2.7,,,,2.7,64.06,,,,64.06,1년치 존재,1,18.89,0.41,0.7,531131.0,down,49.9,5100.0,2720.0,mixed,bear,,,,,KOSDAQ,4160,471,58051,0.1,반도체와반도체장비
363250,진시스템,9.0,12.0,4.0,,,,-95.0,-101.0,-97.0,,,,-66.67,,,,-66.67,3.96,,,,3.96,1년치 존재,1,,2.37,-88.15,38500.0,down,39.0,6990.0,4425.0,mixed,bear,,,,,KOSDAQ,5510,469,14906,0.4,건강관리장비와용품
148250,알엔투테크놀로지,147.0,143.0,187.0,,,,-14.0,-27.0,-34.0,,,,30.77,,,,30.77,-25.93,,,,-25.93,1년치 존재,1,,0.93,-10.31,765161.0,up,45.4,5160.0,2420.0,mixed,bear,,,,,KOSDAQ,3705,470,42,0.0,통신장비
475460,미트박스,669.0,1103.0,1356.0,,,,26.0,31.0,29.0,,,,22.94,,,,22.94,-6.45,,,,-6.45,1년치 존재,1,27.4,1.25,6.42,18660.0,up,65.0,8380.0,6730.0,up,bull,,,,,KOSDAQ,8340,468,31176,1.7,인터넷과카탈로그소매
83550,케이엠,1278.0,1311.0,1354.0,,,,-77.0,-34.0,-4.0,,,,3.28,,,,3.28,88.24,,,,88.24,1년치 존재,1,,0.44,3.26,56558.0,down,46.1,3925.0,3165.0,down,bear,,,,,KOSDAQ,3530,479,37057,0.7,"섬유,의류,신발,호화품"
50860,아세아텍,1236.0,1238.0,1133.0,,,,119.0,64.0,40.0,,,,-8.48,,,,-8.48,-37.5,,,,-37.5,1년치 존재,1,6.63,0.46,3.69,73528.0,down,55.4,2150.0,1870.0,up,bull,,,,,KOSDAQ,2080,468,203743,2.8,기계
351870,차이커뮤니케이션,564.0,588.0,665.0,,,,86.0,35.0,44.0,,,,13.1,,,,13.1,25.71,,,,25.71,1년치 존재,1,,0.86,2.3,8486.0,down,54.9,4665.0,3755.0,mixed,bull,,,,,KOSDAQ,4160,464,2324,0.3,광고
271830,팸텍,961.0,444.0,387.0,,,,108.0,-37.0,-41.0,,,,-12.84,,,,-12.84,-10.81,,,,-10.81,1년치 존재,1,14.58,1.61,-9.72,102873.0,down,49.3,1701.0,1370.0,mixed,bull,,,,,KOSDAQ,1570,463,100202,1.0,핸드셋
22220,티케이지애강,781.0,584.0,647.0,,,,44.0,-37.0,-108.0,,,,10.79,,,,10.79,-191.89,,,,-191.89,1년치 존재,1,11.19,0.61,-12.48,433886.0,down,79.9,895.0,521.0,mixed,bear,,,,,KOSDAQ,894,463,63278,0.1,건축제품
24120,KB오토시스,2037.0,2102.0,2150.0,,,,40.0,46.0,85.0,,,,2.28,,,,2.28,84.78,,,,84.78,1년치 존재,1,53.02,0.52,3.27,38096.0,up,68.0,4065.0,3330.0,up,bull,,,,,KOSDAQ,4025,463,25434,0.7,자동차부품
14570,고려제약,814.0,730.0,625.0,,,,180.0,91.0,69.0,,,,-14.38,,,,-14.38,-24.18,,,,-24.18,1년치 존재,1,,1.0,8.08,20843.0,up,58.6,4245.0,3765.0,up,bull,,,,,KOSDAQ,4190,461,14561,0.7,제약
73540,에프알텍,248.0,298.0,253.0,,,,-5.0,8.0,9.0,,,,-15.1,,,,-15.1,12.5,,,,12.5,1년치 존재,1,13.51,0.46,3.5,1179674.0,down,51.3,6440.0,1838.0,mixed,bear,,,,,KOSDAQ,4060,463,177156,0.2,통신장비
49830,승일,1419.0,1444.0,1415.0,,,,6.0,23.0,23.0,,,,-2.01,,,,-2.01,0.0,,,,0.0,1년치 존재,1,151.3,0.42,1.68,3590.0,up,50.1,8100.0,7310.0,mixed,bull,,,,,KOSDAQ,7490,459,5745,1.6,포장재
65650,하이퍼코퍼레이션,429.0,577.0,762.0,,,,-19.0,-39.0,-43.0,,,,32.06,,,,32.06,-10.26,,,,-10.26,1년치 존재,1,,2.97,-1.92,104577.0,up,55.4,2220.0,1654.0,up,bear,,,,,KOSDAQ,2110,462,206597,2.0,컴퓨터와주변기기
220180,핸디소프트,261.0,284.0,314.0,,,,-10.0,-20.0,-5.0,,,,10.56,,,,10.56,75.0,,,,75.0,1년치 존재,1,29.71,0.91,1.12,30060.0,down,45.9,2105.0,1791.0,up,bear,,,,,KOSDAQ,1955,468,61425,2.0,소프트웨어
80530,코디,792.0,784.0,765.0,,,,-8.0,15.0,38.0,,,,-2.42,,,,-2.42,153.33,,,,153.33,1년치 존재,1,,1.68,10.64,,,,,,,,,,,,KOSDAQ,815,452,0,,화장품
318020,포인트모바일,800.0,773.0,872.0,,,,46.0,-14.0,30.0,,,,12.81,,,,12.81,314.29,,,,314.29,1년치 존재,1,30.06,3.07,5.15,23756.0,up,65.1,4055.0,3175.0,mixed,bull,,,,,KOSDAQ,3725,458,15062,0.6,전자장비와기기
203450,유니온바이오메트릭스,514.0,567.0,513.0,,,,16.0,28.0,10.0,,,,-9.52,,,,-9.52,-64.29,,,,-64.29,1년치 존재,1,15.98,1.08,4.82,68755.0,up,54.3,3460.0,3030.0,mixed,bear_cross,,,,,KOSDAQ,3240,456,33887,0.5,전자장비와기기
204020,그리티,1761.0,1947.0,2017.0,,,,111.0,123.0,79.0,,,,3.6,,,,3.6,-35.77,,,,-35.77,1년치 존재,1,7.24,0.8,5.67,52076.0,up,72.7,2375.0,1906.0,up,bull,,,,,KOSDAQ,2355,458,55095,1.1,"섬유,의류,신발,호화품"
256150,한독크린텍,651.0,682.0,694.0,,,,52.0,35.0,28.0,,,,1.76,,,,1.76,-20.0,,,,-20.0,1년치 존재,1,11.86,1.06,4.76,10787.0,up,71.3,5450.0,5080.0,up,bull,,,,,KOSDAQ,5450,458,7168,0.7,가정용기기와용품
356890,싸이버원,247.0,479.0,337.0,,,,13.0,113.0,4.0,,,,-29.65,,,,-29.65,-96.46,,,,-96.46,1년치 존재,1,21.8,1.43,-2.97,1954569.0,up,55.3,4255.0,2920.0,up,bull,,,,,KOSDAQ,3825,457,253829,0.1,IT서비스
254120,자비스,287.0,376.0,279.0,,,,8.0,12.0,-39.0,,,,-25.8,,,,-25.8,-425.0,,,,-425.0,1년치 존재,1,,2.48,-14.78,507125.0,up,65.0,1525.0,1039.0,up,bull,,,,,KOSDAQ,1483,456,451058,0.9,전자장비와기기
317240,TS트릴리온,400.0,297.0,260.0,,,,7.0,7.0,0.0,,,,-12.46,,,,-12.46,-100.0,,,,-100.0,1년치 존재,1,,2.36,-7.36,,,,,,,,,,,,KOSDAQ,309,451,0,,가정용품
340810,시선AI,141.0,144.0,140.0,,,,-98.0,-104.0,-113.0,,,,-2.78,,,,-2.78,-8.65,,,,-8.65,1년치 존재,1,,4.03,-122.89,536736.0,up,62.2,3645.0,2400.0,up,bull_cross,,,,,KOSDAQ,3335,455,6203952,11.6,소프트웨어
195500,마니커에프앤지,1012.0,1077.0,1068.0,,,,21.0,38.0,25.0,,,,-0.84,,,,-0.84,-34.21,,,,-34.21,1년치 존재,1,23.49,0.73,2.76,47660.0,up,68.6,2965.0,2610.0,up,bull,,,,,KOSDAQ,2875,459,58720,1.2,식품
309930,조이웍스앤코,410.0,473.0,460.0,,,,21.0,-24.0,-88.0,,,,-2.75,,,,-2.75,-266.67,,,,-266.67,1년치 존재,1,38.94,3.13,-79.42,1369922.0,up,78.2,1965.0,815.0,up,bull,,,,,KOSDAQ,1842,451,159,0.0,가구
32580,피델릭스,528.0,448.0,536.0,,,,7.0,-45.0,-21.0,,,,19.64,,,,19.64,53.33,,,,53.33,1년치 존재,1,50.92,1.08,-6.42,299918.0,up,80.3,1372.0,850.0,up,bull,,,,,KOSDAQ,1372,455,794979,2.7,반도체와반도체장비
270520,앱튼,204.0,184.0,169.0,,,,-65.0,-128.0,-112.0,,,,-8.15,,,,-8.15,12.5,,,,12.5,1년치 존재,1,,4.89,-28.19,,,,,,,,,,,,KOSDAQ,228,448,0,,에너지장비및서비스
66910,손오공,503.0,305.0,970.0,,,,-95.0,-91.0,-67.0,,,,218.03,,,,218.03,26.37,,,,26.37,1년치 존재,1,,5.05,2.3,339360.0,up,61.4,708.0,550.0,mixed,bull,,,,,KOSDAQ,680,455,610243,1.8,레저용장비와제품
208860,다산디엠씨,49.0,112.0,1137.0,,,,-30.0,18.0,28.0,,,,915.18,,,,915.18,55.56,,,,55.56,1년치 존재,1,,3.27,12.24,58201.0,down,47.1,2075.0,1236.0,mixed,bull,,,,,KOSDAQ,1332,452,47295,0.8,자동차부품
123570,이엠넷,350.0,363.0,323.0,,,,37.0,48.0,3.0,,,,-11.02,,,,-11.02,-93.75,,,,-93.75,1년치 존재,1,20.22,0.87,2.06,18836.0,up,58.3,2045.0,1819.0,up,bull,,,,,KOSDAQ,2020,450,8590,0.5,광고
65950,웰크론,4259.0,3291.0,2690.0,,,,48.0,22.0,-111.0,,,,-18.26,,,,-18.26,-604.55,,,,-604.55,1년치 존재,1,,1.21,-35.99,135555.0,down,48.8,1723.0,1488.0,mixed,bull,,,,,KOSDAQ,1591,449,59003,0.4,건설
200230,텔콘RF제약,363.0,379.0,432.0,,,,10.0,-1.0,7.0,,,,13.98,,,,13.98,800.0,,,,800.0,1년치 존재,1,7.02,0.97,-11.97,2114359.0,down,37.3,961.0,618.0,down,bear,,,,,KOSDAQ,628,449,475446,0.2,제약
131760,파인텍,448.0,710.0,463.0,,,,-42.0,19.0,-29.0,,,,-34.79,,,,-34.79,-252.63,,,,-252.63,1년치 존재,1,,1.29,-22.65,16398107.0,up,51.7,2040.0,591.0,,bull,,,,,KOSDAQ,1036,450,0,,디스플레이장비및부품
58110,멕아이씨에스,133.0,114.0,113.0,,,,-139.0,-95.0,-28.0,,,,-0.88,,,,-0.88,70.53,,,,70.53,1년치 존재,1,,1.25,-6.7,883079.0,down,50.2,3460.0,1486.0,mixed,bear,,,,,KOSDAQ,2780,446,76436,0.1,건강관리장비와용품
288330,파라택시스코리아,1.0,,,,,,-403.0,-190.0,-152.0,,,,,,,,,20.0,,,,20.0,1년치 존재,1,,4.57,-88.61,,,,,,,,,,,,KOSDAQ,416,441,0,,제약
383930,디티앤씨알오,266.0,360.0,477.0,,,,-121.0,-113.0,-57.0,,,,32.5,,,,32.5,49.56,,,,49.56,1년치 존재,1,,7.29,-10.33,166926.0,down,54.0,3745.0,2425.0,mixed,bear,,,,,KOSDAQ,3490,446,95459,0.6,생명과학도구및서비스
43200,파루,422.0,401.0,288.0,,,,-19.0,2.0,-27.0,,,,-28.18,,,,-28.18,-1450.0,,,,-1450.0,1년치 존재,1,,0.98,-15.82,1552167.0,up,59.6,1179.0,743.0,up,bear,,,,,KOSDAQ,1063,444,4211490,2.7,에너지장비및서비스
359090,씨엔알리서치,551.0,597.0,650.0,,,,62.0,36.0,14.0,,,,8.88,,,,8.88,-61.11,,,,-61.11,1년치 존재,1,11.68,1.55,5.37,103507.0,down,40.1,904.0,740.0,down,bull,,,,,KOSDAQ,772,444,153517,1.5,제약
68050,팬엔터테인먼트,1238.0,347.0,352.0,,,,44.0,1.0,-35.0,,,,1.44,,,,1.44,-3600.0,,,,-3600.0,1년치 존재,1,14.09,1.29,-10.57,63291.0,down,47.1,1792.0,1481.0,down,bear,,,,,KOSDAQ,1610,446,59930,0.9,방송과엔터테인먼트
228340,동양파일,711.0,566.0,559.0,,,,45.0,-44.0,-47.0,,,,-1.24,,,,-1.24,-6.82,,,,-6.82,1년치 존재,1,9.7,0.39,-6.1,32022.0,up,58.2,2415.0,1751.0,mixed,bull,,,,,KOSDAQ,2185,437,49451,1.5,건축자재
38870,에코심플렉스,158.0,180.0,172.0,,,,-26.0,-24.0,-27.0,,,,-4.44,,,,-4.44,-12.5,,,,-12.5,1년치 존재,1,29.99,0.92,-2.89,153074.0,up,50.4,3325.0,2620.0,up,bear_cross,,,,,KOSDAQ,3120,437,44961,0.3,에너지장비및서비스
133750,메가엠디,360.0,365.0,346.0,,,,-39.0,22.0,18.0,,,,-5.21,,,,-5.21,-18.18,,,,-18.18,1년치 존재,1,,0.88,4.76,29625.0,up,53.3,1939.0,1758.0,mixed,bull,,,,,KOSDAQ,1872,438,34151,1.2,교육서비스
75970,동국알앤에스,1084.0,1104.0,1107.0,,,,21.0,11.0,34.0,,,,0.27,,,,0.27,209.09,,,,209.09,1년치 존재,1,137.68,0.84,0.74,169536.0,up,65.8,2430.0,2015.0,up,bull,,,,,KOSDAQ,2410,443,134630,0.8,비철금속
387570,파인메딕스,102.0,100.0,95.0,,,,9.0,-0.0,-26.0,,,,-5.0,,,,-5.0,,,,,,1년치 존재,1,,2.2,-9.44,143349.0,up,61.2,8030.0,6050.0,up,bull,,,,,KOSDAQ,7700,433,88311,0.6,건강관리장비와용품
32790,엠젠솔루션,207.0,345.0,286.0,,,,-49.0,-53.0,-103.0,,,,-17.1,,,,-17.1,-94.34,,,,-94.34,1년치 존재,1,,1.81,-41.77,430528.0,up,46.6,1098.0,625.0,mixed,bear,,,,,KOSDAQ,833,428,507650,1.2,컴퓨터와주변기기
290520,신도기연,208.0,106.0,319.0,,,,-25.0,-41.0,18.0,,,,200.94,,,,200.94,143.9,,,,143.9,1년치 존재,1,,1.1,3.1,463686.0,up,62.5,2900.0,1601.0,up,bull,,,,,KOSDAQ,2725,434,214130,0.5,디스플레이장비및부품
258790,소프트캠프,185.0,169.0,257.0,,,,-26.0,-18.0,30.0,,,,52.07,,,,52.07,266.67,,,,266.67,1년치 존재,1,,3.01,27.93,4859905.0,up,54.4,1993.0,1070.0,up,bear_cross,,,,,KOSDAQ,1718,429,3907,0.0,소프트웨어
46390,삼화네트웍스,624.0,467.0,373.0,,,,-18.0,7.0,-15.0,,,,-20.13,,,,-20.13,-314.29,,,,-314.29,1년치 존재,1,,1.41,-1.49,105169.0,down,50.1,1052.0,718.0,,bear,,,,,KOSDAQ,991,428,0,,방송과엔터테인먼트
13810,스페코,230.0,272.0,380.0,,,,-41.0,-57.0,-5.0,,,,39.71,,,,39.71,91.23,,,,91.23,1년치 존재,1,,1.12,-0.21,388726.0,up,51.2,3185.0,2500.0,up,bear,,,,,KOSDAQ,2935,430,116740,0.3,건설
406820,뷰티스킨,809.0,809.0,549.0,,,,-61.0,-12.0,-32.0,,,,-32.14,,,,-32.14,-166.67,,,,-166.67,1년치 존재,1,,1.67,-5.21,1427323.0,up,72.6,3200.0,1772.0,mixed,bull,,,,,KOSDAQ,3005,425,428,0.0,화장품
13720,THE CUBE&,314.0,244.0,249.0,,,,8.0,14.0,8.0,,,,2.05,,,,2.05,-42.86,,,,-42.86,1년치 존재,1,,1.7,-20.88,770246.0,down,33.4,999.0,652.0,mixed,bear,,,,,KOSDAQ,694,422,347199,0.5,자동차부품
12620,원일특강,3800.0,3793.0,3981.0,,,,134.0,120.0,124.0,,,,4.96,,,,4.96,3.33,,,,3.33,1년치 존재,1,4.83,0.25,5.02,10836.0,up,63.0,9720.0,7950.0,up,bull,,,,,KOSDAQ,9650,425,23353,2.2,철강
455180,케이지에이,141.0,514.0,181.0,,,,7.0,34.0,-37.0,,,,-64.79,,,,-64.79,-208.82,,,,-208.82,1년치 존재,1,,1.0,-29.12,56473.0,up,50.7,3650.0,2500.0,mixed,bull,,,,,KOSDAQ,3025,422,55715,1.0,전자장비와기기
277410,인산가,373.0,325.0,358.0,,,,57.0,8.0,23.0,,,,10.15,,,,10.15,187.5,,,,187.5,1년치 존재,1,13.07,1.08,1.0,78505.0,down,45.8,1196.0,1067.0,mixed,bear,,,,,KOSDAQ,1134,436,63650,0.8,식품
159910,에코글로우,135.0,84.0,99.0,,,,-65.0,-46.0,-39.0,,,,17.86,,,,17.86,15.22,,,,15.22,1년치 존재,1,,1.29,-34.81,,,,,,,,,,,,KOSDAQ,800,419,0,,화장품
39290,인포뱅크,1369.0,1369.0,1351.0,,,,-22.0,-51.0,-42.0,,,,-1.31,,,,-1.31,17.65,,,,17.65,1년치 존재,1,16.22,1.28,-6.18,36228.0,down,47.4,5900.0,4000.0,mixed,bear_cross,,,,,KOSDAQ,4850,422,17870,0.5,IT서비스
462980,아이지넷,130.0,233.0,390.0,,,,-32.0,4.0,33.0,,,,67.38,,,,67.38,725.0,,,,725.0,1년치 존재,1,14.74,1.91,18.38,251933.0,down,46.4,2585.0,1894.0,mixed,bear,,,,,KOSDAQ,2315,422,132156,0.5,생명보험
57680,티사이언티픽,268.0,430.0,364.0,,,,-56.0,-98.0,3.0,,,,-15.35,,,,-15.35,103.06,,,,103.06,1년치 존재,1,,0.17,-0.83,280801.0,up,96.3,2960.0,576.0,,bull,,,,,KOSDAQ,2960,422,282443,1.0,IT서비스
45060,오공,1584.0,1630.0,1601.0,,,,102.0,86.0,56.0,,,,-1.78,,,,-1.78,-34.88,,,,-34.88,1년치 존재,1,6.05,0.49,4.67,81845.0,up,59.7,2515.0,2165.0,up,bull,,,,,KOSDAQ,2475,419,24963,0.3,화학
221980,케이디켐,591.0,624.0,629.0,,,,63.0,75.0,70.0,,,,0.8,,,,0.8,-6.67,,,,-6.67,1년치 존재,1,9.34,0.47,3.45,2230.0,down,55.3,10560.0,10140.0,up,bull,,,,,KOSDAQ,10430,421,1513,0.7,화학
440320,오픈놀,251.0,508.0,883.0,,,,13.0,1.0,-28.0,,,,73.82,,,,73.82,-2900.0,,,,-2900.0,1년치 존재,1,73.09,2.93,-17.14,1148281.0,up,72.5,4370.0,3180.0,up,bull,,,,,KOSDAQ,4260,419,477103,0.4,상업서비스와공급품
462510,라메디텍,29.0,66.0,72.0,,,,-35.0,-97.0,-118.0,,,,9.09,,,,9.09,-21.65,,,,-21.65,1년치 존재,1,,5.14,-82.45,28931.0,down,47.3,5990.0,4100.0,mixed,bear_cross,,,,,KOSDAQ,4920,433,30177,1.0,건강관리장비와용품
131100,티엔엔터테인먼트,1503.0,1429.0,1183.0,,,,135.0,97.0,34.0,,,,-17.21,,,,-17.21,-64.95,,,,-64.95,1년치 존재,1,,0.99,0.47,31025.0,down,48.6,1425.0,1236.0,mixed,bull,,,,,KOSDAQ,1293,417,22188,0.7,방송과엔터테인먼트
114630,폴라리스우노,781.0,801.0,1018.0,,,,55.0,23.0,78.0,,,,27.09,,,,27.09,239.13,,,,239.13,1년치 존재,1,5.51,0.41,1.93,986420.0,down,94.1,2465.0,473.0,,bull,,,,,KOSDAQ,2400,422,488307,0.5,"섬유,의류,신발,호화품"
475660,에스켐,244.0,331.0,221.0,,,,19.0,22.0,-20.0,,,,-33.23,,,,-33.23,-190.91,,,,-190.91,1년치 존재,1,38.14,1.14,-5.83,25613.0,down,43.5,7070.0,4825.0,down,bear,,,,,KOSDAQ,5200,412,15290,0.6,디스플레이장비및부품
75130,플랜티넷,331.0,367.0,456.0,,,,13.0,21.0,33.0,,,,24.25,,,,24.25,57.14,,,,57.14,1년치 존재,1,25.8,0.54,3.19,361941.0,up,59.6,2750.0,2025.0,up,bull,,,,,KOSDAQ,2500,416,71728,0.2,소프트웨어
398120,에스지헬스케어,278.0,161.0,246.0,280.0,,,22.0,-7.0,15.0,25.0,,,52.8,13.82,,,52.8,314.29,66.67,,,314.29,2년치 존재,2,,1.62,4.02,130520.0,down,42.2,4500.0,3170.0,down,bear,,,,,KOSDAQ,3525,417,109234,0.8,건강관리장비와용품
296640,이노에이엑스,155.0,237.0,229.0,,,,-12.0,24.0,9.0,,,,-3.38,,,,-3.38,-62.5,,,,-62.5,1년치 존재,1,1061.6,1.21,7.72,42297.0,up,53.2,9630.0,5180.0,up,bear_cross,,,,,KOSDAQ,8040,416,36654,0.9,소프트웨어
109820,진매트릭스,98.0,100.0,106.0,,,,-25.0,-16.0,-7.0,,,,6.0,,,,6.0,56.25,,,,56.25,1년치 존재,1,,2.68,-10.0,337763.0,down,44.2,2495.0,1899.0,down,bear_cross,,,,,KOSDAQ,2015,411,77639,0.2,생물공학
298060,풍전약품,7.0,8.0,238.0,,,,-130.0,-113.0,-45.0,,,,2875.0,,,,2875.0,60.18,,,,60.18,1년치 존재,1,,3.78,-41.87,140979.0,up,67.2,1008.0,764.0,,bull,,,,,KOSDAQ,927,410,0,,생물공학
35200,프럼파스트,295.0,297.0,252.0,,,,14.0,16.0,-4.0,,,,-15.15,,,,-15.15,-125.0,,,,-125.0,1년치 존재,1,25.28,0.83,2.66,725822.0,up,52.3,5050.0,3130.0,up,bear,,,,,KOSDAQ,4200,409,84035,0.1,건축제품
238490,힘스,501.0,613.0,593.0,,,,57.0,2.0,-75.0,,,,-3.26,,,,-3.26,-3850.0,,,,-3850.0,1년치 존재,1,14.0,1.12,-19.43,62335.0,up,59.5,3805.0,2635.0,up,bear_cross,,,,,KOSDAQ,3580,405,31770,0.5,디스플레이장비및부품
1000,신라섬유,38.0,37.0,36.0,,,,4.0,4.0,5.0,,,,-2.7,,,,-2.7,25.0,,,,25.0,1년치 존재,1,,2.7,0.5,56445.0,down,29.2,2530.0,1677.0,down,bear,,,,,KOSDAQ,1677,407,220899,3.9,부동산
318410,비비씨,536.0,607.0,516.0,,,,45.0,57.0,62.0,,,,-14.99,,,,-14.99,8.77,,,,8.77,1년치 존재,1,8.57,0.66,7.02,15593.0,up,53.4,7970.0,6620.0,mixed,bull,,,,,KOSDAQ,7500,417,16002,1.0,가정용품
21880,메이슨캐피탈,43.0,203.0,251.0,,,,-39.0,43.0,-101.0,,,,23.65,,,,23.65,-334.88,,,,-334.88,1년치 존재,1,,0.95,0.36,220575.0,down,32.3,279.0,192.0,down,bull,,,,,KOSDAQ,193,410,183672,0.8,기타금융
290270,휴네시온,361.0,369.0,377.0,,,,47.0,32.0,48.0,,,,2.17,,,,2.17,50.0,,,,50.0,1년치 존재,1,5.53,0.87,11.83,740800.0,up,56.9,4535.0,3330.0,up,bull,,,,,KOSDAQ,4210,404,201,0.0,소프트웨어
195990,에이비프로바이오,254.0,317.0,319.0,,,,-88.0,-102.0,-93.0,,,,0.63,,,,0.63,8.82,,,,8.82,1년치 존재,1,,1.09,-60.38,182361.0,down,48.9,2415.0,140.0,,bear,,,,,KOSDAQ,1252,408,138845,0.8,기계
7720,소노스퀘어,1588.0,1335.0,1629.0,,,,-11.0,7.0,14.0,,,,22.02,,,,22.02,100.0,,,,100.0,1년치 존재,1,,0.53,-3.07,250214.0,down,38.2,647.0,382.0,mixed,bull,,,,,KOSDAQ,406,409,403955,1.6,판매업체
64520,테크엘,219.0,253.0,181.0,,,,-45.0,-4.0,-56.0,,,,-28.46,,,,-28.46,-1300.0,,,,-1300.0,1년치 존재,1,8.9,0.78,-4.81,48203.0,up,57.8,1987.0,1560.0,up,bull,,,,,KOSDAQ,1863,416,42673,0.9,반도체와반도체장비
148780,비큐AI,169.0,173.0,170.0,,,,2.0,-8.0,-11.0,,,,-1.73,,,,-1.73,-37.5,,,,-37.5,1년치 존재,1,54.48,3.24,-6.59,325477.0,up,56.7,1637.0,1060.0,mixed,bull,,,,,KOSDAQ,1285,404,2335629,7.2,소프트웨어
270870,뉴트리,1514.0,1220.0,1011.0,,,,105.0,49.0,-23.0,,,,-17.13,,,,-17.13,-146.94,,,,-146.94,1년치 존재,1,14.17,0.64,-2.3,75627.0,down,43.9,5390.0,4000.0,mixed,bear,,,,,KOSDAQ,4370,402,27952,0.4,건강관리업체및서비스
115160,휴맥스,6464.0,5356.0,3942.0,,,,175.0,62.0,-292.0,,,,-26.4,,,,-26.4,-570.97,,,,-570.97,1년치 존재,1,,0.6,-63.14,159578.0,up,98.6,9370.0,589.0,,bull,,,,,KOSDAQ,9370,404,508311,3.2,전자제품
90150,아이윈,1083.0,1193.0,1159.0,,,,64.0,79.0,69.0,,,,-2.85,,,,-2.85,-12.66,,,,-12.66,1년치 존재,1,,1.19,20.77,382949.0,up,61.6,1029.0,708.0,up,bull,,,,,KOSDAQ,960,402,291428,0.8,자동차부품
86060,진바이오텍,795.0,830.0,908.0,,,,40.0,38.0,39.0,,,,9.4,,,,9.4,2.63,,,,2.63,1년치 존재,1,14.49,0.78,7.15,30904.0,down,34.1,5230.0,4400.0,down,bear,,,,,KOSDAQ,4665,402,50734,1.6,제약
140430,카티스,300.0,317.0,279.0,,,,19.0,16.0,-5.0,,,,-11.99,,,,-11.99,-131.25,,,,-131.25,1년치 존재,1,,0.99,-0.98,6244365.0,down,46.2,1300.0,599.0,mixed,bear,,,,,KOSDAQ,752,402,3365645,0.5,통신장비
64090,인크레더블버즈,69.0,46.0,72.0,,,,-6.0,-35.0,-61.0,,,,56.52,,,,56.52,-74.29,,,,-74.29,1년치 존재,1,,1.59,-36.93,,,,,,,,,,,,KOSDAQ,798,397,0,,판매업체
237750,피앤씨테크,207.0,347.0,276.0,,,,27.0,18.0,0.0,,,,-20.46,,,,-20.46,-100.0,,,,-100.0,1년치 존재,1,10.0,0.51,-32.08,344295.0,up,66.1,6730.0,4110.0,mixed,bull,,,,,KOSDAQ,6180,401,70,0.0,전기장비
318000,KBG,216.0,249.0,239.0,,,,43.0,32.0,23.0,,,,-4.02,,,,-4.02,-28.12,,,,-28.12,1년치 존재,1,15.19,1.69,5.64,69056.0,up,59.1,4670.0,3805.0,up,bull,,,,,KOSDAQ,4570,399,30916,0.4,화학
290560,파라택시스이더리움,105.0,118.0,140.0,,,,15.0,24.0,36.0,,,,18.64,,,,18.64,50.0,,,,50.0,1년치 존재,1,,2.22,13.71,182587.0,down,46.9,2080.0,1344.0,,bear,,,,,KOSDAQ,1795,401,92207,0.5,소프트웨어
469750,아이비젼웍스,232.0,352.0,230.0,,,,28.0,24.0,-4.0,,,,-34.66,,,,-34.66,-116.67,,,,-116.67,1년치 존재,1,,1.11,-0.99,339463.0,down,44.6,1485.0,991.0,mixed,bear,,,,,KOSDAQ,1161,400,479,0.0,전기제품
257370,피엔티엠에스,250.0,262.0,111.0,,,,-11.0,12.0,-21.0,,,,-57.63,,,,-57.63,-275.0,,,,-275.0,1년치 존재,1,,4.72,-29.52,35648.0,down,45.9,3850.0,2950.0,down,bear,,,,,KOSDAQ,3195,400,48816,1.4,전기제품
25440,DH오토웨어,3931.0,3719.0,4944.0,,,,28.0,19.0,-49.0,,,,32.94,,,,32.94,-357.89,,,,-357.89,1년치 존재,1,90.72,0.95,-42.36,139468.0,down,42.8,1051.0,779.0,down,bear,,,,,KOSDAQ,814,397,281639,2.0,자동차부품
351320,넥사다이내믹스,162.0,85.0,130.0,,,,-86.0,-64.0,-95.0,,,,52.94,,,,52.94,-48.44,,,,-48.44,1년치 존재,1,,3.09,-62.93,213860.0,down,48.9,1480.0,863.0,up,bear,,,,,KOSDAQ,1345,399,47557,0.2,디스플레이장비및부품
16670,디모아,314.0,266.0,231.0,,,,29.0,21.0,41.0,,,,-13.16,,,,-13.16,95.24,,,,95.24,1년치 존재,1,,0.81,15.09,32952.0,down,38.2,4590.0,3550.0,mixed,bear,,,,,KOSDAQ,3900,398,20980,0.6,소프트웨어
169330,엠브레인,549.0,537.0,562.0,,,,47.0,17.0,-13.0,,,,4.66,,,,4.66,-176.47,,,,-176.47,1년치 존재,1,15.34,1.9,0.88,40635.0,up,63.6,2185.0,1818.0,up,bull,,,,,KOSDAQ,2160,396,15449,0.4,IT서비스
187270,신화콘텍,519.0,520.0,534.0,,,,49.0,70.0,48.0,,,,2.69,,,,2.69,-31.43,,,,-31.43,1년치 존재,1,11.84,0.7,4.48,59271.0,up,57.0,4190.0,3185.0,up,bull,,,,,KOSDAQ,3900,396,45662,0.8,전기제품
285800,진영,309.0,342.0,324.0,,,,-24.0,-29.0,-27.0,,,,-5.26,,,,-5.26,6.9,,,,6.9,1년치 존재,1,,1.62,-7.57,5251796.0,down,58.0,2495.0,1269.0,mixed,bear,,,,,KOSDAQ,2245,392,3561671,0.7,화학
38620,위즈코프,561.0,1047.0,1126.0,,,,6.0,28.0,25.0,,,,7.55,,,,7.55,-10.71,,,,-10.71,1년치 존재,1,36.99,0.62,4.89,,,,,,,,,,,,KOSDAQ,503,381,0,,운송인프라
65370,위세아이텍,276.0,350.0,383.0,,,,-29.0,9.0,8.0,,,,9.43,,,,9.43,-11.11,,,,-11.11,1년치 존재,1,,1.72,4.71,33427.0,down,50.6,6270.0,4365.0,mixed,bear_cross,,,,,KOSDAQ,5310,392,26040,0.8,소프트웨어
239340,이스트에이드,138.0,164.0,156.0,,,,-62.0,-48.0,-56.0,,,,-4.88,,,,-4.88,-16.67,,,,-16.67,1년치 존재,1,,3.15,-36.4,42243.0,down,46.9,1676.0,1220.0,up,bear,,,,,KOSDAQ,1466,396,28919,0.7,양방향미디어와서비스
376980,원티드랩,397.0,367.0,382.0,,,,16.0,-8.0,10.0,,,,4.09,,,,4.09,225.0,,,,225.0,1년치 존재,1,72.7,2.68,3.42,487954.0,up,67.9,4135.0,3250.0,up,bull,,,,,KOSDAQ,4000,391,236361,0.5,상업서비스와공급품
99390,브레인즈컴퍼니,258.0,266.0,251.0,,,,33.0,36.0,21.0,,,,-5.64,,,,-5.64,-41.67,,,,-41.67,1년치 존재,1,12.01,1.25,9.81,48996.0,up,56.9,4845.0,3915.0,up,bull,,,,,KOSDAQ,4710,387,11154,0.2,소프트웨어
50120,ES큐브,633.0,162.0,139.0,,,,108.0,-37.0,-128.0,,,,-14.2,,,,-14.2,-245.95,,,,-245.95,1년치 존재,1,,0.48,-2.32,55699.0,up,52.8,3190.0,2270.0,up,bear,,,,,KOSDAQ,2860,388,7739,0.1,레저용장비와제품
262840,아이퀘스트,401.0,406.0,436.0,,,,36.0,34.0,43.0,,,,7.39,,,,7.39,26.47,,,,26.47,1년치 존재,1,17.27,1.17,11.15,,,,,,,,,,,,KOSDAQ,1780,376,0,,소프트웨어
59100,아이컴포넌트,273.0,371.0,346.0,,,,-22.0,26.0,60.0,,,,-6.74,,,,-6.74,130.77,,,,130.77,1년치 존재,1,,1.5,14.37,43244.0,down,50.8,7290.0,4890.0,mixed,bull,,,,,KOSDAQ,5450,385,23236,0.5,디스플레이장비및부품
263920,휴엠앤씨,484.0,472.0,523.0,,,,48.0,49.0,25.0,,,,10.81,,,,10.81,-48.98,,,,-48.98,1년치 존재,1,5.35,1.37,3.51,8748.0,down,42.4,4415.0,3700.0,down,bear,,,,,KOSDAQ,3895,382,16685,1.9,포장재
353590,오토앤,604.0,572.0,591.0,,,,-28.0,-33.0,8.0,,,,3.32,,,,3.32,124.24,,,,124.24,1년치 존재,1,,3.42,-24.58,22303.0,up,53.8,3440.0,2500.0,mixed,bull,,,,,KOSDAQ,2995,386,13642,0.6,자동차부품
464580,닷밀,188.0,236.0,338.0,,,,8.0,10.0,1.0,,,,43.22,,,,43.22,-90.0,,,,-90.0,1년치 존재,1,44.06,1.14,2.35,44044.0,up,50.5,2675.0,1920.0,mixed,bull,,,,,KOSDAQ,2120,390,47254,1.1,방송과엔터테인먼트
21650,한국큐빅,2521.0,2521.0,2272.0,,,,106.0,114.0,79.0,,,,-9.88,,,,-9.88,-30.7,,,,-30.7,1년치 존재,1,5.64,0.54,4.78,20345.0,up,54.0,2405.0,2155.0,mixed,bull,,,,,KOSDAQ,2330,381,12418,0.6,자동차부품
56730,CNT85,502.0,670.0,475.0,,,,9.0,-14.0,-113.0,,,,-29.1,,,,-29.1,-707.14,,,,-707.14,1년치 존재,1,6.87,1.36,-19.54,155603.0,down,64.4,559.0,439.0,,bull,,,,,KOSDAQ,514,381,0,,건설
317120,라닉스,115.0,77.0,75.0,,,,-30.0,-54.0,-61.0,,,,-2.6,,,,-2.6,-12.96,,,,-12.96,1년치 존재,1,,4.33,-38.04,2513317.0,up,52.5,3205.0,1641.0,up,bear,,,,,KOSDAQ,2475,378,367811,0.1,통신장비
130500,GH신소재,828.0,837.0,876.0,,,,45.0,77.0,68.0,,,,4.66,,,,4.66,-11.69,,,,-11.69,1년치 존재,1,19.74,0.54,-5.94,49551.0,down,52.7,2830.0,2340.0,up,bear_cross,,,,,KOSDAQ,2590,377,23303,0.5,자동차부품
1810,무림SP,1621.0,1769.0,2057.0,,,,-73.0,7.0,18.0,,,,16.28,,,,16.28,157.14,,,,157.14,1년치 존재,1,,0.21,-0.86,844046.0,up,52.4,2180.0,1321.0,mixed,bear,,,,,KOSDAQ,1699,376,90927,0.1,종이와목재
438700,버넥트,65.0,46.0,31.0,,,,-113.0,-127.0,-85.0,,,,-32.61,,,,-32.61,33.07,,,,33.07,1년치 존재,1,,2.25,-16.04,30091.0,up,55.6,3925.0,2915.0,mixed,bull,,,,,KOSDAQ,3360,374,134542,4.5,소프트웨어
66900,디에이피,4035.0,4888.0,5432.0,,,,-131.0,-304.0,-578.0,,,,11.13,,,,11.13,-90.13,,,,-90.13,1년치 존재,1,,0.53,-145.63,15772.0,up,61.9,1975.0,1358.0,mixed,bull,,,,,KOSDAQ,1648,375,13828,0.9,전자장비와기기
94860,네오리진,185.0,350.0,310.0,,,,-26.0,-60.0,-46.0,,,,-11.43,,,,-11.43,23.33,,,,23.33,1년치 존재,1,,1.39,-41.8,454909.0,up,61.7,1527.0,1134.0,up,bull,,,,,KOSDAQ,1489,374,235062,0.5,게임엔터테인먼트
51380,피씨디렉트,3047.0,3338.0,3730.0,,,,33.0,19.0,43.0,,,,11.74,,,,11.74,126.32,,,,126.32,1년치 존재,1,89.55,1.6,6.49,208490.0,up,64.2,2430.0,1669.0,up,bull,,,,,KOSDAQ,2420,371,671150,3.2,컴퓨터와주변기기
424760,벨로크,264.0,309.0,354.0,,,,-4.0,-20.0,9.0,,,,14.56,,,,14.56,145.0,,,,145.0,1년치 존재,1,,1.12,8.09,3384933.0,down,62.2,2370.0,887.0,,bull,,,,,KOSDAQ,1887,373,0,,IT서비스
274400,이노시뮬레이션,195.0,93.0,143.0,,,,-2.0,-48.0,-20.0,,,,53.76,,,,53.76,58.33,,,,58.33,1년치 존재,1,,4.6,-8.02,19935.0,up,55.6,4255.0,3020.0,up,bear,,,,,KOSDAQ,4060,369,7172,0.4,소프트웨어
146060,율촌,726.0,782.0,793.0,,,,41.0,52.0,51.0,,,,1.41,,,,1.41,-1.92,,,,-1.92,1년치 존재,1,,1.18,6.49,176766.0,up,46.6,2055.0,1417.0,mixed,bull,,,,,KOSDAQ,1536,369,77521,0.4,자동차부품
342870,오아,889.0,969.0,1033.0,1247.0,,,53.0,95.0,82.0,134.0,,,6.6,20.72,,,20.72,-13.68,63.41,,,63.41,2년치 존재,2,,0.8,-9.73,11090.0,up,55.6,7790.0,6160.0,mixed,bull,,,,,KOSDAQ,6810,371,11597,1.0,가정용기기와용품
38880,아이에이,592.0,507.0,412.0,,,,-102.0,-64.0,-73.0,,,,-18.74,,,,-18.74,-14.06,,,,-14.06,1년치 존재,1,,1.69,-56.09,2053438.0,up,77.5,1231.0,119.0,,bull,,,,,KOSDAQ,977,367,930891,0.5,자동차부품
303530,이노뎁,840.0,868.0,707.0,,,,6.0,-19.0,-29.0,,,,-18.55,,,,-18.55,-52.63,,,,-52.63,1년치 존재,1,77.47,1.97,-8.4,215005.0,down,57.8,5650.0,3960.0,up,bull,,,,,KOSDAQ,5000,367,31482,0.1,IT서비스
71850,캐스텍코리아,1729.0,1585.0,1553.0,,,,-92.0,-100.0,-63.0,,,,-2.02,,,,-2.02,37.0,,,,37.0,1년치 존재,1,,0.56,-31.63,12902.0,up,48.4,1574.0,1445.0,mixed,bear,,,,,KOSDAQ,1503,365,31776,2.5,자동차부품
377030,비트맥스,18.0,372.0,272.0,,,,-165.0,-185.0,-109.0,,,,-26.88,,,,-26.88,41.08,,,,41.08,1년치 존재,1,,1.34,-774.04,589182.0,up,87.6,3430.0,626.0,,bull,,,,,KOSDAQ,3430,367,398186,0.7,IT서비스
196490,디에이테크놀로지,895.0,417.0,333.0,,,,-445.0,-165.0,-65.0,,,,-20.14,,,,-20.14,60.61,,,,60.61,1년치 존재,1,,2.02,93.93,,,,,,,,,,,,KOSDAQ,203,362,0,,전기제품
45510,정원엔시스,1798.0,1945.0,2009.0,,,,28.0,16.0,19.0,,,,3.29,,,,3.29,18.75,,,,18.75,1년치 존재,1,24.43,0.94,2.53,1342015.0,down,53.1,1686.0,700.0,up,bear_cross,,,,,KOSDAQ,1166,376,1258332,0.9,IT서비스
462310,뉴키즈온,459.0,504.0,490.0,,,,26.0,45.0,7.0,,,,-2.78,,,,-2.78,-84.44,,,,-84.44,1년치 존재,1,,0.78,-10.27,24509.0,up,53.5,4640.0,3630.0,up,bear_cross,,,,,KOSDAQ,4450,364,40430,1.6,"섬유,의류,신발,호화품"
301300,바이브컴퍼니,300.0,263.0,190.0,,,,-92.0,-60.0,-38.0,,,,-27.76,,,,-27.76,36.67,,,,36.67,1년치 존재,1,2.65,1.29,-35.34,38062.0,down,58.5,3185.0,2100.0,mixed,bull,,,,,KOSDAQ,2770,364,43441,1.1,소프트웨어
53290,NE능률,792.0,717.0,627.0,,,,11.0,-10.0,11.0,,,,-12.55,,,,-12.55,210.0,,,,210.0,1년치 존재,1,77.74,0.97,-0.48,58500.0,down,48.7,2445.0,1820.0,mixed,bear,,,,,KOSDAQ,2200,364,38964,0.7,교육서비스
177830,파버나인,1207.0,1328.0,1325.0,,,,17.0,81.0,26.0,,,,-0.23,,,,-0.23,-67.9,,,,-67.9,1년치 존재,1,338.03,0.58,-4.83,32178.0,up,44.4,2920.0,2650.0,mixed,bear,,,,,KOSDAQ,2760,372,23404,0.7,비철금속
187220,디티앤씨,967.0,1119.0,1258.0,,,,-207.0,-57.0,-6.0,,,,12.42,,,,12.42,89.47,,,,89.47,1년치 존재,1,,0.94,2.27,60018.0,up,53.4,3375.0,2285.0,up,bear,,,,,KOSDAQ,3160,364,36861,0.6,전자장비와기기
284620,카이노스메드,3.0,6.0,12.0,,,,-168.0,-123.0,-64.0,,,,100.0,,,,100.0,47.97,,,,47.97,1년치 존재,1,,10.26,-530.5,,,,,,,,,,,,KOSDAQ,1087,360,0,,제약
44480,빌리언스,290.0,417.0,253.0,,,,-6.0,-11.0,-8.0,,,,-39.33,,,,-39.33,27.27,,,,27.27,1년치 존재,1,,2.51,-30.63,,,,,,,,,,,,KOSDAQ,445,359,0,,방송과엔터테인먼트
291230,엔피,353.0,296.0,272.0,,,,-37.0,-41.0,-30.0,,,,-8.11,,,,-8.11,26.83,,,,26.83,1년치 존재,1,,4.71,-13.76,1111361.0,down,48.9,1025.0,585.0,mixed,bear,,,,,KOSDAQ,823,363,132859,0.1,광고
60540,에스에이티,1522.0,1551.0,1597.0,,,,47.0,34.0,39.0,,,,2.97,,,,2.97,14.71,,,,14.71,1년치 존재,1,43.28,0.7,0.77,61538.0,up,59.4,1406.0,1192.0,up,bull,,,,,KOSDAQ,1387,362,74903,1.2,핸드셋
38530,케이바이오랩스,273.0,765.0,873.0,,,,-6.0,8.0,15.0,,,,14.12,,,,14.12,87.5,,,,87.5,1년치 존재,1,,0.51,-5.84,,,,,,,,,,,,KOSDAQ,310,359,0,,IT서비스
142760,모아라이프플러스,182.0,156.0,112.0,,,,-52.0,-55.0,-65.0,,,,-28.21,,,,-28.21,-18.18,,,,-18.18,1년치 존재,1,8.54,2.08,-38.46,378568.0,down,39.0,1644.0,622.0,down,bear,,,,,KOSDAQ,859,362,199889,0.5,제약
68940,셀피글로벌,345.0,337.0,355.0,,,,21.0,-17.0,-34.0,,,,5.34,,,,5.34,-100.0,,,,-100.0,1년치 존재,1,126.85,1.57,-75.41,,,,,,,,,,,,KOSDAQ,778,357,0,,상업서비스와공급품
115610,이미지스,161.0,130.0,132.0,,,,-23.0,-52.0,-20.0,,,,1.54,,,,1.54,61.54,,,,61.54,1년치 존재,1,,10.09,-23.73,541052.0,up,81.5,3065.0,1203.0,,bull,,,,,KOSDAQ,3065,362,4182017,7.7,핸드셋
225220,제놀루션,98.0,71.0,94.0,,,,-71.0,-92.0,-86.0,,,,32.39,,,,32.39,6.52,,,,6.52,1년치 존재,1,,0.79,-15.66,166315.0,down,49.2,2045.0,1616.0,up,bear,,,,,KOSDAQ,1888,362,181872,1.1,건강관리장비와용품
17000,신원종합개발,3098.0,2598.0,2113.0,,,,31.0,150.0,86.0,,,,-18.67,,,,-18.67,-42.67,,,,-42.67,1년치 존재,1,5.02,0.39,4.43,99966.0,down,48.9,3565.0,2735.0,up,bear_cross,,,,,KOSDAQ,3135,366,34844,0.3,건설
49120,파인디앤씨,435.0,650.0,658.0,,,,-96.0,-7.0,-41.0,,,,1.23,,,,1.23,-485.71,,,,-485.71,1년치 존재,1,,1.28,-50.63,,,,,,,,,,,,KOSDAQ,680,360,0,,디스플레이장비및부품
123840,뉴온,44.0,105.0,482.0,,,,-91.0,-98.0,-134.0,,,,359.05,,,,359.05,-36.73,,,,-36.73,1년치 존재,1,,1.18,-39.37,,,,,,,,,,,,KOSDAQ,555,353,0,,건강관리업체및서비스
900340,윙입푸드,1749.0,1969.0,,,,,243.0,204.0,,,,,,,,,,,,,,,0년치 존재,0,2.96,0.29,3.04,263238.0,up,64.5,737.0,601.0,mixed,bull,,,,,KOSDAQ,707,356,214559,0.8,식품
263050,유틸렉스,1.0,95.0,103.0,,,,-298.0,-265.0,-189.0,,,,8.42,,,,8.42,28.68,,,,28.68,1년치 존재,1,,2.06,-86.65,,,,,,,,,,,,KOSDAQ,959,353,0,,생물공학
431190,케이쓰리아이,131.0,139.0,166.0,,,,11.0,-37.0,-35.0,,,,19.42,,,,19.42,5.41,,,,5.41,1년치 존재,1,,1.04,-11.96,120610.0,up,59.5,5380.0,3880.0,mixed,bull,,,,,KOSDAQ,4730,354,50028,0.4,IT서비스
131220,대한과학,737.0,717.0,811.0,,,,62.0,42.0,55.0,,,,13.11,,,,13.11,30.95,,,,30.95,1년치 존재,1,12.17,1.19,7.53,23253.0,down,55.1,4950.0,4300.0,up,bull,,,,,KOSDAQ,4745,354,22333,1.0,생명과학도구및서비스
303030,지니틱스,331.0,541.0,364.0,,,,-60.0,3.0,-86.0,,,,-32.72,,,,-32.72,-2966.67,,,,-2966.67,1년치 존재,1,,3.52,-74.01,,,,,,,,,,,,KOSDAQ,748,342,0,,반도체와반도체장비
208710,포톤,1235.0,1357.0,1287.0,,,,-33.0,-34.0,-0.0,,,,-5.16,,,,-5.16,100.0,,,,100.0,1년치 존재,1,,0.9,-12.54,1450295.0,up,52.8,3490.0,1820.0,up,bear,,,,,KOSDAQ,2695,355,127349,0.1,핸드셋
377220,프롬바이오,667.0,672.0,722.0,,,,-154.0,-243.0,-186.0,,,,7.44,,,,7.44,23.46,,,,23.46,1년치 존재,1,,1.13,-57.38,146104.0,down,45.3,1680.0,1076.0,mixed,bull,,,,,KOSDAQ,1269,359,118514,0.8,건강관리업체및서비스
16100,리더스코스메틱,693.0,735.0,683.0,,,,-43.0,-29.0,-71.0,,,,-7.07,,,,-7.07,-144.83,,,,-144.83,1년치 존재,1,176.0,0.9,-25.26,212429.0,up,66.3,1954.0,1330.0,up,bull,,,,,KOSDAQ,1850,353,66337,0.3,포장재
38950,파인디지털,877.0,708.0,629.0,,,,-7.0,-46.0,-46.0,,,,-11.16,,,,-11.16,0.0,,,,0.0,1년치 존재,1,23.88,0.43,-1.23,7336.0,down,55.3,3635.0,2855.0,up,bull,,,,,KOSDAQ,3455,353,6364,0.9,전자제품
252500,세화피앤씨,412.0,439.0,376.0,,,,20.0,27.0,6.0,,,,-14.35,,,,-14.35,-77.78,,,,-77.78,1년치 존재,1,13.73,0.97,2.88,163552.0,up,59.2,838.0,737.0,up,bull,,,,,KOSDAQ,835,346,74870,0.5,화장품
27580,상보,662.0,538.0,501.0,,,,23.0,-80.0,-89.0,,,,-6.88,,,,-6.88,-11.25,,,,-11.25,1년치 존재,1,224.46,1.52,-27.33,558056.0,down,46.9,813.0,515.0,,bull,,,,,KOSDAQ,598,354,0,,화학
48470,대동스틸,1376.0,1397.0,1192.0,,,,-24.0,-20.0,-12.0,,,,-14.67,,,,-14.67,40.0,,,,40.0,1년치 존재,1,,0.56,0.39,785680.0,up,56.2,4000.0,2805.0,up,bull,,,,,KOSDAQ,3625,350,457560,0.6,철강
210120,캔버스엔,175.0,96.0,40.0,,,,-5.0,-51.0,-15.0,,,,-58.33,,,,-58.33,70.59,,,,70.59,1년치 존재,1,,1.89,-63.72,386128.0,down,40.6,1930.0,1148.0,down,bear_cross,,,,,KOSDAQ,1446,350,176670,0.5,방송과엔터테인먼트
79170,한창산업,670.0,946.0,986.0,,,,16.0,88.0,79.0,,,,4.23,,,,4.23,-10.23,,,,-10.23,1년치 존재,1,27.63,0.69,9.54,54906.0,down,59.2,6900.0,6270.0,up,bull,,,,,KOSDAQ,6770,352,15805,0.3,비철금속
138070,신진에스엠,597.0,546.0,544.0,,,,40.0,13.0,-4.0,,,,-0.37,,,,-0.37,-130.77,,,,-130.77,1년치 존재,1,12.43,0.62,-0.49,46381.0,up,70.0,2045.0,1704.0,mixed,bull,,,,,KOSDAQ,1966,344,96530,2.1,기계
900310,컬러레이,464.0,436.0,,,,,57.0,2.0,,,,,,,,,,,,,,,0년치 존재,0,6.14,0.32,0.33,224297.0,up,68.0,598.0,457.0,mixed,bull,,,,,KOSDAQ,539,345,107899,0.5,화장품
333050,이노테나,246.0,280.0,300.0,,,,7.0,20.0,20.0,,,,7.14,,,,7.14,0.0,,,,0.0,1년치 존재,1,29.53,1.55,9.71,579118.0,up,57.0,1501.0,1020.0,,bull,,,,,KOSDAQ,1393,343,0,,IT서비스
54220,비츠로시스,196.0,257.0,448.0,,,,-71.0,-61.0,1.0,,,,74.32,,,,74.32,101.64,,,,101.64,1년치 존재,1,,1.63,8.29,1100324.0,up,50.3,929.0,424.0,,bull,,,,,KOSDAQ,548,340,0,,IT서비스
89140,넥스턴앤롤코리아,413.0,316.0,704.0,,,,13.0,-12.0,23.0,,,,122.78,,,,122.78,291.67,,,,291.67,1년치 존재,1,5.08,0.38,-7.13,41144.0,up,50.2,2995.0,2060.0,mixed,bull,,,,,KOSDAQ,2215,339,37085,0.9,기계
397810,애드포러스,328.0,317.0,306.0,,,,16.0,31.0,24.0,,,,-3.47,,,,-3.47,-22.58,,,,-22.58,1년치 존재,1,,0.75,-7.4,91045.0,up,52.2,7590.0,6000.0,mixed,bull,,,,,KOSDAQ,6560,339,14958,0.2,광고
405920,나라셀라,853.0,827.0,821.0,,,,2.0,-35.0,10.0,,,,-0.73,,,,-0.73,128.57,,,,128.57,1년치 존재,1,,1.11,0.13,17397.0,down,53.6,2695.0,2235.0,up,bear,,,,,KOSDAQ,2630,339,3093,0.2,음료
45300,성우테크론,338.0,417.0,409.0,,,,-8.0,12.0,20.0,,,,-1.92,,,,-1.92,66.67,,,,66.67,1년치 존재,1,,0.59,6.58,49573.0,up,60.5,3285.0,2675.0,up,bull,,,,,KOSDAQ,3195,337,25189,0.5,반도체와반도체장비
109960,앱토크롬,160.0,164.0,98.0,,,,2.0,10.0,-23.0,,,,-40.24,,,,-40.24,-330.0,,,,-330.0,1년치 존재,1,9.69,0.31,-1.83,1087604.0,down,38.6,247.0,150.0,down,bear,,,,,KOSDAQ,153,338,1080669,1.0,제약
310870,디와이씨,1224.0,1001.0,1110.0,,,,91.0,49.0,51.0,,,,10.89,,,,10.89,4.08,,,,4.08,1년치 존재,1,8.05,0.69,7.02,565169.0,down,44.8,1830.0,1171.0,mixed,bear,,,,,KOSDAQ,1618,335,322,0.0,자동차부품
367000,플래티어,333.0,298.0,389.0,,,,-45.0,-70.0,-45.0,,,,30.54,,,,30.54,35.71,,,,35.71,1년치 존재,1,,1.67,-17.98,7684.0,down,46.0,4235.0,3515.0,up,bear,,,,,KOSDAQ,4000,336,7397,1.0,IT서비스
115480,씨유메디칼,418.0,406.0,482.0,,,,49.0,78.0,108.0,,,,18.72,,,,18.72,38.46,,,,38.46,1년치 존재,1,,0.76,1.38,568491.0,up,52.9,644.0,469.0,,bull,,,,,KOSDAQ,548,332,0,,건강관리장비와용품
198940,한주라이트메탈,2210.0,2508.0,2595.0,,,,-136.0,-87.0,13.0,,,,3.47,,,,3.47,114.94,,,,114.94,1년치 존재,1,,2.25,-5.77,1236681.0,up,73.1,861.0,592.0,,bull_cross,,,,,KOSDAQ,861,335,0,,자동차부품
27040,서울전자통신,346.0,358.0,337.0,,,,-38.0,-22.0,-16.0,,,,-5.87,,,,-5.87,27.27,,,,27.27,1년치 존재,1,,0.71,-44.97,13174404.0,down,47.6,981.0,204.0,,bear,,,,,KOSDAQ,480,334,0,,전자장비와기기
24940,PN풍년,572.0,549.0,560.0,,,,21.0,9.0,16.0,,,,2.0,,,,2.0,77.78,,,,77.78,1년치 존재,1,40.94,1.74,5.69,134575.0,down,31.3,5260.0,3270.0,down,bull,,,,,KOSDAQ,3305,330,107546,0.8,가정용기기와용품
47080,한빛소프트,259.0,333.0,379.0,,,,-65.0,-14.0,3.0,,,,13.81,,,,13.81,121.43,,,,121.43,1년치 존재,1,,7.03,35.51,170173.0,up,56.9,1359.0,1073.0,up,bear,,,,,KOSDAQ,1323,328,241490,1.4,게임엔터테인먼트
18680,서울제약,525.0,536.0,521.0,,,,12.0,15.0,-13.0,,,,-2.8,,,,-2.8,-186.67,,,,-186.67,1년치 존재,1,12.7,1.16,1.86,10840.0,down,53.8,2925.0,2400.0,up,bear,,,,,KOSDAQ,2840,331,18123,1.7,제약
85810,알티캐스트,57.0,57.0,532.0,,,,-38.0,-40.0,32.0,,,,833.33,,,,833.33,180.0,,,,180.0,1년치 존재,1,,0.28,-1.86,180165.0,up,95.1,2505.0,420.0,,bull,,,,,KOSDAQ,2505,328,126966,0.7,건설
69140,누리플랜,1222.0,1161.0,1176.0,,,,-246.0,41.0,48.0,,,,1.29,,,,1.29,17.07,,,,17.07,1년치 존재,1,,0.65,0.54,103995.0,up,51.6,3060.0,1983.0,mixed,bull,,,,,KOSDAQ,2165,327,51356,0.5,건설
33050,제이엠아이,746.0,804.0,898.0,,,,44.0,40.0,41.0,,,,11.69,,,,11.69,2.5,,,,2.5,1년치 존재,1,15.28,0.71,5.98,83208.0,up,56.3,1108.0,828.0,up,bull,,,,,KOSDAQ,1025,334,89872,1.1,상업서비스와공급품
32750,삼진,1564.0,1592.0,1483.0,,,,19.0,72.0,58.0,,,,-6.85,,,,-6.85,-19.44,,,,-19.44,1년치 존재,1,434.25,0.55,3.58,57138.0,down,56.1,3690.0,3100.0,up,bear,,,,,KOSDAQ,3605,326,15532,0.3,전자제품
900070,글로벌에스엠,1110.0,1232.0,,,,,36.0,56.0,,,,,,,,,,,,,,,0년치 존재,0,6.33,,2.73,742354.0,up,60.3,696.0,421.0,,bull,,,,,KOSDAQ,610,328,0,,자동차부품
23790,동일스틸럭스,215.0,166.0,240.0,,,,-33.0,-18.0,-26.0,,,,44.58,,,,44.58,-44.44,,,,-44.44,1년치 존재,1,,1.99,-33.5,5395217.0,up,59.0,1404.0,881.0,,bull,,,,,KOSDAQ,1249,326,0,,철강
39740,한국정보공학,1156.0,1941.0,1463.0,,,,1.0,6.0,4.0,,,,-24.63,,,,-24.63,-33.33,,,,-33.33,1년치 존재,1,14.67,0.64,4.23,58097.0,down,54.2,4520.0,2790.0,up,bear,,,,,KOSDAQ,4070,326,30472,0.5,판매업체
63760,이엘피,214.0,280.0,273.0,,,,-56.0,-42.0,23.0,,,,-2.5,,,,-2.5,154.76,,,,154.76,1년치 존재,1,57.88,0.48,4.1,138739.0,down,61.6,3630.0,2390.0,up,bear,,,,,KOSDAQ,3475,324,80428,0.6,디스플레이장비및부품
8470,부스타,1011.0,1062.0,1208.0,,,,15.0,2.0,18.0,,,,13.75,,,,13.75,800.0,,,,800.0,1년치 존재,1,27.44,0.49,1.97,13762.0,down,40.8,4030.0,3595.0,mixed,bear,,,,,KOSDAQ,3870,325,9601,0.7,기계
148930,에이치와이티씨,406.0,323.0,301.0,,,,36.0,4.0,-32.0,,,,-6.81,,,,-6.81,-900.0,,,,-900.0,1년치 존재,1,12.15,1.12,5.47,40441.0,up,60.0,3280.0,2710.0,up,bull,,,,,KOSDAQ,3195,325,40376,1.0,전기제품
96690,에이루트,622.0,686.0,506.0,,,,-71.0,-208.0,-109.0,,,,-26.24,,,,-26.24,47.6,,,,47.6,1년치 존재,1,,0.61,-15.72,100247.0,up,58.5,1900.0,1114.0,,bull,,,,,KOSDAQ,1337,323,0,,컴퓨터와주변기기
131090,시큐브,144.0,121.0,134.0,,,,45.0,34.0,43.0,,,,10.74,,,,10.74,26.47,,,,26.47,1년치 존재,1,7.82,0.9,9.84,154005.0,down,52.5,4580.0,3720.0,up,bear,,,,,KOSDAQ,4200,322,29231,0.2,소프트웨어
60380,동양에스텍,2105.0,1910.0,1978.0,,,,60.0,32.0,18.0,,,,3.56,,,,3.56,-43.75,,,,-43.75,1년치 존재,1,9.59,0.5,1.2,157734.0,up,76.0,1631.0,1287.0,up,bull,,,,,KOSDAQ,1631,321,1809,0.0,철강
236810,엔비티,1067.0,1051.0,923.0,,,,-19.0,-33.0,-65.0,,,,-12.18,,,,-12.18,-96.97,,,,-96.97,1년치 존재,1,,3.88,-19.67,58682.0,down,52.9,2065.0,1730.0,up,bull,,,,,KOSDAQ,1965,334,29854,0.5,광고
19570,플루토스,70.0,103.0,129.0,,,,-103.0,13.0,33.0,,,,25.24,,,,25.24,153.85,,,,153.85,1년치 존재,1,,1.1,7.29,5951845.0,up,57.6,728.0,248.0,up,bull,,,,,KOSDAQ,469,318,1302,0.0,창업투자
377330,이지트로닉스,352.0,365.0,132.0,,,,-40.0,-40.0,-186.0,,,,-63.84,,,,-63.84,-365.0,,,,-365.0,1년치 존재,1,,1.16,-27.51,52948.0,up,61.0,4170.0,2645.0,up,bull,,,,,KOSDAQ,3945,321,105076,2.0,전기제품
67730,로지시스,365.0,429.0,485.0,,,,5.0,24.0,29.0,,,,13.05,,,,13.05,20.83,,,,20.83,1년치 존재,1,67.77,2.05,16.63,871856.0,up,53.1,4115.0,2245.0,up,bear,,,,,KOSDAQ,3265,316,168069,0.2,IT서비스
19660,글로본,203.0,173.0,129.0,,,,-40.0,2.0,-48.0,,,,-25.43,,,,-25.43,-2500.0,,,,-2500.0,1년치 존재,1,,3.32,-52.48,164304.0,down,43.6,2860.0,2025.0,mixed,bear,,,,,KOSDAQ,2270,317,30717,0.2,판매업체
335870,윙스풋,516.0,465.0,420.0,,,,40.0,19.0,-28.0,,,,-9.68,,,,-9.68,-247.37,,,,-247.37,1년치 존재,1,8.12,0.92,-5.65,27648.0,down,41.3,2250.0,1748.0,down,bear,,,,,KOSDAQ,1876,314,31906,1.2,"섬유,의류,신발,호화품"
258830,세종메디칼,180.0,190.0,185.0,,,,22.0,-5.0,23.0,,,,-2.63,,,,-2.63,560.0,,,,560.0,1년치 존재,1,,6.44,-0.11,,,,,,,,,,,,KOSDAQ,412,312,0,,건강관리장비와용품
39310,세중,363.0,373.0,356.0,,,,12.0,4.0,-10.0,,,,-4.56,,,,-4.56,-350.0,,,,-350.0,1년치 존재,1,3.12,0.42,-2.73,318691.0,up,51.3,2500.0,1256.0,up,bull,,,,,KOSDAQ,1780,323,242621,0.8,소프트웨어
68100,케이웨더,164.0,156.0,177.0,,,,-25.0,-21.0,-17.0,,,,13.46,,,,13.46,19.05,,,,19.05,1년치 존재,1,,2.24,-14.21,20526.0,down,36.9,3315.0,2515.0,down,bear_cross,,,,,KOSDAQ,2600,310,93125,4.5,IT서비스
80470,성창오토텍,1693.0,1944.0,2435.0,,,,41.0,63.0,116.0,,,,25.26,,,,25.26,84.13,,,,84.13,1년치 존재,1,6.68,0.76,14.99,21040.0,down,62.0,4695.0,3750.0,mixed,bull,,,,,KOSDAQ,4295,314,28295,1.3,자동차부품
304840,피플바이오,45.0,25.0,29.0,,,,-152.0,-86.0,-84.0,,,,16.0,,,,16.0,2.33,,,,2.33,1년치 존재,1,,3.49,-84.91,1625309.0,up,56.6,1500.0,671.0,up,bear_cross,,,,,KOSDAQ,1329,312,154020,0.1,건강관리장비와용품
91340,S&K폴리텍,2511.0,3301.0,3102.0,,,,28.0,152.0,157.0,,,,-6.03,,,,-6.03,3.29,,,,3.29,1년치 존재,1,,0.39,3.43,62088.0,up,58.6,2680.0,2065.0,up,bear,,,,,KOSDAQ,2630,308,42798,0.7,전자장비와기기
246250,에스엘에스바이오,90.0,84.0,40.0,,,,10.0,3.0,-41.0,,,,-52.38,,,,-52.38,-1466.67,,,,-1466.67,1년치 존재,1,25.34,2.94,-48.68,,,,,,,,,,,,KOSDAQ,1969,302,0,,제약
101000,KS인더스트리,241.0,247.0,394.0,,,,-12.0,-7.0,-46.0,,,,59.51,,,,59.51,-557.14,,,,-557.14,1년치 존재,1,10.78,2.57,-20.2,523552.0,down,36.5,1321.0,782.0,down,bear,,,,,KOSDAQ,808,320,148832,0.3,조선
432980,엠에프씨,173.0,206.0,208.0,,,,7.0,15.0,3.0,,,,0.97,,,,0.97,-80.0,,,,-80.0,1년치 존재,1,,0.97,2.82,20097.0,down,52.7,3765.0,3300.0,up,bear,,,,,KOSDAQ,3600,309,14205,0.7,제약
457600,벡트,689.0,647.0,445.0,,,,40.0,-13.0,-34.0,,,,-31.22,,,,-31.22,-161.54,,,,-161.54,1년치 존재,1,,1.72,-22.56,47905.0,up,57.9,2340.0,1747.0,mixed,bull,,,,,KOSDAQ,2260,310,101101,2.1,교육서비스
188040,바이오포트,687.0,733.0,709.0,,,,49.0,52.0,8.0,,,,-3.27,,,,-3.27,-84.62,,,,-84.62,1년치 존재,1,,0.74,-4.06,24428.0,up,62.2,7240.0,5420.0,mixed,bull,,,,,KOSDAQ,6500,304,21491,0.9,식품
191410,육일씨엔에쓰,290.0,337.0,448.0,,,,9.0,-10.0,-15.0,,,,32.94,,,,32.94,-50.0,,,,-50.0,1년치 존재,1,,1.31,7.31,474255.0,up,49.3,4700.0,2225.0,mixed,bull,,,,,KOSDAQ,2735,306,96305,0.2,디스플레이패널
42040,케이피엠테크,455.0,286.0,769.0,,,,-145.0,-46.0,-172.0,,,,168.88,,,,168.88,-273.91,,,,-273.91,1년치 존재,1,13.3,0.64,-22.28,1530295.0,down,96.4,1227.0,134.0,,bull_cross,,,,,KOSDAQ,1227,303,844719,0.6,화학
328380,솔트웨어,493.0,579.0,637.0,,,,-1.0,-17.0,6.0,,,,10.02,,,,10.02,135.29,,,,135.29,1년치 존재,1,65.73,2.17,3.66,132695.0,up,65.7,1005.0,681.0,,bull,,,,,KOSDAQ,885,303,0,,IT서비스
103230,에스앤더블류,436.0,471.0,488.0,,,,32.0,35.0,9.0,,,,3.61,,,,3.61,-74.29,,,,-74.29,1년치 존재,1,8.37,0.64,7.03,305651.0,down,74.5,4200.0,3360.0,up,bull,,,,,KOSDAQ,4200,302,112246,0.4,조선
224060,더코디,202.0,271.0,253.0,,,,-104.0,2.0,-8.0,,,,-6.64,,,,-6.64,-500.0,,,,-500.0,1년치 존재,1,,0.63,22.85,108380.0,up,52.2,7110.0,2850.0,up,bull,,,,,KOSDAQ,5850,302,31682,0.3,건축자재
196700,웹스,362.0,341.0,432.0,,,,26.0,31.0,56.0,,,,26.69,,,,26.69,80.65,,,,80.65,1년치 존재,1,27.35,0.8,10.59,155520.0,down,48.5,2960.0,1853.0,mixed,bull,,,,,KOSDAQ,2095,301,95027,0.6,화학
227610,아우딘퓨쳐스,327.0,347.0,424.0,,,,2.0,-34.0,-18.0,,,,22.19,,,,22.19,47.06,,,,47.06,1년치 존재,1,,2.42,-15.85,512195.0,up,60.6,794.0,605.0,up,bull,,,,,KOSDAQ,794,302,321716,0.6,화장품
83640,인콘,634.0,491.0,508.0,,,,26.0,16.0,17.0,,,,3.46,,,,3.46,6.25,,,,6.25,1년치 존재,1,,0.56,-1.66,,,,,,,,,,,,KOSDAQ,385,299,0,,전자장비와기기
354200,엔젠바이오,44.0,56.0,212.0,,,,-134.0,-126.0,-83.0,,,,278.57,,,,278.57,34.13,,,,34.13,1년치 존재,1,,4.7,-27.75,449048.0,down,21.4,2635.0,1159.0,down,bear,,,,,KOSDAQ,1159,311,569392,1.3,생명과학도구및서비스
139670,키네마스터,168.0,133.0,123.0,,,,19.0,6.0,9.0,,,,-7.52,,,,-7.52,50.0,,,,50.0,1년치 존재,1,25.21,3.97,14.44,40005.0,up,62.9,2320.0,1766.0,mixed,bull,,,,,KOSDAQ,2150,304,48027,1.2,소프트웨어
65770,CS,337.0,372.0,236.0,,,,-16.0,-2.0,-12.0,,,,-36.56,,,,-36.56,-500.0,,,,-500.0,1년치 존재,1,,1.48,-5.54,8213280.0,down,48.1,2935.0,615.0,,bear,,,,,KOSDAQ,1584,307,0,,통신장비
60900,에이전트AI,182.0,118.0,131.0,,,,-48.0,-49.0,-93.0,,,,11.02,,,,11.02,-89.8,,,,-89.8,1년치 존재,1,,0.04,-47.13,10873703.0,up,96.9,7530.0,269.0,,bull,,,,,KOSDAQ,7530,301,1249878,0.1,에너지장비및서비스
372800,아이티아이즈,749.0,796.0,781.0,,,,-64.0,2.0,-54.0,,,,-1.88,,,,-1.88,-2800.0,,,,-2800.0,1년치 존재,1,,2.5,-70.73,27763.0,down,50.0,5890.0,3820.0,mixed,bull,,,,,KOSDAQ,4255,299,11773,0.4,IT서비스
405000,플라즈맵,129.0,101.0,85.0,,,,-206.0,-177.0,-76.0,,,,-15.84,,,,-15.84,57.06,,,,57.06,1년치 존재,1,,10.17,-128.57,8824.0,down,50.6,8480.0,5200.0,up,bear,,,,,KOSDAQ,7690,295,8045,0.9,건강관리장비와용품
362990,드림인사이트,174.0,181.0,200.0,,,,41.0,19.0,-12.0,,,,10.5,,,,10.5,-163.16,,,,-163.16,1년치 존재,1,33.92,0.87,-1.23,174337.0,up,67.5,1777.0,1469.0,up,bull,,,,,KOSDAQ,1765,297,73620,0.4,광고
21040,대호특수강,3006.0,2964.0,2774.0,,,,17.0,27.0,24.0,,,,-6.41,,,,-6.41,-11.11,,,,-11.11,1년치 존재,1,,0.69,-4.08,700996.0,down,59.4,1575.0,1047.0,up,bull,,,,,KOSDAQ,1370,297,308,0.0,철강
109670,씨싸이트,1523.0,1739.0,1697.0,,,,8.0,13.0,2.0,,,,-2.42,,,,-2.42,-84.62,,,,-84.62,1년치 존재,1,,3.46,-2.39,11036.0,down,44.1,6560.0,4710.0,mixed,bull,,,,,KOSDAQ,5050,295,18444,1.7,"섬유,의류,신발,호화품"
44780,에이치케이,666.0,540.0,542.0,,,,8.0,-26.0,-4.0,,,,0.37,,,,0.37,84.62,,,,84.62,1년치 존재,1,17.66,0.55,7.51,1204987.0,down,55.8,1747.0,1231.0,up,bear,,,,,KOSDAQ,1594,295,305890,0.3,기계
32080,아즈텍WB,371.0,354.0,302.0,,,,-1.0,5.0,5.0,,,,-14.69,,,,-14.69,0.0,,,,0.0,1년치 존재,1,,0.32,0.87,29467.0,up,59.8,1422.0,1186.0,up,bull,,,,,KOSDAQ,1363,293,51543,1.7,"섬유,의류,신발,호화품"
31510,오스템,1420.0,1279.0,1285.0,,,,99.0,4.0,41.0,,,,0.47,,,,0.47,925.0,,,,925.0,1년치 존재,1,5.45,0.5,1.4,59955.0,down,48.6,1080.0,996.0,up,bear,,,,,KOSDAQ,1039,291,40311,0.7,자동차부품
52300,오션인더블유,119.0,68.0,76.0,,,,-7.0,-33.0,-25.0,,,,11.76,,,,11.76,24.24,,,,24.24,1년치 존재,1,,0.93,-6.94,,,,,,,,,,,,KOSDAQ,1741,283,0,,건축제품
418620,E8,37.0,23.0,17.0,,,,-52.0,-106.0,-112.0,,,,-26.09,,,,-26.09,-5.66,,,,-5.66,1년치 존재,1,,2.0,-103.48,414309.0,up,61.7,1473.0,1098.0,up,bull,,,,,KOSDAQ,1473,292,279919,0.7,소프트웨어
222980,한국맥널티,784.0,888.0,963.0,,,,-42.0,6.0,-11.0,,,,8.45,,,,8.45,-283.33,,,,-283.33,1년치 존재,1,,1.36,-3.71,11106.0,down,45.0,3020.0,2520.0,mixed,bear_cross,,,,,KOSDAQ,2620,289,9402,0.8,식품
373110,엑셀세라퓨틱스,11.0,19.0,19.0,,,,-87.0,-93.0,-109.0,,,,0.0,,,,0.0,-17.2,,,,-17.2,1년치 존재,1,,4.07,-134.41,326194.0,up,58.8,1912.0,1301.0,up,bull,,,,,KOSDAQ,1679,290,265320,0.8,생물공학
900110,이스트아시아홀딩스,625.0,741.0,,,,,57.0,81.0,,,,,,,,,,,,,,,0년치 존재,0,13.1,0.19,2.1,156206.0,down,43.3,1006.0,736.0,mixed,bull,,,,,KOSDAQ,777,287,130557,0.8,"섬유,의류,신발,호화품"
76080,웰크론한텍,3332.0,2619.0,1667.0,,,,12.0,19.0,-181.0,,,,-36.35,,,,-36.35,-1052.63,,,,-1052.63,1년치 존재,1,,1.18,-122.42,130014.0,down,49.7,1359.0,980.0,up,bear,,,,,KOSDAQ,1265,286,69307,0.5,건설
91970,나노캠텍,424.0,555.0,501.0,,,,-18.0,2.0,-3.0,,,,-9.73,,,,-9.73,-250.0,,,,-250.0,1년치 존재,1,,1.2,-35.9,2876416.0,down,59.6,781.0,480.0,,bull,,,,,KOSDAQ,757,285,0,,화학
36480,대성미생물,256.0,238.0,260.0,,,,-7.0,-16.0,7.0,,,,9.24,,,,9.24,143.75,,,,143.75,1년치 존재,1,,1.11,1.7,22490.0,down,45.9,9880.0,6170.0,mixed,bull,,,,,KOSDAQ,7490,285,18619,0.8,제약
368600,아이씨에이치,432.0,646.0,469.0,,,,-101.0,-32.0,-145.0,,,,-27.4,,,,-27.4,-353.12,,,,-353.12,1년치 존재,1,,1.69,-70.4,1514699.0,up,56.8,1504.0,629.0,up,bear,,,,,KOSDAQ,1168,298,327840,0.2,전자장비와기기
123750,알톤,421.0,282.0,322.0,,,,7.0,-55.0,2.0,,,,14.18,,,,14.18,103.64,,,,103.64,1년치 존재,1,,1.64,1.05,326127.0,up,42.0,3145.0,1945.0,down,bear,,,,,KOSDAQ,2065,285,51214,0.2,레저용장비와제품
32680,소프트센,611.0,599.0,548.0,,,,-14.0,-14.0,-2.0,,,,-8.51,,,,-8.51,85.71,,,,85.71,1년치 존재,1,,1.16,-4.15,1198722.0,up,59.1,328.0,222.0,mixed,bull,,,,,KOSDAQ,268,283,2811177,2.3,IT서비스
101400,엔시트론,359.0,363.0,344.0,,,,4.0,-25.0,-51.0,,,,-5.23,,,,-5.23,-104.0,,,,-104.0,1년치 존재,1,32.31,0.99,-3.32,,,,,,,,,,,,KOSDAQ,392,276,0,,반도체와반도체장비
34940,조아제약,630.0,627.0,593.0,,,,-68.0,-96.0,-66.0,,,,-5.42,,,,-5.42,31.25,,,,31.25,1년치 존재,1,,1.5,-24.14,147676.0,down,50.8,1041.0,800.0,mixed,bull,,,,,KOSDAQ,920,285,76478,0.5,제약
318010,팜스빌,214.0,167.0,127.0,,,,16.0,-3.0,-7.0,,,,-23.95,,,,-23.95,-133.33,,,,-133.33,1년치 존재,1,20.72,1.05,5.39,14903.0,down,55.4,3885.0,3295.0,up,bear,,,,,KOSDAQ,3700,293,6562,0.4,건강관리업체및서비스
16920,카스,1560.0,1560.0,1611.0,,,,50.0,36.0,20.0,,,,3.27,,,,3.27,-44.44,,,,-44.44,1년치 존재,1,22.97,0.57,-2.4,104607.0,up,56.8,1087.0,895.0,up,bear_cross,,,,,KOSDAQ,1061,281,53357,0.5,전자장비와기기
54090,삼진엘앤디,1890.0,1480.0,1363.0,,,,-129.0,-37.0,-20.0,,,,-7.91,,,,-7.91,45.95,,,,45.95,1년치 존재,1,,0.59,-22.72,1434589.0,up,53.9,1330.0,628.0,up,bear,,,,,KOSDAQ,1138,284,433053,0.3,전자장비와기기
355690,에이텀,,204.0,704.0,,,,,-26.0,-65.0,,,,245.1,,,,245.1,-150.0,,,,-150.0,1년치 존재,1,,4.64,-122.92,258560.0,up,52.7,6430.0,4655.0,mixed,bull,,,,,KOSDAQ,5230,283,63293,0.2,전자장비와기기
93380,풍강,973.0,930.0,903.0,,,,52.0,11.0,7.0,,,,-2.9,,,,-2.9,-36.36,,,,-36.36,1년치 존재,1,7.17,0.53,6.03,14966.0,up,63.0,2835.0,2525.0,up,bull,,,,,KOSDAQ,2835,280,28214,1.9,자동차부품
240600,유진테크놀로지,475.0,311.0,287.0,,,,64.0,-39.0,-78.0,,,,-7.72,,,,-7.72,-100.0,,,,-100.0,1년치 존재,1,,1.79,-18.58,95185.0,up,67.5,4250.0,2755.0,up,bull,,,,,KOSDAQ,4000,277,228165,2.4,전기제품
43220,티에스넥스젠,265.0,215.0,145.0,,,,-17.0,-57.0,-59.0,,,,-32.56,,,,-32.56,-3.51,,,,-3.51,1년치 존재,1,1729.06,0.14,-95.65,,,,,,,,,,,,KOSDAQ,1710,272,0,,기계
208350,지란지교시큐리티,353.0,341.0,389.0,,,,18.0,14.0,25.0,,,,14.08,,,,14.08,78.57,,,,78.57,1년치 존재,1,3.18,0.68,3.7,168311.0,up,59.3,3570.0,2615.0,up,bear,,,,,KOSDAQ,3385,274,58748,0.3,소프트웨어
417180,핑거스토리,184.0,184.0,173.0,,,,14.0,15.0,8.0,,,,-5.98,,,,-5.98,-46.67,,,,-46.67,1년치 존재,1,25.74,2.26,12.33,58432.0,up,48.8,1823.0,1490.0,,bull,,,,,KOSDAQ,1579,277,0,,양방향미디어와서비스
312610,에이에프더블류,68.0,157.0,137.0,,,,-41.0,-65.0,-95.0,,,,-12.74,,,,-12.74,-46.15,,,,-46.15,1년치 존재,1,,0.9,-19.66,353509.0,down,54.7,1851.0,894.0,up,bull,,,,,KOSDAQ,1350,273,82993,0.2,자동차부품
83660,CSA 코스믹,446.0,364.0,279.0,,,,-59.0,-38.0,-56.0,,,,-23.35,,,,-23.35,-47.37,,,,-47.37,1년치 존재,1,,3.63,-43.11,5151164.0,up,71.3,545.0,255.0,mixed,bull,,,,,KOSDAQ,435,273,4216280,0.8,화장품
208640,썸에이지,116.0,140.0,60.0,,,,-128.0,-102.0,-79.0,,,,-57.14,,,,-57.14,22.55,,,,22.55,1년치 존재,1,,2.27,-52.11,8397864.0,down,49.6,271.0,168.0,mixed,bull,,,,,KOSDAQ,196,273,4576409,0.5,게임엔터테인먼트
267790,배럴,582.0,644.0,592.0,,,,85.0,91.0,66.0,,,,-8.07,,,,-8.07,-27.47,,,,-27.47,1년치 존재,1,10.1,1.79,9.48,17730.0,up,50.9,4005.0,3325.0,down,bull,,,,,KOSDAQ,3520,271,18520,1.0,"섬유,의류,신발,호화품"
23770,플레이위드,286.0,323.0,347.0,,,,-66.0,-85.0,-47.0,,,,7.43,,,,7.43,44.71,,,,44.71,1년치 존재,1,,1.89,-10.85,19452.0,down,44.1,3205.0,2610.0,mixed,bear,,,,,KOSDAQ,2990,268,8502,0.4,게임엔터테인먼트
37400,우리엔터프라이즈,12880.0,12591.0,10652.0,,,,265.0,162.0,11.0,,,,-15.4,,,,-15.4,-93.21,,,,-93.21,1년치 존재,1,9.02,0.31,-2.19,91290.0,up,61.0,1108.0,917.0,up,bull,,,,,KOSDAQ,1060,278,53448,0.6,디스플레이장비및부품
900100,애머릿지,384.0,190.0,63.0,,,,-98.0,-115.0,-84.0,,,,-66.84,,,,-66.84,26.96,,,,26.96,1년치 존재,1,,1.48,-31.58,6899701.0,up,51.5,669.0,250.0,up,bull,,,,,KOSDAQ,513,271,1038655,0.2,"섬유,의류,신발,호화품"
131180,딜리,257.0,382.0,323.0,,,,-9.0,23.0,8.0,,,,-15.45,,,,-15.45,-65.22,,,,-65.22,1년치 존재,1,53.24,0.6,2.91,49675.0,up,63.4,979.0,887.0,,bull,,,,,KOSDAQ,941,276,0,,컴퓨터와주변기기
900270,헝셩그룹,882.0,1171.0,,,,,6.0,74.0,,,,,,,,,,,,,,,0년치 존재,0,,0.01,-0.62,217050.0,up,37.0,1330.0,975.0,,,,,,,KOSDAQ,1092,266,149842,0.7,레저용장비와제품
115530,씨엔플러스,363.0,475.0,536.0,,,,10.0,-0.0,4.0,,,,12.84,,,,12.84,,,,,,1년치 존재,1,60.71,2.11,-29.8,3186760.0,down,49.9,404.0,254.0,mixed,bear,,,,,KOSDAQ,336,265,973649,0.3,디스플레이장비및부품
331520,밸로프,360.0,356.0,378.0,,,,2.0,-2.0,29.0,,,,6.18,,,,6.18,1550.0,,,,1550.0,1년치 존재,1,54.76,1.74,5.76,190991.0,down,96.1,2615.0,502.0,,bull_cross,,,,,KOSDAQ,2615,266,367935,1.9,게임엔터테인먼트
279600,미디어젠,128.0,120.0,228.0,,,,-53.0,-47.0,-22.0,,,,90.0,,,,90.0,53.19,,,,53.19,1년치 존재,1,,7.73,-16.08,3482.0,down,42.7,8780.0,4930.0,down,bear,,,,,KOSDAQ,5830,273,2117,0.6,IT서비스
353190,휴럼,884.0,982.0,990.0,,,,38.0,10.0,19.0,,,,0.81,,,,0.81,90.0,,,,90.0,1년치 존재,1,2.68,0.23,2.76,,,,,,,,,,,,KOSDAQ,640,252,0,,건강관리업체및서비스
197140,디지캡,246.0,320.0,666.0,,,,-7.0,-16.0,-25.0,,,,108.12,,,,108.12,-56.25,,,,-56.25,1년치 존재,1,,1.09,-0.93,38802.0,down,47.7,2325.0,1857.0,mixed,bear,,,,,KOSDAQ,2035,265,7024,0.2,소프트웨어
67010,이씨에스,1006.0,918.0,733.0,,,,42.0,15.0,-27.0,,,,-20.15,,,,-20.15,-280.0,,,,-280.0,1년치 존재,1,10.25,0.85,2.93,66064.0,up,60.3,2445.0,2100.0,up,bull,,,,,KOSDAQ,2430,265,52945,0.8,IT서비스
7770,한일화학,1219.0,1253.0,1244.0,,,,-94.0,-66.0,-120.0,,,,-0.72,,,,-0.72,-81.82,,,,-81.82,1년치 존재,1,,0.56,-18.62,4980.0,up,53.9,8630.0,7310.0,mixed,bull,,,,,KOSDAQ,7840,275,2567,0.5,화학
193250,링크드,202.0,141.0,105.0,,,,-44.0,-61.0,-72.0,,,,-25.53,,,,-25.53,-18.03,,,,-18.03,1년치 존재,1,,0.71,-4.44,1136810.0,down,48.9,543.0,340.0,,bull,,,,,KOSDAQ,396,265,0,,핸드셋
121890,에스디시스템,213.0,181.0,288.0,,,,10.0,-22.0,11.0,,,,59.12,,,,59.12,150.0,,,,150.0,1년치 존재,1,9.11,2.0,11.22,190806.0,up,67.1,1914.0,1329.0,mixed,bull_cross,,,,,KOSDAQ,1914,254,427059,2.2,운송인프라
70590,인티큐브,417.0,488.0,648.0,,,,-60.0,-30.0,10.0,,,,32.79,,,,32.79,133.33,,,,133.33,1년치 존재,1,,1.4,6.2,36310.0,up,45.7,2115.0,1724.0,mixed,bear,,,,,KOSDAQ,1911,265,26797,0.7,IT서비스
79650,서산,413.0,357.0,451.0,,,,-16.0,-25.0,-33.0,,,,26.33,,,,26.33,-32.0,,,,-32.0,1년치 존재,1,20.57,0.46,-1.41,44134.0,down,34.2,1653.0,1300.0,down,bear,,,,,KOSDAQ,1300,260,37773,0.9,건축자재
54940,엑사이엔씨,1743.0,2031.0,1770.0,,,,34.0,85.0,25.0,,,,-12.85,,,,-12.85,-70.59,,,,-70.59,1년치 존재,1,,0.48,0.92,216176.0,down,59.0,797.0,590.0,up,bear,,,,,KOSDAQ,765,254,200747,0.9,반도체와반도체장비
226340,본느,729.0,687.0,460.0,,,,67.0,17.0,-83.0,,,,-33.04,,,,-33.04,-588.24,,,,-588.24,1년치 존재,1,457.59,1.93,-36.03,3490533.0,up,52.5,807.0,380.0,up,bear,,,,,KOSDAQ,647,271,1103,0.0,화장품
60230,제이케이시냅스,495.0,489.0,619.0,,,,-93.0,-106.0,-82.0,,,,26.58,,,,26.58,22.64,,,,22.64,1년치 존재,1,,0.81,-29.96,2797114.0,up,44.9,663.0,452.0,,,,,,,KOSDAQ,452,248,568,0.0,전자장비와기기
101680,한국정밀기계,437.0,637.0,306.0,,,,-70.0,21.0,-75.0,,,,-51.96,,,,-51.96,-457.14,,,,-457.14,1년치 존재,1,,0.52,-21.36,304070.0,down,49.4,3335.0,2280.0,up,bear,,,,,KOSDAQ,2965,249,76178,0.3,기계
415380,스튜디오삼익,954.0,1079.0,959.0,,,,28.0,40.0,28.0,,,,-11.12,,,,-11.12,-30.0,,,,-30.0,1년치 존재,1,9.82,0.68,7.83,30053.0,up,61.9,2295.0,1834.0,mixed,bull,,,,,KOSDAQ,2170,248,25962,0.9,가구
88290,이원컴포텍,471.0,525.0,566.0,,,,9.0,25.0,16.0,,,,7.81,,,,7.81,-36.0,,,,-36.0,1년치 존재,1,,1.11,-28.79,391097.0,up,74.2,782.0,394.0,mixed,bull,,,,,KOSDAQ,630,251,4585188,11.7,자동차부품
352940,인바이오,340.0,357.0,340.0,,,,-34.0,14.0,9.0,,,,-4.76,,,,-4.76,-35.71,,,,-35.71,1년치 존재,1,,0.94,2.41,26839.0,down,58.4,2410.0,1984.0,up,bear,,,,,KOSDAQ,2305,250,10432,0.4,화학
92600,앤씨앤,617.0,897.0,1026.0,,,,-357.0,-267.0,-175.0,,,,14.38,,,,14.38,34.46,,,,34.46,1년치 존재,1,,1.11,43.8,3571515.0,down,47.4,1499.0,575.0,,bear,,,,,KOSDAQ,987,248,0,,전자제품
65150,대산F&B,1174.0,994.0,1109.0,,,,8.0,-8.0,46.0,,,,11.57,,,,11.57,675.0,,,,675.0,1년치 존재,1,,1.34,45.0,,,,,,,,,,,,KOSDAQ,145,231,0,,식품
154030,아시아종묘,,246.0,35.0,,,,,-11.0,-10.0,,,,-85.77,,,,-85.77,9.09,,,,9.09,1년치 존재,1,,1.27,7.0,48135.0,down,52.5,2250.0,1925.0,mixed,bull,,,,,KOSDAQ,2050,247,63591,1.3,생물공학
225590,패션플랫폼,1060.0,1046.0,1063.0,,,,81.0,17.0,84.0,,,,1.63,,,,1.63,394.12,,,,394.12,1년치 존재,1,5.22,1.0,3.6,77430.0,up,65.2,959.0,848.0,,bull,,,,,KOSDAQ,950,243,0,,"섬유,의류,신발,호화품"
115570,스타플렉스,707.0,802.0,987.0,,,,-34.0,-2.0,66.0,,,,23.07,,,,23.07,3400.0,,,,3400.0,1년치 존재,1,,0.38,5.04,16515.0,down,44.3,3300.0,2695.0,mixed,bear,,,,,KOSDAQ,3035,242,50580,3.1,화학
9730,이렘,768.0,1098.0,920.0,,,,10.0,-47.0,-139.0,,,,-16.21,,,,-16.21,-195.74,,,,-195.74,1년치 존재,1,906.0,2.38,-36.39,2635892.0,down,21.9,676.0,327.0,down,bear,,,,,KOSDAQ,327,235,1331182,0.5,비철금속
389680,유디엠텍,74.0,61.0,32.0,,,,2.0,-20.0,-36.0,,,,-47.54,,,,-47.54,-80.0,,,,-80.0,1년치 존재,1,,2.17,-29.79,,,,,,,,,,,,KOSDAQ,549,228,0,,IT서비스
130740,티피씨글로벌,795.0,804.0,794.0,,,,-28.0,-9.0,-33.0,,,,-1.24,,,,-1.24,-266.67,,,,-266.67,1년치 존재,1,,0.55,-0.73,55482.0,down,48.8,2345.0,1782.0,down,bear,,,,,KOSDAQ,2135,241,59152,1.1,자동차부품
348030,모비릭스,908.0,560.0,397.0,,,,-15.0,-93.0,-89.0,,,,-29.11,,,,-29.11,4.3,,,,4.3,1년치 존재,1,,1.07,-21.21,471031.0,down,44.0,3240.0,2310.0,mixed,bear,,,,,KOSDAQ,2480,238,63633,0.1,게임엔터테인먼트
113810,디젠스,858.0,895.0,804.0,,,,37.0,55.0,10.0,,,,-10.17,,,,-10.17,-81.82,,,,-81.82,1년치 존재,1,12.95,2.17,3.22,620824.0,down,45.1,877.0,696.0,down,bear,,,,,KOSDAQ,719,235,155640,0.3,자동차부품
43360,디지아이,167.0,204.0,213.0,,,,-27.0,-27.0,-8.0,,,,4.41,,,,4.41,70.37,,,,70.37,1년치 존재,1,,0.62,-1.55,29077.0,down,54.4,2715.0,2355.0,up,bear,,,,,KOSDAQ,2640,238,20333,0.7,컴퓨터와주변기기
2680,한탑,948.0,849.0,824.0,,,,9.0,37.0,29.0,,,,-2.94,,,,-2.94,-21.62,,,,-21.62,1년치 존재,1,,0.74,4.46,305731.0,down,43.8,865.0,635.0,mixed,bear,,,,,KOSDAQ,715,231,261770,0.9,식품
238200,비피도,186.0,124.0,197.0,,,,-3.0,-45.0,14.0,,,,58.87,,,,58.87,131.11,,,,131.11,1년치 존재,1,41.53,0.87,-0.42,20249.0,down,45.0,3025.0,2760.0,down,bear,,,,,KOSDAQ,2840,232,8750,0.4,건강관리업체및서비스
84440,유비온,318.0,333.0,337.0,,,,4.0,-20.0,14.0,,,,1.2,,,,1.2,170.0,,,,170.0,1년치 존재,1,,3.61,-0.17,196770.0,up,67.3,1174.0,924.0,up,bull,,,,,KOSDAQ,1174,231,51063,0.3,교육서비스
365900,브이씨,372.0,441.0,469.0,,,,-116.0,-47.0,-15.0,,,,6.35,,,,6.35,68.09,,,,68.09,1년치 존재,1,,0.81,-8.41,15663.0,down,49.4,3440.0,2730.0,mixed,bear,,,,,KOSDAQ,3125,228,6278,0.4,레저용장비와제품
308100,형지글로벌,484.0,398.0,377.0,,,,-10.0,-94.0,-81.0,,,,-5.28,,,,-5.28,13.83,,,,13.83,1년치 존재,1,,0.56,-69.39,1193258.0,down,43.1,1292.0,901.0,down,bear,,,,,KOSDAQ,960,231,174472,0.1,"섬유,의류,신발,호화품"
32280,삼일,997.0,1051.0,1000.0,,,,17.0,25.0,21.0,,,,-4.85,,,,-4.85,-16.0,,,,-16.0,1년치 존재,1,11.15,0.48,1.5,45848.0,down,43.1,1480.0,1328.0,up,bear_cross,,,,,KOSDAQ,1398,227,89408,2.0,항공화물운송과물류
83470,이엠앤아이,263.0,297.0,184.0,,,,-13.0,3.0,-19.0,,,,-38.05,,,,-38.05,-733.33,,,,-733.33,1년치 존재,1,,2.57,-35.23,610397.0,up,46.4,1434.0,680.0,mixed,bear,,,,,KOSDAQ,1080,230,89796,0.1,디스플레이장비및부품
17250,인터엠,510.0,603.0,601.0,,,,108.0,44.0,40.0,,,,-0.33,,,,-0.33,-9.09,,,,-9.09,1년치 존재,1,3.83,0.78,5.13,53127.0,down,47.1,1115.0,980.0,mixed,bear,,,,,KOSDAQ,1066,224,57354,1.1,전자장비와기기
78860,스테이지원엔터,216.0,241.0,122.0,,,,-63.0,-65.0,-80.0,,,,-49.38,,,,-49.38,-23.08,,,,-23.08,1년치 존재,1,,0.02,-25.84,969903.0,down,92.8,4065.0,358.0,,bull,,,,,KOSDAQ,4065,241,257795,0.3,방송과엔터테인먼트
53060,세동,1699.0,1711.0,1894.0,,,,126.0,107.0,91.0,,,,10.7,,,,10.7,-14.95,,,,-14.95,1년치 존재,1,3.37,0.89,15.6,73643.0,down,51.7,1379.0,1158.0,mixed,bull,,,,,KOSDAQ,1252,221,55393,0.8,자동차부품
28080,휴맥스홀딩스,6536.0,5427.0,4007.0,,,,179.0,60.0,-287.0,,,,-26.17,,,,-26.17,-578.33,,,,-578.33,1년치 존재,1,,0.67,-66.7,28982.0,up,97.4,9770.0,1412.0,,bull,,,,,KOSDAQ,9770,224,163531,5.6,전자제품
48830,엔피케이,630.0,646.0,838.0,,,,19.0,-6.0,10.0,,,,29.72,,,,29.72,266.67,,,,266.67,1년치 존재,1,20.52,0.79,2.48,171339.0,down,66.0,1190.0,822.0,up,bear,,,,,KOSDAQ,1179,221,137345,0.8,화학
50760,에스폴리텍,732.0,802.0,668.0,,,,-26.0,6.0,-48.0,,,,-16.71,,,,-16.71,-900.0,,,,-900.0,1년치 존재,1,,0.57,-14.46,352509.0,down,49.7,1634.0,1112.0,mixed,bear,,,,,KOSDAQ,1348,220,134841,0.4,화학
54410,케이피티유,349.0,333.0,399.0,,,,8.0,8.0,14.0,,,,19.82,,,,19.82,75.0,,,,75.0,1년치 존재,1,9.28,0.61,4.11,24773.0,up,63.8,3955.0,3140.0,up,bull,,,,,KOSDAQ,3875,222,16097,0.6,비철금속
98660,에스티오,740.0,702.0,715.0,,,,36.0,5.0,-14.0,,,,1.85,,,,1.85,-380.0,,,,-380.0,1년치 존재,1,13.67,0.89,-19.19,19717.0,down,59.0,1770.0,1287.0,mixed,bear,,,,,KOSDAQ,1757,220,27745,1.4,"섬유,의류,신발,호화품"
80720,한국유니온제약,632.0,513.0,364.0,,,,-52.0,-135.0,-172.0,,,,-29.04,,,,-29.04,-27.41,,,,-27.41,1년치 존재,1,,1.18,419.43,,,,,,,,,,,,KOSDAQ,2725,216,0,,제약
289010,아이스크림에듀,1176.0,1076.0,916.0,,,,-167.0,-19.0,14.0,,,,-14.87,,,,-14.87,173.68,,,,173.68,1년치 존재,1,,1.09,-2.6,62564.0,down,45.9,1651.0,1440.0,up,bear,,,,,KOSDAQ,1575,220,48128,0.8,교육서비스
275630,에스에스알,122.0,116.0,130.0,,,,16.0,-3.0,3.0,,,,12.07,,,,12.07,200.0,,,,200.0,1년치 존재,1,17.19,0.99,-6.46,44904.0,down,61.7,4570.0,2200.0,up,bear,,,,,KOSDAQ,4170,219,23762,0.5,소프트웨어
45520,크린앤사이언스,925.0,846.0,861.0,,,,9.0,-8.0,-10.0,,,,1.77,,,,1.77,-25.0,,,,-25.0,1년치 존재,1,57.1,1.74,-18.46,20687.0,up,51.7,3695.0,3000.0,mixed,bear,,,,,KOSDAQ,3355,218,38846,1.9,전자장비와기기
137940,넥스트아이,177.0,520.0,1201.0,,,,-122.0,-55.0,-356.0,,,,130.96,,,,130.96,-547.27,,,,-547.27,1년치 존재,1,,0.66,-64.92,2801107.0,up,53.9,317.0,179.0,mixed,bear,,,,,KOSDAQ,263,225,2328229,0.8,화장품
230980,비유테크놀러지,137.0,72.0,97.0,,,,-140.0,-65.0,-3.0,,,,34.72,,,,34.72,95.38,,,,95.38,1년치 존재,1,,2.71,-25.44,,,,,,,,,,,,KOSDAQ,229,214,0,,우주항공과국방
192390,윈하이텍,1538.0,1122.0,751.0,,,,184.0,110.0,-39.0,,,,-33.07,,,,-33.07,-135.45,,,,-135.45,1년치 존재,1,6.69,0.64,-8.94,46083.0,down,41.4,2355.0,1890.0,down,bear,,,,,KOSDAQ,1959,216,47845,1.0,건축자재
110020,전진바이오팜,157.0,193.0,137.0,,,,-12.0,12.0,-3.0,,,,-29.02,,,,-29.02,-125.0,,,,-125.0,1년치 존재,1,,9.66,-1.12,63374.0,down,52.8,3020.0,1792.0,up,bear,,,,,KOSDAQ,2380,216,30919,0.5,가정용품
84180,수성웹툰,413.0,547.0,928.0,,,,-41.0,-12.0,52.0,,,,69.65,,,,69.65,533.33,,,,533.33,1년치 존재,1,,0.87,-39.04,480460.0,up,41.0,2435.0,1065.0,mixed,bull,,,,,KOSDAQ,1191,215,201637,0.4,출판
65420,에스아이리소스,70.0,105.0,209.0,,,,-86.0,-37.0,-29.0,,,,99.05,,,,99.05,21.62,,,,21.62,1년치 존재,1,,1.97,-21.65,14680869.0,up,57.0,345.0,171.0,up,bull,,,,,KOSDAQ,300,215,3133,0.0,석유와가스
18620,우진비앤지,579.0,557.0,548.0,,,,7.0,3.0,3.0,,,,-1.62,,,,-1.62,0.0,,,,0.0,1년치 존재,1,,1.06,-6.05,110026.0,up,54.7,856.0,670.0,,bear,,,,,KOSDAQ,746,216,0,,제약
291810,핀텔,128.0,106.0,58.0,,,,-27.0,-15.0,-32.0,,,,-45.28,,,,-45.28,-113.33,,,,-113.33,1년치 존재,1,,2.18,-19.76,44345.0,down,38.1,2505.0,1875.0,down,bear,,,,,KOSDAQ,1875,213,54282,1.2,소프트웨어
247660,나노씨엠에스,46.0,46.0,53.0,,,,-32.0,-89.0,-20.0,,,,15.22,,,,15.22,77.53,,,,77.53,1년치 존재,1,,2.22,-11.78,37705.0,down,51.2,5310.0,3505.0,mixed,bear,,,,,KOSDAQ,4915,214,16896,0.4,화학
134060,이퓨쳐,105.0,110.0,111.0,,,,10.0,7.0,9.0,,,,0.91,,,,0.91,28.57,,,,28.57,1년치 존재,1,18.31,0.97,5.3,7024.0,up,67.4,4535.0,3710.0,up,bull,,,,,KOSDAQ,4455,212,1662,0.2,교육서비스
14100,메디앙스,660.0,490.0,488.0,,,,-13.0,-88.0,-11.0,,,,-0.41,,,,-0.41,87.5,,,,87.5,1년치 존재,1,5.47,0.42,-8.48,23495.0,up,56.3,1795.0,1525.0,up,bull,,,,,KOSDAQ,1768,209,11611,0.5,화장품
65690,파커스,629.0,637.0,535.0,,,,-101.0,-14.0,-127.0,,,,-16.01,,,,-16.01,-807.14,,,,-807.14,1년치 존재,1,,0.38,11.98,53646.0,up,52.3,1596.0,1291.0,up,bull,,,,,KOSDAQ,1466,206,71080,1.3,컴퓨터와주변기기
154040,다산솔루에타,1588.0,354.0,314.0,,,,-1.0,20.0,17.0,,,,-11.3,,,,-11.3,-15.0,,,,-15.0,1년치 존재,1,1.25,0.56,26.55,52853.0,down,53.5,1250.0,1020.0,up,bear_cross,,,,,KOSDAQ,1170,210,31367,0.6,전자제품
58450,한주에이알티,105.0,143.0,63.0,,,,-29.0,-65.0,-60.0,,,,-55.94,,,,-55.94,7.69,,,,7.69,1년치 존재,1,,0.48,-68.84,1046998.0,up,77.9,5030.0,375.0,,bull,,,,,KOSDAQ,4195,210,351886,0.3,방송과엔터테인먼트
215480,토박스코리아,486.0,442.0,397.0,,,,29.0,17.0,0.0,,,,-10.18,,,,-10.18,-100.0,,,,-100.0,1년치 존재,1,15.5,1.05,-3.78,22683.0,up,53.0,2345.0,2000.0,up,bear,,,,,KOSDAQ,2240,206,14098,0.6,"섬유,의류,신발,호화품"
322780,코퍼스코리아,441.0,418.0,329.0,,,,22.0,-294.0,-71.0,,,,-21.29,,,,-21.29,75.85,,,,75.85,1년치 존재,1,22.26,1.26,-47.11,3606436.0,down,47.9,676.0,277.0,,bear,,,,,KOSDAQ,458,206,0,,방송과엔터테인먼트
60480,국일신동,196.0,314.0,363.0,,,,-22.0,-17.0,-2.0,,,,15.61,,,,15.61,88.24,,,,88.24,1년치 존재,1,,0.61,0.23,81285.0,up,61.8,1885.0,1487.0,up,bear,,,,,KOSDAQ,1821,202,40212,0.5,비철금속
177350,베셀,261.0,257.0,166.0,,,,-131.0,-117.0,-26.0,,,,-35.41,,,,-35.41,77.78,,,,77.78,1년치 존재,1,,0.49,56.27,214969.0,down,42.2,1485.0,956.0,down,bear,,,,,KOSDAQ,1039,204,190506,0.9,디스플레이장비및부품
199730,바이오인프라,301.0,238.0,231.0,,,,13.0,-51.0,-63.0,,,,-2.94,,,,-2.94,-23.53,,,,-23.53,1년치 존재,1,28.43,1.71,-41.45,8225.0,down,52.9,4670.0,3260.0,up,bear,,,,,KOSDAQ,4180,203,5383,0.7,생명과학도구및서비스
214610,롤링스톤,54.0,46.0,109.0,,,,-194.0,-192.0,-99.0,,,,136.96,,,,136.96,48.44,,,,48.44,1년치 존재,1,,2.27,-115.23,,,,,,,,,,,,KOSDAQ,2290,192,0,,건강관리장비와용품
18700,바른손,615.0,679.0,642.0,,,,-57.0,-57.0,-30.0,,,,-5.45,,,,-5.45,47.37,,,,47.37,1년치 존재,1,,1.48,-9.35,,,,,,,,,,,,KOSDAQ,561,197,0,,화장품
419540,비스토스,213.0,203.0,171.0,,,,3.0,3.0,-11.0,,,,-15.76,,,,-15.76,-466.67,,,,-466.67,1년치 존재,1,60.85,2.7,-3.73,126862.0,up,52.2,1153.0,807.0,,bull,,,,,KOSDAQ,877,202,0,,건강관리장비와용품
96870,엘디티,89.0,100.0,110.0,,,,-3.0,-8.0,3.0,,,,10.0,,,,10.0,137.5,,,,137.5,1년치 존재,1,,1.31,7.04,34543.0,down,52.6,2545.0,2070.0,up,bear,,,,,KOSDAQ,2405,201,12711,0.4,디스플레이장비및부품
11080,형지I&C,653.0,567.0,508.0,,,,7.0,-50.0,-70.0,,,,-10.41,,,,-10.41,-40.0,,,,-40.0,1년치 존재,1,11.21,0.69,-28.47,,,,,,,,,,,,KOSDAQ,435,187,0,,"섬유,의류,신발,호화품"
51780,큐로홀딩스,798.0,611.0,567.0,,,,7.0,-27.0,-0.0,,,,-7.2,,,,-7.2,100.0,,,,100.0,1년치 존재,1,,1.52,-49.81,,,,,,,,,,,,KOSDAQ,727,188,0,,식품
31860,디에이치엑스컴퍼니,111.0,95.0,145.0,,,,-102.0,-61.0,-78.0,,,,52.63,,,,52.63,-27.87,,,,-27.87,1년치 존재,1,,0.97,-94.22,,,,,,,,,,,,KOSDAQ,693,187,0,,컴퓨터와주변기기
361670,삼영에스앤씨,116.0,124.0,110.0,,,,-35.0,-31.0,-17.0,,,,-11.29,,,,-11.29,45.16,,,,45.16,1년치 존재,1,,1.22,-5.79,14037.0,down,62.4,3505.0,2695.0,up,bull,,,,,KOSDAQ,3440,195,13874,1.0,전자장비와기기
60260,뉴보텍,489.0,434.0,435.0,,,,-1.0,26.0,13.0,,,,0.23,,,,0.23,-50.0,,,,-50.0,1년치 존재,1,,2.46,8.59,194380.0,up,62.3,1539.0,913.0,up,bear,,,,,KOSDAQ,1486,198,52614,0.3,건축제품
32980,바이온,89.0,270.0,206.0,,,,-66.0,-33.0,-18.0,,,,-23.7,,,,-23.7,45.45,,,,45.45,1년치 존재,1,,2.53,-35.74,,,,,,,,,,,,KOSDAQ,604,184,0,,조선
35620,바른손이앤에이,237.0,95.0,116.0,,,,-48.0,-3.0,-23.0,,,,22.11,,,,22.11,-666.67,,,,-666.67,1년치 존재,1,,0.66,-10.88,,,,,,,,,,,,KOSDAQ,243,181,0,,방송과엔터테인먼트
276730,한울앤제주,217.0,183.0,139.0,,,,-104.0,-48.0,-49.0,,,,-24.04,,,,-24.04,-2.08,,,,-2.08,1년치 존재,1,,3.1,-94.85,,,,,,,,,,,,KOSDAQ,767,170,0,,음료
241820,피씨엘,84.0,12.0,,,,,-161.0,-271.0,,,,,,,,,,,,,,,0년치 존재,0,,0.27,-179.27,,,,,,,,,,,,KOSDAQ,6040,168,0,,생명과학도구및서비스
67770,세진티에스,103.0,132.0,119.0,,,,-26.0,7.0,-2.0,,,,-9.85,,,,-9.85,-128.57,,,,-128.57,1년치 존재,1,,0.55,1.51,17809.0,down,51.0,2315.0,1918.0,mixed,bear,,,,,KOSDAQ,2225,187,12539,0.7,디스플레이장비및부품
20400,대동금속,1331.0,995.0,1018.0,,,,13.0,-65.0,1.0,,,,2.31,,,,2.31,101.54,,,,101.54,1년치 존재,1,56.32,1.78,-3.11,314022.0,up,40.8,12190.0,5330.0,down,bear,,,,,KOSDAQ,5690,181,80284,0.3,자동차부품
344860,이노진,101.0,89.0,82.0,,,,12.0,6.0,0.0,,,,-7.87,,,,-7.87,-100.0,,,,-100.0,1년치 존재,1,22.96,2.04,1.88,30380.0,down,45.2,1762.0,1334.0,up,bear,,,,,KOSDAQ,1543,186,33269,1.1,화장품
69330,유아이디,530.0,536.0,497.0,,,,-3.0,2.0,13.0,,,,-7.28,,,,-7.28,550.0,,,,550.0,1년치 존재,1,,1.22,6.78,60694.0,up,71.4,1235.0,857.0,up,bull,,,,,KOSDAQ,1231,175,42516,0.7,디스플레이장비및부품
25870,신라에스지,884.0,856.0,700.0,,,,17.0,11.0,-16.0,,,,-18.22,,,,-18.22,-245.45,,,,-245.45,1년치 존재,1,103.52,1.77,-21.2,7942.0,down,43.8,5420.0,4290.0,down,bull,,,,,KOSDAQ,4440,178,2772,0.3,식품
12340,뉴인텍,791.0,795.0,828.0,,,,-111.0,-59.0,-72.0,,,,4.15,,,,4.15,-22.03,,,,-22.03,1년치 존재,1,,1.67,-62.04,,,,,,,,,,,,KOSDAQ,287,162,0,,전기제품
69920,엑시온그룹,46.0,48.0,240.0,,,,-116.0,-105.0,-59.0,,,,400.0,,,,400.0,43.81,,,,43.81,1년치 존재,1,,1.95,-52.3,,,,,,,,,,,,KOSDAQ,346,161,0,,인터넷과카탈로그소매
106520,노블엠앤비,53.0,39.0,38.0,,,,-113.0,-68.0,-27.0,,,,-2.56,,,,-2.56,60.29,,,,60.29,1년치 존재,1,,0.64,-4.25,,,,,,,,,,,,KOSDAQ,411,159,0,,전자장비와기기
368970,오에스피,352.0,303.0,254.0,,,,20.0,-1.0,-13.0,,,,-16.17,,,,-16.17,-1200.0,,,,-1200.0,1년치 존재,1,,1.7,-9.73,36344.0,up,58.1,1997.0,1540.0,,bear,,,,,KOSDAQ,1925,176,0,,식품
32800,판타지오,385.0,723.0,382.0,,,,-49.0,-15.0,-80.0,,,,-47.16,,,,-47.16,-433.33,,,,-433.33,1년치 존재,1,,0.91,-22.73,,,,,,,,,,,,KOSDAQ,342,157,0,,방송과엔터테인먼트
8290,원풍물산,287.0,227.0,169.0,,,,-21.0,-47.0,-72.0,,,,-25.55,,,,-25.55,-53.19,,,,-53.19,1년치 존재,1,,2.53,-43.49,197636.0,up,63.2,437.0,307.0,,bull,,,,,KOSDAQ,418,170,0,,"섬유,의류,신발,호화품"
43590,웰킵스하이텍,202.0,298.0,214.0,,,,3.0,-100.0,-21.0,,,,-28.19,,,,-28.19,79.0,,,,79.0,1년치 존재,1,3.85,0.81,-8.88,108272.0,up,53.2,1329.0,603.0,mixed,bull,,,,,KOSDAQ,695,189,93735,0.9,전기제품
35290,골드앤에스,99.0,96.0,90.0,,,,-14.0,-5.0,-19.0,,,,-6.25,,,,-6.25,-280.0,,,,-280.0,1년치 존재,1,,2.29,-12.05,444765.0,down,51.7,838.0,537.0,up,bear,,,,,KOSDAQ,690,164,92224,0.2,교육서비스
30350,드래곤플라이,166.0,256.0,159.0,,,,-133.0,-96.0,-19.0,,,,-37.89,,,,-37.89,80.21,,,,80.21,1년치 존재,1,,1.75,-94.25,,,,,,,,,,,,KOSDAQ,973,152,0,,게임엔터테인먼트
50090,비케이홀딩스,113.0,127.0,74.0,,,,-7.0,-20.0,-36.0,,,,-41.73,,,,-41.73,-80.0,,,,-80.0,1년치 존재,1,,1.26,-29.35,66365.0,up,53.9,852.0,541.0,up,bear,,,,,KOSDAQ,794,157,32063,0.5,광고
65060,지엔코,1470.0,1212.0,1109.0,,,,79.0,-39.0,-4.0,,,,-8.5,,,,-8.5,89.74,,,,89.74,1년치 존재,1,,1.34,-25.89,,,,,,,,,,,,KOSDAQ,574,137,0,,"섬유,의류,신발,호화품"
9620,삼보산업,4271.0,3410.0,2857.0,,,,-6.0,6.0,79.0,,,,-16.22,,,,-16.22,1216.67,,,,1216.67,1년치 존재,1,,5.31,-215.67,843454.0,down,33.5,1810.0,810.0,down,bull,,,,,KOSDAQ,954,156,183016,0.2,비철금속
73190,듀오백,237.0,231.0,201.0,,,,-39.0,-34.0,-30.0,,,,-12.99,,,,-12.99,11.76,,,,11.76,1년치 존재,1,,1.81,-19.36,24241.0,down,51.2,1574.0,1100.0,up,bear_cross,,,,,KOSDAQ,1300,156,18295,0.8,가구
227100,프로브잇,1823.0,669.0,,,,,-67.0,-345.0,,,,,,,,,,,,,,,0년치 존재,0,,1.04,-353.09,,,,,,,,,,,,KOSDAQ,612,148,0,,건설
250930,예선테크,441.0,436.0,379.0,,,,-88.0,-32.0,-8.0,,,,-13.07,,,,-13.07,75.0,,,,75.0,1년치 존재,1,,1.1,-4.77,1119977.0,down,47.4,578.0,308.0,mixed,bear,,,,,KOSDAQ,467,154,182752,0.2,디스플레이장비및부품
900120,씨엑스아이,716.0,694.0,576.0,,,,71.0,189.0,97.0,,,,-17.0,,,,-17.0,-48.68,,,,-48.68,1년치 존재,1,3.43,0.07,1.86,448646.0,up,52.6,551.0,352.0,mixed,bull,,,,,KOSDAQ,411,154,186286,0.4,제약
225430,케이엠제약,178.0,145.0,160.0,,,,-11.0,-26.0,-29.0,,,,10.34,,,,10.34,-11.54,,,,-11.54,1년치 존재,1,,0.77,-13.04,,,,,,,,,,,,KOSDAQ,517,144,0,,가정용품
79950,인베니아,227.0,218.0,184.0,,,,-141.0,-109.0,-86.0,,,,-15.6,,,,-15.6,21.1,,,,21.1,1년치 존재,1,,0.61,-62.59,375611.0,down,43.3,2935.0,950.0,mixed,bull,,,,,KOSDAQ,1110,153,324768,0.9,디스플레이장비및부품
188260,세니젠,202.0,154.0,154.0,,,,-65.0,-59.0,-44.0,,,,0.0,,,,0.0,25.42,,,,25.42,1년치 존재,1,,2.05,-108.63,145992.0,up,56.1,2250.0,1484.0,up,bear,,,,,KOSDAQ,2070,150,60525,0.4,건강관리장비와용품
352770,셀레스트라,114.0,85.0,20.0,,,,-346.0,-287.0,-78.0,,,,-76.47,,,,-76.47,72.82,,,,72.82,1년치 존재,1,,2.26,4129.85,,,,,,,,,,,,KOSDAQ,5250,136,0,,생물공학
54180,메디콕스,269.0,306.0,282.0,,,,-107.0,-100.0,-57.0,,,,-7.84,,,,-7.84,43.0,,,,43.0,1년치 존재,1,,0.91,-23.9,,,,,,,,,,,,KOSDAQ,2295,127,0,,조선
244460,올리패스,57.0,8.0,8.0,,,,-135.0,-101.0,-74.0,,,,0.0,,,,0.0,26.73,,,,26.73,1년치 존재,1,,13.01,-226.92,,,,,,,,,,,,KOSDAQ,1651,134,0,,제약
26910,광진실업,537.0,585.0,569.0,,,,-70.0,-73.0,-43.0,,,,-2.74,,,,-2.74,41.1,,,,41.1,1년치 존재,1,,1.14,-21.69,396157.0,down,51.5,2620.0,1442.0,mixed,bear,,,,,KOSDAQ,2130,136,181990,0.5,철강
79190,케스피온,626.0,326.0,441.0,,,,13.0,-54.0,-27.0,,,,35.28,,,,35.28,50.0,,,,50.0,1년치 존재,1,6.16,0.77,-29.44,,,,,,,,,,,,KOSDAQ,330,127,0,,핸드셋
106080,케이이엠텍,50.0,176.0,76.0,,,,-37.0,-43.0,-92.0,,,,-56.82,,,,-56.82,-113.95,,,,-113.95,1년치 존재,1,,10.88,-38.81,,,,,,,,,,,,KOSDAQ,1650,95,0,,핸드셋
60240,스타코링크,104.0,137.0,248.0,,,,-61.0,-55.0,-54.0,,,,81.02,,,,81.02,1.82,,,,1.82,1년치 존재,1,,2.03,-401.48,,,,,,,,,,,,KOSDAQ,1976,115,0,,조선
43100,알파AI,269.0,207.0,168.0,,,,-141.0,-74.0,-57.0,,,,-18.84,,,,-18.84,22.97,,,,22.97,1년치 존재,1,,1.35,-19.95,,,,,,,,,,,,KOSDAQ,520,105,0,,건강관리장비와용품
65570,삼영이엔씨,333.0,361.0,333.0,,,,-61.0,-59.0,-2.0,,,,-7.76,,,,-7.76,96.61,,,,96.61,1년치 존재,1,,1.08,4.87,,,,,,,,,,,,KOSDAQ,764,123,0,,조선
79970,투비소프트,321.0,281.0,268.0,,,,-2.0,-20.0,7.0,,,,-4.63,,,,-4.63,135.0,,,,135.0,1년치 존재,1,,1.28,4.85,,,,,,,,,,,,KOSDAQ,596,76,0,,소프트웨어
44180,KD,1794.0,1576.0,278.0,,,,44.0,29.0,-43.0,,,,-82.36,,,,-82.36,-248.28,,,,-248.28,1년치 존재,1,,0.58,-95.55,,,,,,,,,,,,KOSDAQ,205,55,0,,건설
32685,소프트센우,611.0,599.0,548.0,,,,-14.0,-14.0,-2.0,,,,-8.51,,,,-8.51,85.71,,,,85.71,1년치 존재,1,,1.16,-4.15,587.0,up,60.2,7720.0,5120.0,mixed,bull,,,,,KOSDAQ,6270,22,1708,2.9,IT서비스
121850,코이즈,164.0,207.0,127.0,,,,-41.0,-32.0,-81.0,,,,-38.65,,,,-38.65,-153.12,,,,-153.12,1년치 존재,1,,3.87,-163.92,694795.0,down,46.7,6360.0,1959.0,mixed,bear,,,,,KOSDAQ,2635,133,66179,0.1,디스플레이장비및부품
101390,아이엠,1212.0,1261.0,918.0,,,,-3.0,-29.0,-86.0,,,,-27.2,,,,-27.2,-196.55,,,,-196.55,1년치 존재,1,,2.3,-101.1,,,,,,,,,,,,KOSDAQ,396,67,0,,핸드셋
276040,스코넥,62.0,44.0,68.0,,,,-59.0,-75.0,-122.0,,,,54.55,,,,54.55,-62.67,,,,-62.67,1년치 존재,1,,4.72,-142.95,,,,,,,,,,,,KOSDAQ,327,71,0,,소프트웨어
139050,BF랩스,286.0,172.0,149.0,,,,-24.0,-98.0,-23.0,,,,-13.37,,,,-13.37,76.53,,,,76.53,1년치 존재,1,,1.19,-13.37,2138394.0,,,397.0,373.0,,,,,,,KOSDAQ,373,32,31796,0.0,IT서비스
43090,더테크놀로지,149.0,103.0,126.0,,,,-104.0,-70.0,-32.0,,,,22.33,,,,22.33,54.29,,,,54.29,1년치 존재,1,,0.32,-61.39,,,,,,,,,,,,KOSDAQ,380,16,0,,통신장비
313760,캐리,84.0,82.0,75.0,,,,-40.0,-40.0,-49.0,,,,-8.54,,,,-8.54,-22.5,,,,-22.5,1년치 존재,1,,2.97,-40.65,,,,,,,,,,,,KOSDAQ,468,52,0,,전기제품
52770,아이톡시,216.0,172.0,57.0,,,,-44.0,-118.0,-49.0,,,,-66.86,,,,-66.86,58.47,,,,58.47,1년치 존재,1,,3.86,-144.96,,,,,,,,,,,,KOSDAQ,312,45,0,,게임엔터테인먼트
21045,대호특수강우,3006.0,2964.0,2774.0,,,,17.0,27.0,24.0,,,,-6.41,,,,-6.41,-11.11,,,,-11.11,1년치 존재,1,,0.69,-4.08,12134.0,down,52.6,3455.0,2580.0,mixed,bull,,,,,KOSDAQ,2800,24,17499,1.4,철강
217620,선샤인푸드,523.0,352.0,,,,,-60.0,-67.0,,,,,,,,,,,,,,,0년치 존재,0,,5.38,119.54,4038911.0,,,145.0,61.0,,,,,,,KOSDAQ,61,4,74570,0.0,"호텔,레스토랑,레저"
